{'epoch': 1000, 'lr': 9e-05, 'wd': 6e-07, 'sim_threshold': 0.5, 'loss_p_weight': 0.998, 'loss_d_weight': 0.95, 'loss_weight': 0.0002, 'a1': 1e-09, 'a2': 1e-09, 'dropout': 0.2, 'graph_dropout': 0.1, 'fr_dim': [4096, [1512, 1024], [5603, 2048]], 'fd_dim': [2048, [1512, 1024], [5603, 2048]]}
Epoch: 9 loss: 0.000498, pauc: 0.930652, paupr: 0.067723, paupr_m: 0.133479, dauc: 0.851494, daupr: 0.370713, daupr_m: 0.410945
Epoch: 19 loss: 0.000334, pauc: 0.924335, paupr: 0.099376, paupr_m: 0.185441, dauc: 0.890578, daupr: 0.417173, daupr_m: 0.454441
Epoch: 29 loss: 0.000232, pauc: 0.926221, paupr: 0.154442, paupr_m: 0.273408, dauc: 0.903367, daupr: 0.389629, daupr_m: 0.415827
Epoch: 39 loss: 0.000168, pauc: 0.925349, paupr: 0.228221, paupr_m: 0.307883, dauc: 0.906495, daupr: 0.360947, daupr_m: 0.381021
Epoch: 49 loss: 0.000125, pauc: 0.924077, paupr: 0.298727, paupr_m: 0.350891, dauc: 0.910362, daupr: 0.388035, daupr_m: 0.422245
Epoch: 59 loss: 0.000096, pauc: 0.932162, paupr: 0.343010, paupr_m: 0.362987, dauc: 0.912600, daupr: 0.402526, daupr_m: 0.446611
Epoch: 69 loss: 0.000077, pauc: 0.931550, paupr: 0.383459, paupr_m: 0.396435, dauc: 0.913112, daupr: 0.401216, daupr_m: 0.437807
Epoch: 79 loss: 0.000064, pauc: 0.936779, paupr: 0.363412, paupr_m: 0.402848, dauc: 0.914583, daupr: 0.398629, daupr_m: 0.433995
Epoch: 89 loss: 0.000055, pauc: 0.932649, paupr: 0.407270, paupr_m: 0.445580, dauc: 0.914211, daupr: 0.398188, daupr_m: 0.439321
Epoch: 99 loss: 0.000048, pauc: 0.940588, paupr: 0.415067, paupr_m: 0.461050, dauc: 0.915138, daupr: 0.405978, daupr_m: 0.439584
Epoch: 109 loss: 0.000043, pauc: 0.928819, paupr: 0.411951, paupr_m: 0.468265, dauc: 0.915686, daupr: 0.407543, daupr_m: 0.440917
Epoch: 119 loss: 0.000039, pauc: 0.931165, paupr: 0.424562, paupr_m: 0.523125, dauc: 0.916046, daupr: 0.414041, daupr_m: 0.444570
Epoch: 129 loss: 0.000037, pauc: 0.928889, paupr: 0.427625, paupr_m: 0.530298, dauc: 0.915739, daupr: 0.402209, daupr_m: 0.447595
Epoch: 139 loss: 0.000034, pauc: 0.931396, paupr: 0.437917, paupr_m: 0.562539, dauc: 0.916814, daupr: 0.413437, daupr_m: 0.443159
Epoch: 149 loss: 0.000032, pauc: 0.934481, paupr: 0.455783, paupr_m: 0.588346, dauc: 0.916714, daupr: 0.411726, daupr_m: 0.452022
Epoch: 159 loss: 0.000030, pauc: 0.935240, paupr: 0.439259, paupr_m: 0.593814, dauc: 0.917027, daupr: 0.411472, daupr_m: 0.449180
Epoch: 169 loss: 0.000030, pauc: 0.928772, paupr: 0.442993, paupr_m: 0.567403, dauc: 0.917048, daupr: 0.415619, daupr_m: 0.451563
Epoch: 179 loss: 0.000029, pauc: 0.929147, paupr: 0.448783, paupr_m: 0.571439, dauc: 0.917369, daupr: 0.412440, daupr_m: 0.456601
Epoch: 189 loss: 0.000027, pauc: 0.933644, paupr: 0.438103, paupr_m: 0.573336, dauc: 0.917762, daupr: 0.416117, daupr_m: 0.452903
Epoch: 199 loss: 0.000027, pauc: 0.932542, paupr: 0.444300, paupr_m: 0.561050, dauc: 0.917796, daupr: 0.416157, daupr_m: 0.456687
Epoch: 209 loss: 0.000027, pauc: 0.925475, paupr: 0.446703, paupr_m: 0.588242, dauc: 0.918087, daupr: 0.414042, daupr_m: 0.473590
Epoch: 219 loss: 0.000027, pauc: 0.944567, paupr: 0.444843, paupr_m: 0.566882, dauc: 0.917769, daupr: 0.415589, daupr_m: 0.464865
Epoch: 229 loss: 0.000026, pauc: 0.934630, paupr: 0.458693, paupr_m: 0.616771, dauc: 0.918345, daupr: 0.421278, daupr_m: 0.463873
Epoch: 239 loss: 0.000025, pauc: 0.929432, paupr: 0.453017, paupr_m: 0.587906, dauc: 0.918686, daupr: 0.420430, daupr_m: 0.466398
Epoch: 249 loss: 0.000024, pauc: 0.933972, paupr: 0.466605, paupr_m: 0.581639, dauc: 0.918552, daupr: 0.416347, daupr_m: 0.464382
Epoch: 259 loss: 0.000024, pauc: 0.931447, paupr: 0.463341, paupr_m: 0.585844, dauc: 0.919257, daupr: 0.425983, daupr_m: 0.464964
Epoch: 269 loss: 0.000024, pauc: 0.928004, paupr: 0.458623, paupr_m: 0.586032, dauc: 0.918434, daupr: 0.418154, daupr_m: 0.465182
Epoch: 279 loss: 0.000024, pauc: 0.935523, paupr: 0.454418, paupr_m: 0.574530, dauc: 0.918332, daupr: 0.417302, daupr_m: 0.468781
Epoch: 289 loss: 0.000023, pauc: 0.931766, paupr: 0.466249, paupr_m: 0.580643, dauc: 0.919267, daupr: 0.426512, daupr_m: 0.476981
Epoch: 299 loss: 0.000023, pauc: 0.928041, paupr: 0.462015, paupr_m: 0.585754, dauc: 0.919431, daupr: 0.428301, daupr_m: 0.473927
Epoch: 309 loss: 0.000023, pauc: 0.926661, paupr: 0.470378, paupr_m: 0.582380, dauc: 0.919218, daupr: 0.426015, daupr_m: 0.469960
Epoch: 319 loss: 0.000022, pauc: 0.942108, paupr: 0.477003, paupr_m: 0.584469, dauc: 0.919241, daupr: 0.423690, daupr_m: 0.475875
Epoch: 329 loss: 0.000022, pauc: 0.939476, paupr: 0.452510, paupr_m: 0.587187, dauc: 0.919642, daupr: 0.430737, daupr_m: 0.475051
Epoch: 339 loss: 0.000022, pauc: 0.941629, paupr: 0.477000, paupr_m: 0.579737, dauc: 0.921150, daupr: 0.450832, daupr_m: 0.478546
Epoch: 349 loss: 0.000022, pauc: 0.925594, paupr: 0.471647, paupr_m: 0.600709, dauc: 0.919758, daupr: 0.431012, daupr_m: 0.481061
Epoch: 359 loss: 0.000022, pauc: 0.944682, paupr: 0.469989, paupr_m: 0.574520, dauc: 0.919677, daupr: 0.430031, daupr_m: 0.475372
Epoch: 369 loss: 0.000022, pauc: 0.943847, paupr: 0.476881, paupr_m: 0.576660, dauc: 0.919999, daupr: 0.432066, daupr_m: 0.482810
Epoch: 379 loss: 0.000022, pauc: 0.938739, paupr: 0.483450, paupr_m: 0.572747, dauc: 0.919695, daupr: 0.427533, daupr_m: 0.478925
Epoch: 389 loss: 0.000021, pauc: 0.943557, paupr: 0.469712, paupr_m: 0.587422, dauc: 0.919849, daupr: 0.430092, daupr_m: 0.484938
Epoch: 399 loss: 0.000022, pauc: 0.931468, paupr: 0.484362, paupr_m: 0.591414, dauc: 0.919209, daupr: 0.419732, daupr_m: 0.480292
Epoch: 409 loss: 0.000021, pauc: 0.927548, paupr: 0.471561, paupr_m: 0.572951, dauc: 0.919319, daupr: 0.423520, daupr_m: 0.479286
Epoch: 419 loss: 0.000020, pauc: 0.935556, paupr: 0.487649, paupr_m: 0.587403, dauc: 0.919285, daupr: 0.421140, daupr_m: 0.494676
Epoch: 429 loss: 0.000021, pauc: 0.927940, paupr: 0.490850, paupr_m: 0.578966, dauc: 0.919820, daupr: 0.435090, daupr_m: 0.489462
Epoch: 439 loss: 0.000021, pauc: 0.950365, paupr: 0.473501, paupr_m: 0.601541, dauc: 0.920205, daupr: 0.425277, daupr_m: 0.486987
Epoch: 449 loss: 0.000020, pauc: 0.933756, paupr: 0.492459, paupr_m: 0.597038, dauc: 0.920268, daupr: 0.431963, daupr_m: 0.487513
Epoch: 459 loss: 0.000020, pauc: 0.929175, paupr: 0.484717, paupr_m: 0.594953, dauc: 0.920426, daupr: 0.430271, daupr_m: 0.483897
Epoch: 469 loss: 0.000020, pauc: 0.940627, paupr: 0.479996, paupr_m: 0.598240, dauc: 0.920531, daupr: 0.444801, daupr_m: 0.488819
Epoch: 479 loss: 0.000020, pauc: 0.931782, paupr: 0.470661, paupr_m: 0.571326, dauc: 0.920272, daupr: 0.435703, daupr_m: 0.486751
Epoch: 489 loss: 0.000020, pauc: 0.930755, paupr: 0.479394, paupr_m: 0.582868, dauc: 0.920256, daupr: 0.434989, daupr_m: 0.485691
Epoch: 499 loss: 0.000020, pauc: 0.916809, paupr: 0.481840, paupr_m: 0.587639, dauc: 0.920020, daupr: 0.428799, daupr_m: 0.505616
Epoch: 509 loss: 0.000020, pauc: 0.928184, paupr: 0.468024, paupr_m: 0.579814, dauc: 0.919629, daupr: 0.427421, daupr_m: 0.490315
Epoch: 519 loss: 0.000020, pauc: 0.927497, paupr: 0.477533, paupr_m: 0.575274, dauc: 0.920381, daupr: 0.441235, daupr_m: 0.492766
Epoch: 529 loss: 0.000019, pauc: 0.935154, paupr: 0.458696, paupr_m: 0.598737, dauc: 0.920688, daupr: 0.437353, daupr_m: 0.490178
Epoch: 539 loss: 0.000020, pauc: 0.938058, paupr: 0.469980, paupr_m: 0.583705, dauc: 0.920108, daupr: 0.427727, daupr_m: 0.495609
Epoch: 549 loss: 0.000020, pauc: 0.937786, paupr: 0.486306, paupr_m: 0.576904, dauc: 0.921654, daupr: 0.452834, daupr_m: 0.495189
Epoch: 559 loss: 0.000019, pauc: 0.941632, paupr: 0.473661, paupr_m: 0.610869, dauc: 0.920449, daupr: 0.435230, daupr_m: 0.495671
Epoch: 569 loss: 0.000020, pauc: 0.923566, paupr: 0.478408, paupr_m: 0.578917, dauc: 0.920795, daupr: 0.440868, daupr_m: 0.492561
Epoch: 579 loss: 0.000019, pauc: 0.941728, paupr: 0.477989, paupr_m: 0.576736, dauc: 0.921043, daupr: 0.445714, daupr_m: 0.492249
Epoch: 589 loss: 0.000020, pauc: 0.935148, paupr: 0.489633, paupr_m: 0.583520, dauc: 0.920912, daupr: 0.442959, daupr_m: 0.504933
Epoch: 599 loss: 0.000020, pauc: 0.923873, paupr: 0.489701, paupr_m: 0.583889, dauc: 0.920289, daupr: 0.439270, daupr_m: 0.494150
Epoch: 609 loss: 0.000019, pauc: 0.936905, paupr: 0.480312, paupr_m: 0.587945, dauc: 0.920632, daupr: 0.437702, daupr_m: 0.494856
Epoch: 619 loss: 0.000019, pauc: 0.930009, paupr: 0.465031, paupr_m: 0.603126, dauc: 0.921162, daupr: 0.447755, daupr_m: 0.493444
Epoch: 629 loss: 0.000019, pauc: 0.928133, paupr: 0.485016, paupr_m: 0.583875, dauc: 0.921000, daupr: 0.448036, daupr_m: 0.498905
Epoch: 639 loss: 0.000019, pauc: 0.932657, paupr: 0.487912, paupr_m: 0.605369, dauc: 0.920754, daupr: 0.441903, daupr_m: 0.493709
Epoch: 649 loss: 0.000019, pauc: 0.922707, paupr: 0.489771, paupr_m: 0.581847, dauc: 0.921045, daupr: 0.448489, daupr_m: 0.498767
Epoch: 659 loss: 0.000022, pauc: 0.929839, paupr: 0.482116, paupr_m: 0.583353, dauc: 0.920401, daupr: 0.435462, daupr_m: 0.498382
Epoch: 669 loss: 0.000018, pauc: 0.930872, paupr: 0.478799, paupr_m: 0.586389, dauc: 0.919984, daupr: 0.432196, daupr_m: 0.507293
Epoch: 679 loss: 0.000019, pauc: 0.942603, paupr: 0.478888, paupr_m: 0.597876, dauc: 0.920140, daupr: 0.432824, daupr_m: 0.499142
Epoch: 689 loss: 0.000019, pauc: 0.930967, paupr: 0.501657, paupr_m: 0.590910, dauc: 0.920490, daupr: 0.442480, daupr_m: 0.498223
Epoch: 699 loss: 0.000020, pauc: 0.924248, paupr: 0.480353, paupr_m: 0.590237, dauc: 0.920353, daupr: 0.436400, daupr_m: 0.498379
Epoch: 709 loss: 0.000019, pauc: 0.931893, paupr: 0.495007, paupr_m: 0.603378, dauc: 0.921339, daupr: 0.455531, daupr_m: 0.499508
Epoch: 719 loss: 0.000020, pauc: 0.927465, paupr: 0.477329, paupr_m: 0.575103, dauc: 0.920667, daupr: 0.444534, daupr_m: 0.508557
Epoch: 729 loss: 0.000019, pauc: 0.938154, paupr: 0.478980, paupr_m: 0.583508, dauc: 0.920422, daupr: 0.442302, daupr_m: 0.501965
Epoch: 739 loss: 0.000019, pauc: 0.933303, paupr: 0.475426, paupr_m: 0.573236, dauc: 0.920137, daupr: 0.428969, daupr_m: 0.499723
Epoch: 749 loss: 0.000018, pauc: 0.929328, paupr: 0.495477, paupr_m: 0.572869, dauc: 0.920132, daupr: 0.431263, daupr_m: 0.501529
Epoch: 759 loss: 0.000018, pauc: 0.926420, paupr: 0.483146, paupr_m: 0.584518, dauc: 0.920380, daupr: 0.432431, daupr_m: 0.502599
Epoch: 769 loss: 0.000018, pauc: 0.942872, paupr: 0.480427, paupr_m: 0.581048, dauc: 0.921050, daupr: 0.445204, daupr_m: 0.499193
Epoch: 779 loss: 0.000020, pauc: 0.921094, paupr: 0.504996, paupr_m: 0.601332, dauc: 0.921938, daupr: 0.468563, daupr_m: 0.499743
Epoch: 789 loss: 0.000018, pauc: 0.930781, paupr: 0.472929, paupr_m: 0.586778, dauc: 0.920576, daupr: 0.441840, daupr_m: 0.498465
Epoch: 799 loss: 0.000019, pauc: 0.934618, paupr: 0.477036, paupr_m: 0.596497, dauc: 0.920582, daupr: 0.437285, daupr_m: 0.501743
Epoch: 809 loss: 0.000018, pauc: 0.917345, paupr: 0.483911, paupr_m: 0.587565, dauc: 0.920906, daupr: 0.439991, daupr_m: 0.500931
Epoch: 819 loss: 0.000018, pauc: 0.929944, paupr: 0.481824, paupr_m: 0.579345, dauc: 0.921497, daupr: 0.456447, daupr_m: 0.503722
Epoch: 829 loss: 0.000019, pauc: 0.941590, paupr: 0.493272, paupr_m: 0.598809, dauc: 0.920968, daupr: 0.446587, daupr_m: 0.500195
Epoch: 839 loss: 0.000018, pauc: 0.928013, paupr: 0.488681, paupr_m: 0.598288, dauc: 0.921067, daupr: 0.440686, daupr_m: 0.498936
Epoch: 849 loss: 0.000020, pauc: 0.933879, paupr: 0.476933, paupr_m: 0.578406, dauc: 0.920395, daupr: 0.433905, daupr_m: 0.502983
Epoch: 859 loss: 0.000019, pauc: 0.931232, paupr: 0.483280, paupr_m: 0.584057, dauc: 0.920941, daupr: 0.446812, daupr_m: 0.500530
Epoch: 869 loss: 0.000019, pauc: 0.935354, paupr: 0.490259, paupr_m: 0.581887, dauc: 0.921333, daupr: 0.449537, daupr_m: 0.501715
Epoch: 879 loss: 0.000020, pauc: 0.913005, paupr: 0.452456, paupr_m: 0.562322, dauc: 0.921274, daupr: 0.453072, daupr_m: 0.500348
Epoch: 889 loss: 0.000018, pauc: 0.932592, paupr: 0.498147, paupr_m: 0.609286, dauc: 0.920304, daupr: 0.428121, daupr_m: 0.497819
Epoch: 899 loss: 0.000018, pauc: 0.928397, paupr: 0.479745, paupr_m: 0.606808, dauc: 0.921277, daupr: 0.456646, daupr_m: 0.506106
Epoch: 909 loss: 0.000018, pauc: 0.937756, paupr: 0.470560, paupr_m: 0.568654, dauc: 0.919509, daupr: 0.419342, daupr_m: 0.500873
Epoch: 919 loss: 0.000018, pauc: 0.941917, paupr: 0.486408, paupr_m: 0.570825, dauc: 0.920431, daupr: 0.438391, daupr_m: 0.500842
Epoch: 929 loss: 0.000018, pauc: 0.928253, paupr: 0.476292, paupr_m: 0.596412, dauc: 0.921121, daupr: 0.449593, daupr_m: 0.501814
Epoch: 939 loss: 0.000018, pauc: 0.927134, paupr: 0.473293, paupr_m: 0.580261, dauc: 0.919748, daupr: 0.425189, daupr_m: 0.502191
Epoch: 949 loss: 0.000019, pauc: 0.919666, paupr: 0.477791, paupr_m: 0.575170, dauc: 0.920168, daupr: 0.432950, daupr_m: 0.501808
Epoch: 959 loss: 0.000018, pauc: 0.935430, paupr: 0.496114, paupr_m: 0.597052, dauc: 0.919841, daupr: 0.428130, daupr_m: 0.501973
Epoch: 969 loss: 0.000020, pauc: 0.933924, paupr: 0.483074, paupr_m: 0.599545, dauc: 0.920615, daupr: 0.446929, daupr_m: 0.501752
Epoch: 979 loss: 0.000018, pauc: 0.932926, paupr: 0.488329, paupr_m: 0.570502, dauc: 0.921146, daupr: 0.444477, daupr_m: 0.501805
Epoch: 989 loss: 0.000018, pauc: 0.933183, paupr: 0.495846, paupr_m: 0.589958, dauc: 0.920545, daupr: 0.439968, daupr_m: 0.503015
Epoch: 999 loss: 0.000018, pauc: 0.915206, paupr: 0.498877, paupr_m: 0.604994, dauc: 0.920726, daupr: 0.440483, daupr_m: 0.501934
Epoch: 9 loss: 0.000509, pauc: 0.915919, paupr: 0.037493, paupr_m: 0.114433, dauc: 0.818284, daupr: 0.276932, daupr_m: 0.328249
Epoch: 19 loss: 0.000340, pauc: 0.929366, paupr: 0.066234, paupr_m: 0.153932, dauc: 0.849939, daupr: 0.307404, daupr_m: 0.365315
Epoch: 29 loss: 0.000238, pauc: 0.930179, paupr: 0.137273, paupr_m: 0.283784, dauc: 0.858862, daupr: 0.274891, daupr_m: 0.317496
Epoch: 39 loss: 0.000171, pauc: 0.924702, paupr: 0.148761, paupr_m: 0.266197, dauc: 0.861467, daupr: 0.256083, daupr_m: 0.286070
Epoch: 49 loss: 0.000127, pauc: 0.916883, paupr: 0.198618, paupr_m: 0.258567, dauc: 0.866773, daupr: 0.289053, daupr_m: 0.333436
Epoch: 59 loss: 0.000098, pauc: 0.934660, paupr: 0.264745, paupr_m: 0.343852, dauc: 0.867909, daupr: 0.294948, daupr_m: 0.349891
Epoch: 69 loss: 0.000079, pauc: 0.932796, paupr: 0.266070, paupr_m: 0.353802, dauc: 0.870392, daupr: 0.298490, daupr_m: 0.344202
Epoch: 79 loss: 0.000066, pauc: 0.928701, paupr: 0.335061, paupr_m: 0.394182, dauc: 0.869634, daupr: 0.290397, daupr_m: 0.335605
Epoch: 89 loss: 0.000057, pauc: 0.925888, paupr: 0.340900, paupr_m: 0.411834, dauc: 0.869932, daupr: 0.293748, daupr_m: 0.339914
Epoch: 99 loss: 0.000050, pauc: 0.922049, paupr: 0.354727, paupr_m: 0.434463, dauc: 0.871282, daupr: 0.298337, daupr_m: 0.344460
Epoch: 109 loss: 0.000045, pauc: 0.939294, paupr: 0.358884, paupr_m: 0.439680, dauc: 0.870836, daupr: 0.293699, daupr_m: 0.346493
Epoch: 119 loss: 0.000041, pauc: 0.910908, paupr: 0.386034, paupr_m: 0.456791, dauc: 0.871156, daupr: 0.301691, daupr_m: 0.352711
Epoch: 129 loss: 0.000038, pauc: 0.929859, paupr: 0.392714, paupr_m: 0.441948, dauc: 0.873428, daupr: 0.306087, daupr_m: 0.352554
Epoch: 139 loss: 0.000035, pauc: 0.915029, paupr: 0.387775, paupr_m: 0.455288, dauc: 0.872296, daupr: 0.298952, daupr_m: 0.352477
Epoch: 149 loss: 0.000034, pauc: 0.904277, paupr: 0.386227, paupr_m: 0.468637, dauc: 0.872624, daupr: 0.295243, daupr_m: 0.351875
Epoch: 159 loss: 0.000033, pauc: 0.928015, paupr: 0.405803, paupr_m: 0.460853, dauc: 0.872054, daupr: 0.298794, daupr_m: 0.351220
Epoch: 169 loss: 0.000031, pauc: 0.933865, paupr: 0.400650, paupr_m: 0.473960, dauc: 0.873564, daupr: 0.306576, daupr_m: 0.361464
Epoch: 179 loss: 0.000031, pauc: 0.930086, paupr: 0.400497, paupr_m: 0.479193, dauc: 0.873360, daupr: 0.300445, daupr_m: 0.358924
Epoch: 189 loss: 0.000029, pauc: 0.933276, paupr: 0.409331, paupr_m: 0.476136, dauc: 0.872526, daupr: 0.305702, daupr_m: 0.360664
Epoch: 199 loss: 0.000028, pauc: 0.940513, paupr: 0.395798, paupr_m: 0.484252, dauc: 0.873189, daupr: 0.303027, daupr_m: 0.360914
Epoch: 209 loss: 0.000028, pauc: 0.923249, paupr: 0.417993, paupr_m: 0.501865, dauc: 0.874779, daupr: 0.309987, daupr_m: 0.364676
Epoch: 219 loss: 0.000027, pauc: 0.939839, paupr: 0.411981, paupr_m: 0.494809, dauc: 0.874695, daupr: 0.308095, daupr_m: 0.368543
Epoch: 229 loss: 0.000026, pauc: 0.929775, paupr: 0.405722, paupr_m: 0.493537, dauc: 0.874355, daupr: 0.303690, daupr_m: 0.369576
Epoch: 239 loss: 0.000026, pauc: 0.925732, paupr: 0.420569, paupr_m: 0.504915, dauc: 0.875412, daupr: 0.311514, daupr_m: 0.367361
Epoch: 249 loss: 0.000025, pauc: 0.928658, paupr: 0.424146, paupr_m: 0.489987, dauc: 0.874173, daupr: 0.308324, daupr_m: 0.371079
Epoch: 259 loss: 0.000025, pauc: 0.935461, paupr: 0.418031, paupr_m: 0.500872, dauc: 0.876590, daupr: 0.316907, daupr_m: 0.376058
Epoch: 269 loss: 0.000024, pauc: 0.924121, paupr: 0.414192, paupr_m: 0.496571, dauc: 0.875838, daupr: 0.309648, daupr_m: 0.375039
Epoch: 279 loss: 0.000025, pauc: 0.942226, paupr: 0.416581, paupr_m: 0.494057, dauc: 0.875868, daupr: 0.313048, daupr_m: 0.374195
Epoch: 289 loss: 0.000024, pauc: 0.932548, paupr: 0.420847, paupr_m: 0.505656, dauc: 0.875317, daupr: 0.313163, daupr_m: 0.374788
Epoch: 299 loss: 0.000024, pauc: 0.924643, paupr: 0.422626, paupr_m: 0.506734, dauc: 0.875719, daupr: 0.314916, daupr_m: 0.382969
Epoch: 309 loss: 0.000023, pauc: 0.919619, paupr: 0.424150, paupr_m: 0.507781, dauc: 0.877280, daupr: 0.330425, daupr_m: 0.382943
Epoch: 319 loss: 0.000023, pauc: 0.931198, paupr: 0.422360, paupr_m: 0.508917, dauc: 0.875793, daupr: 0.314851, daupr_m: 0.381437
Epoch: 329 loss: 0.000023, pauc: 0.924369, paupr: 0.427936, paupr_m: 0.512890, dauc: 0.874859, daupr: 0.315041, daupr_m: 0.380478
Epoch: 339 loss: 0.000022, pauc: 0.921041, paupr: 0.422299, paupr_m: 0.510684, dauc: 0.876355, daupr: 0.326279, daupr_m: 0.382730
Epoch: 349 loss: 0.000023, pauc: 0.925350, paupr: 0.426538, paupr_m: 0.504079, dauc: 0.876824, daupr: 0.323821, daupr_m: 0.386162
Epoch: 359 loss: 0.000023, pauc: 0.919037, paupr: 0.429804, paupr_m: 0.519179, dauc: 0.876732, daupr: 0.324514, daupr_m: 0.384220
Epoch: 369 loss: 0.000022, pauc: 0.927825, paupr: 0.446076, paupr_m: 0.522360, dauc: 0.876858, daupr: 0.324698, daupr_m: 0.386637
Epoch: 379 loss: 0.000022, pauc: 0.917403, paupr: 0.428641, paupr_m: 0.511781, dauc: 0.876927, daupr: 0.328467, daupr_m: 0.386885
Epoch: 389 loss: 0.000021, pauc: 0.924793, paupr: 0.433144, paupr_m: 0.510506, dauc: 0.876343, daupr: 0.325645, daupr_m: 0.389869
Epoch: 399 loss: 0.000022, pauc: 0.926095, paupr: 0.432041, paupr_m: 0.519091, dauc: 0.876604, daupr: 0.320609, daupr_m: 0.392347
Epoch: 409 loss: 0.000023, pauc: 0.933829, paupr: 0.442189, paupr_m: 0.526778, dauc: 0.876863, daupr: 0.325213, daupr_m: 0.391277
Epoch: 419 loss: 0.000021, pauc: 0.920140, paupr: 0.432451, paupr_m: 0.525607, dauc: 0.876539, daupr: 0.324012, daupr_m: 0.388471
Epoch: 429 loss: 0.000022, pauc: 0.910444, paupr: 0.420937, paupr_m: 0.491895, dauc: 0.876353, daupr: 0.319913, daupr_m: 0.387801
Epoch: 439 loss: 0.000021, pauc: 0.931330, paupr: 0.432219, paupr_m: 0.511856, dauc: 0.876844, daupr: 0.319474, daupr_m: 0.390929
Epoch: 449 loss: 0.000021, pauc: 0.915773, paupr: 0.427618, paupr_m: 0.506107, dauc: 0.876192, daupr: 0.314583, daupr_m: 0.391271
Epoch: 459 loss: 0.000021, pauc: 0.923490, paupr: 0.430988, paupr_m: 0.515589, dauc: 0.877836, daupr: 0.329267, daupr_m: 0.394396
Epoch: 469 loss: 0.000021, pauc: 0.929291, paupr: 0.424251, paupr_m: 0.499819, dauc: 0.877482, daupr: 0.320307, daupr_m: 0.393467
Epoch: 479 loss: 0.000020, pauc: 0.934703, paupr: 0.434695, paupr_m: 0.505683, dauc: 0.876531, daupr: 0.320859, daupr_m: 0.394419
Epoch: 489 loss: 0.000021, pauc: 0.926801, paupr: 0.424909, paupr_m: 0.506250, dauc: 0.878375, daupr: 0.344028, daupr_m: 0.398186
Epoch: 499 loss: 0.000020, pauc: 0.921735, paupr: 0.428573, paupr_m: 0.503037, dauc: 0.876985, daupr: 0.321777, daupr_m: 0.394614
Epoch: 509 loss: 0.000020, pauc: 0.927941, paupr: 0.434224, paupr_m: 0.519532, dauc: 0.877308, daupr: 0.320948, daupr_m: 0.398279
Epoch: 519 loss: 0.000020, pauc: 0.930387, paupr: 0.438299, paupr_m: 0.519587, dauc: 0.877354, daupr: 0.322474, daupr_m: 0.400777
Epoch: 529 loss: 0.000020, pauc: 0.913352, paupr: 0.414289, paupr_m: 0.494862, dauc: 0.875760, daupr: 0.316136, daupr_m: 0.398015
Epoch: 539 loss: 0.000020, pauc: 0.931739, paupr: 0.433517, paupr_m: 0.512554, dauc: 0.877019, daupr: 0.324428, daupr_m: 0.396471
Epoch: 549 loss: 0.000020, pauc: 0.928390, paupr: 0.424513, paupr_m: 0.496395, dauc: 0.875709, daupr: 0.318828, daupr_m: 0.399022
Epoch: 559 loss: 0.000020, pauc: 0.928465, paupr: 0.423908, paupr_m: 0.506387, dauc: 0.876656, daupr: 0.318523, daupr_m: 0.402191
Epoch: 569 loss: 0.000021, pauc: 0.921263, paupr: 0.429461, paupr_m: 0.495269, dauc: 0.877428, daupr: 0.320225, daupr_m: 0.399099
Epoch: 579 loss: 0.000020, pauc: 0.923554, paupr: 0.433668, paupr_m: 0.500782, dauc: 0.877070, daupr: 0.322325, daupr_m: 0.400144
Epoch: 589 loss: 0.000020, pauc: 0.930566, paupr: 0.429045, paupr_m: 0.496908, dauc: 0.877484, daupr: 0.320641, daupr_m: 0.403692
Epoch: 599 loss: 0.000020, pauc: 0.929948, paupr: 0.425050, paupr_m: 0.521028, dauc: 0.877750, daupr: 0.333991, daupr_m: 0.399960
Epoch: 609 loss: 0.000021, pauc: 0.926720, paupr: 0.428289, paupr_m: 0.503179, dauc: 0.876859, daupr: 0.317860, daupr_m: 0.403793
Epoch: 619 loss: 0.000020, pauc: 0.937263, paupr: 0.435787, paupr_m: 0.505023, dauc: 0.876141, daupr: 0.318783, daupr_m: 0.402684
Epoch: 629 loss: 0.000019, pauc: 0.935462, paupr: 0.429154, paupr_m: 0.506995, dauc: 0.877061, daupr: 0.327188, daupr_m: 0.401783
Epoch: 639 loss: 0.000020, pauc: 0.903777, paupr: 0.429677, paupr_m: 0.501111, dauc: 0.876931, daupr: 0.326642, daupr_m: 0.404509
Epoch: 649 loss: 0.000021, pauc: 0.931389, paupr: 0.433735, paupr_m: 0.509578, dauc: 0.877526, daupr: 0.326343, daupr_m: 0.404142
Epoch: 659 loss: 0.000019, pauc: 0.920731, paupr: 0.439810, paupr_m: 0.501664, dauc: 0.877646, daupr: 0.331091, daupr_m: 0.403497
Epoch: 669 loss: 0.000021, pauc: 0.935331, paupr: 0.440816, paupr_m: 0.534220, dauc: 0.878308, daupr: 0.339929, daupr_m: 0.403448
Epoch: 679 loss: 0.000019, pauc: 0.931462, paupr: 0.429040, paupr_m: 0.510452, dauc: 0.877647, daupr: 0.326405, daupr_m: 0.405380
Epoch: 689 loss: 0.000020, pauc: 0.922821, paupr: 0.431369, paupr_m: 0.505349, dauc: 0.876984, daupr: 0.320636, daupr_m: 0.404396
Epoch: 699 loss: 0.000019, pauc: 0.903822, paupr: 0.429841, paupr_m: 0.518129, dauc: 0.877656, daupr: 0.338149, daupr_m: 0.407174
Epoch: 709 loss: 0.000020, pauc: 0.918711, paupr: 0.431188, paupr_m: 0.507188, dauc: 0.877714, daupr: 0.330962, daupr_m: 0.404400
Epoch: 719 loss: 0.000020, pauc: 0.924652, paupr: 0.431987, paupr_m: 0.513697, dauc: 0.877257, daupr: 0.336623, daupr_m: 0.403500
Epoch: 729 loss: 0.000020, pauc: 0.923618, paupr: 0.428390, paupr_m: 0.502819, dauc: 0.877288, daupr: 0.331147, daupr_m: 0.406391
Epoch: 739 loss: 0.000019, pauc: 0.929442, paupr: 0.441668, paupr_m: 0.514599, dauc: 0.877213, daupr: 0.339233, daupr_m: 0.405135
Epoch: 749 loss: 0.000020, pauc: 0.892420, paupr: 0.422774, paupr_m: 0.504332, dauc: 0.877368, daupr: 0.323400, daupr_m: 0.406996
Epoch: 759 loss: 0.000020, pauc: 0.935286, paupr: 0.430178, paupr_m: 0.513095, dauc: 0.878182, daupr: 0.331305, daupr_m: 0.406541
Epoch: 769 loss: 0.000020, pauc: 0.938645, paupr: 0.427708, paupr_m: 0.504167, dauc: 0.877972, daupr: 0.341236, daupr_m: 0.406768
Epoch: 779 loss: 0.000020, pauc: 0.913754, paupr: 0.424479, paupr_m: 0.510935, dauc: 0.878401, daupr: 0.332616, daupr_m: 0.406526
Epoch: 789 loss: 0.000020, pauc: 0.917416, paupr: 0.434100, paupr_m: 0.510549, dauc: 0.878354, daupr: 0.343009, daupr_m: 0.406659
Epoch: 799 loss: 0.000019, pauc: 0.925504, paupr: 0.437523, paupr_m: 0.503123, dauc: 0.877899, daupr: 0.337799, daupr_m: 0.406534
Epoch: 809 loss: 0.000019, pauc: 0.914882, paupr: 0.430230, paupr_m: 0.509186, dauc: 0.877325, daupr: 0.328035, daupr_m: 0.407815
Epoch: 819 loss: 0.000019, pauc: 0.933273, paupr: 0.426007, paupr_m: 0.497047, dauc: 0.877748, daupr: 0.330787, daupr_m: 0.407679
Epoch: 829 loss: 0.000019, pauc: 0.935882, paupr: 0.434096, paupr_m: 0.487243, dauc: 0.877789, daupr: 0.328056, daupr_m: 0.407447
Epoch: 839 loss: 0.000020, pauc: 0.932587, paupr: 0.444008, paupr_m: 0.518650, dauc: 0.876392, daupr: 0.321415, daupr_m: 0.406386
Epoch: 849 loss: 0.000019, pauc: 0.912166, paupr: 0.426506, paupr_m: 0.513297, dauc: 0.878245, daupr: 0.339392, daupr_m: 0.406714
Epoch: 859 loss: 0.000019, pauc: 0.926668, paupr: 0.436760, paupr_m: 0.506309, dauc: 0.878546, daupr: 0.331910, daupr_m: 0.406047
Epoch: 869 loss: 0.000019, pauc: 0.932100, paupr: 0.429452, paupr_m: 0.513995, dauc: 0.876614, daupr: 0.322454, daupr_m: 0.409243
Epoch: 879 loss: 0.000019, pauc: 0.934557, paupr: 0.442221, paupr_m: 0.510019, dauc: 0.876499, daupr: 0.319608, daupr_m: 0.408060
Epoch: 889 loss: 0.000020, pauc: 0.940077, paupr: 0.426296, paupr_m: 0.499741, dauc: 0.879198, daupr: 0.343736, daupr_m: 0.407096
Epoch: 899 loss: 0.000019, pauc: 0.925522, paupr: 0.431504, paupr_m: 0.513899, dauc: 0.876495, daupr: 0.314626, daupr_m: 0.406491
Epoch: 909 loss: 0.000018, pauc: 0.935138, paupr: 0.430386, paupr_m: 0.502119, dauc: 0.877251, daupr: 0.329225, daupr_m: 0.407387
Epoch: 919 loss: 0.000019, pauc: 0.927614, paupr: 0.426960, paupr_m: 0.517852, dauc: 0.877599, daupr: 0.329595, daupr_m: 0.407852
Epoch: 929 loss: 0.000019, pauc: 0.923197, paupr: 0.436739, paupr_m: 0.508635, dauc: 0.877456, daupr: 0.329769, daupr_m: 0.408381
Epoch: 939 loss: 0.000021, pauc: 0.923628, paupr: 0.433400, paupr_m: 0.497709, dauc: 0.877914, daupr: 0.326005, daupr_m: 0.406351
Epoch: 949 loss: 0.000019, pauc: 0.924797, paupr: 0.430160, paupr_m: 0.504640, dauc: 0.875833, daupr: 0.312448, daupr_m: 0.408343
Epoch: 959 loss: 0.000019, pauc: 0.927254, paupr: 0.432922, paupr_m: 0.503941, dauc: 0.877278, daupr: 0.341591, daupr_m: 0.408902
Epoch: 969 loss: 0.000018, pauc: 0.919959, paupr: 0.435388, paupr_m: 0.510409, dauc: 0.877005, daupr: 0.326414, daupr_m: 0.407576
Epoch: 979 loss: 0.000018, pauc: 0.935527, paupr: 0.433829, paupr_m: 0.503398, dauc: 0.878809, daupr: 0.336570, daupr_m: 0.407519
Epoch: 989 loss: 0.000018, pauc: 0.917835, paupr: 0.426518, paupr_m: 0.516644, dauc: 0.876640, daupr: 0.325602, daupr_m: 0.407497
Epoch: 999 loss: 0.000018, pauc: 0.908534, paupr: 0.427842, paupr_m: 0.498999, dauc: 0.879317, daupr: 0.348983, daupr_m: 0.407812
Epoch: 9 loss: 0.000506, pauc: 0.897400, paupr: 0.039155, paupr_m: 0.112463, dauc: 0.836610, daupr: 0.290520, daupr_m: 0.340939
Epoch: 19 loss: 0.000335, pauc: 0.893239, paupr: 0.049524, paupr_m: 0.159771, dauc: 0.873519, daupr: 0.318132, daupr_m: 0.369125
Epoch: 29 loss: 0.000231, pauc: 0.894034, paupr: 0.051581, paupr_m: 0.144464, dauc: 0.885722, daupr: 0.295574, daupr_m: 0.332744
Epoch: 39 loss: 0.000166, pauc: 0.887841, paupr: 0.080690, paupr_m: 0.181277, dauc: 0.889117, daupr: 0.274248, daupr_m: 0.304623
Epoch: 49 loss: 0.000124, pauc: 0.886824, paupr: 0.076042, paupr_m: 0.220770, dauc: 0.893886, daupr: 0.307244, daupr_m: 0.350735
Epoch: 59 loss: 0.000096, pauc: 0.880997, paupr: 0.095624, paupr_m: 0.230934, dauc: 0.895359, daupr: 0.314952, daupr_m: 0.360660
Epoch: 69 loss: 0.000078, pauc: 0.890348, paupr: 0.101493, paupr_m: 0.289122, dauc: 0.896979, daupr: 0.313222, daupr_m: 0.354339
Epoch: 79 loss: 0.000064, pauc: 0.876432, paupr: 0.109263, paupr_m: 0.280911, dauc: 0.896734, daupr: 0.308428, daupr_m: 0.351041
Epoch: 89 loss: 0.000054, pauc: 0.871468, paupr: 0.114252, paupr_m: 0.304973, dauc: 0.898215, daupr: 0.313912, daupr_m: 0.357235
Epoch: 99 loss: 0.000049, pauc: 0.878504, paupr: 0.120502, paupr_m: 0.342363, dauc: 0.898188, daupr: 0.310315, daupr_m: 0.362580
Epoch: 109 loss: 0.000043, pauc: 0.865375, paupr: 0.113040, paupr_m: 0.346589, dauc: 0.898851, daupr: 0.315631, daupr_m: 0.361533
Epoch: 119 loss: 0.000040, pauc: 0.850332, paupr: 0.128405, paupr_m: 0.351729, dauc: 0.900099, daupr: 0.323393, daupr_m: 0.362156
Epoch: 129 loss: 0.000037, pauc: 0.856376, paupr: 0.119142, paupr_m: 0.367362, dauc: 0.899369, daupr: 0.311242, daupr_m: 0.364291
Epoch: 139 loss: 0.000034, pauc: 0.862140, paupr: 0.121305, paupr_m: 0.353018, dauc: 0.900252, daupr: 0.323687, daupr_m: 0.365672
Epoch: 149 loss: 0.000032, pauc: 0.862021, paupr: 0.129513, paupr_m: 0.364555, dauc: 0.899584, daupr: 0.315449, daupr_m: 0.369625
Epoch: 159 loss: 0.000031, pauc: 0.849000, paupr: 0.126962, paupr_m: 0.354161, dauc: 0.899573, daupr: 0.307027, daupr_m: 0.366543
Epoch: 169 loss: 0.000030, pauc: 0.855808, paupr: 0.124043, paupr_m: 0.368560, dauc: 0.900581, daupr: 0.321697, daupr_m: 0.376176
Epoch: 179 loss: 0.000028, pauc: 0.865593, paupr: 0.133859, paupr_m: 0.378389, dauc: 0.900646, daupr: 0.317964, daupr_m: 0.371535
Epoch: 189 loss: 0.000028, pauc: 0.857573, paupr: 0.136183, paupr_m: 0.381174, dauc: 0.900816, daupr: 0.324279, daupr_m: 0.375760
Epoch: 199 loss: 0.000027, pauc: 0.858851, paupr: 0.130967, paupr_m: 0.381029, dauc: 0.901142, daupr: 0.322454, daupr_m: 0.373949
Epoch: 209 loss: 0.000026, pauc: 0.861628, paupr: 0.142231, paupr_m: 0.381754, dauc: 0.901123, daupr: 0.320405, daupr_m: 0.372661
Epoch: 219 loss: 0.000026, pauc: 0.846140, paupr: 0.145373, paupr_m: 0.377868, dauc: 0.902308, daupr: 0.325907, daupr_m: 0.371204
Epoch: 229 loss: 0.000025, pauc: 0.862901, paupr: 0.125282, paupr_m: 0.385504, dauc: 0.901800, daupr: 0.324938, daupr_m: 0.383540
Epoch: 239 loss: 0.000025, pauc: 0.830832, paupr: 0.145031, paupr_m: 0.373457, dauc: 0.901648, daupr: 0.322338, daupr_m: 0.380942
Epoch: 249 loss: 0.000024, pauc: 0.858430, paupr: 0.139696, paupr_m: 0.393150, dauc: 0.902232, daupr: 0.328526, daupr_m: 0.391452
Epoch: 259 loss: 0.000024, pauc: 0.856765, paupr: 0.138909, paupr_m: 0.388622, dauc: 0.902470, daupr: 0.328465, daupr_m: 0.379489
Epoch: 269 loss: 0.000024, pauc: 0.866003, paupr: 0.134201, paupr_m: 0.393155, dauc: 0.901498, daupr: 0.316165, daupr_m: 0.381476
Epoch: 279 loss: 0.000023, pauc: 0.853193, paupr: 0.144765, paupr_m: 0.401694, dauc: 0.901900, daupr: 0.322133, daupr_m: 0.383811
Epoch: 289 loss: 0.000024, pauc: 0.848046, paupr: 0.145639, paupr_m: 0.405668, dauc: 0.902104, daupr: 0.329495, daupr_m: 0.385089
Epoch: 299 loss: 0.000023, pauc: 0.851134, paupr: 0.142913, paupr_m: 0.431710, dauc: 0.901530, daupr: 0.328034, daupr_m: 0.399196
Epoch: 309 loss: 0.000023, pauc: 0.852481, paupr: 0.135721, paupr_m: 0.399439, dauc: 0.901910, daupr: 0.325107, daupr_m: 0.397070
Epoch: 319 loss: 0.000023, pauc: 0.849200, paupr: 0.139418, paupr_m: 0.415891, dauc: 0.903235, daupr: 0.338903, daupr_m: 0.390349
Epoch: 329 loss: 0.000022, pauc: 0.865714, paupr: 0.152696, paupr_m: 0.407133, dauc: 0.903293, daupr: 0.333114, daupr_m: 0.398530
Epoch: 339 loss: 0.000022, pauc: 0.863380, paupr: 0.145227, paupr_m: 0.396143, dauc: 0.902907, daupr: 0.335691, daupr_m: 0.391142
Epoch: 349 loss: 0.000022, pauc: 0.848352, paupr: 0.136473, paupr_m: 0.399912, dauc: 0.903640, daupr: 0.342169, daupr_m: 0.392492
Epoch: 359 loss: 0.000022, pauc: 0.861715, paupr: 0.139636, paupr_m: 0.389146, dauc: 0.902673, daupr: 0.326992, daupr_m: 0.393858
Epoch: 369 loss: 0.000022, pauc: 0.835205, paupr: 0.136780, paupr_m: 0.393333, dauc: 0.902854, daupr: 0.330087, daupr_m: 0.390559
Epoch: 379 loss: 0.000021, pauc: 0.853501, paupr: 0.150316, paupr_m: 0.412867, dauc: 0.902620, daupr: 0.325969, daupr_m: 0.406695
Epoch: 389 loss: 0.000021, pauc: 0.846668, paupr: 0.150128, paupr_m: 0.423182, dauc: 0.903685, daupr: 0.334015, daupr_m: 0.402531
Epoch: 399 loss: 0.000022, pauc: 0.865009, paupr: 0.148612, paupr_m: 0.398825, dauc: 0.903059, daupr: 0.328630, daupr_m: 0.401257
Epoch: 409 loss: 0.000021, pauc: 0.846968, paupr: 0.148251, paupr_m: 0.422396, dauc: 0.902770, daupr: 0.336175, daupr_m: 0.407146
Epoch: 419 loss: 0.000021, pauc: 0.845682, paupr: 0.149916, paupr_m: 0.413275, dauc: 0.903124, daupr: 0.333502, daupr_m: 0.395054
Epoch: 429 loss: 0.000021, pauc: 0.846322, paupr: 0.157319, paupr_m: 0.417111, dauc: 0.903535, daupr: 0.336226, daupr_m: 0.398444
Epoch: 439 loss: 0.000021, pauc: 0.846660, paupr: 0.135191, paupr_m: 0.388285, dauc: 0.903786, daupr: 0.343678, daupr_m: 0.400003
Epoch: 449 loss: 0.000023, pauc: 0.883660, paupr: 0.135815, paupr_m: 0.365610, dauc: 0.903589, daupr: 0.343405, daupr_m: 0.399607
Epoch: 459 loss: 0.000021, pauc: 0.867309, paupr: 0.141828, paupr_m: 0.401149, dauc: 0.903320, daupr: 0.341654, daupr_m: 0.408436
Epoch: 469 loss: 0.000020, pauc: 0.874830, paupr: 0.152856, paupr_m: 0.405683, dauc: 0.902892, daupr: 0.332132, daupr_m: 0.401678
Epoch: 479 loss: 0.000020, pauc: 0.879196, paupr: 0.147952, paupr_m: 0.409197, dauc: 0.903184, daupr: 0.334976, daupr_m: 0.401206
Epoch: 489 loss: 0.000020, pauc: 0.858432, paupr: 0.138596, paupr_m: 0.398494, dauc: 0.903787, daupr: 0.342458, daupr_m: 0.404144
Epoch: 499 loss: 0.000019, pauc: 0.851079, paupr: 0.145836, paupr_m: 0.421088, dauc: 0.904308, daupr: 0.343554, daupr_m: 0.404120
Epoch: 509 loss: 0.000020, pauc: 0.872604, paupr: 0.154516, paupr_m: 0.422231, dauc: 0.902410, daupr: 0.316183, daupr_m: 0.402080
Epoch: 519 loss: 0.000021, pauc: 0.876460, paupr: 0.149356, paupr_m: 0.414670, dauc: 0.903835, daupr: 0.355261, daupr_m: 0.404970
Epoch: 529 loss: 0.000020, pauc: 0.853602, paupr: 0.150620, paupr_m: 0.421800, dauc: 0.903305, daupr: 0.331419, daupr_m: 0.405136
Epoch: 539 loss: 0.000019, pauc: 0.856192, paupr: 0.149445, paupr_m: 0.413911, dauc: 0.903935, daupr: 0.347837, daupr_m: 0.402410
Epoch: 549 loss: 0.000019, pauc: 0.859237, paupr: 0.150954, paupr_m: 0.413709, dauc: 0.902937, daupr: 0.325095, daupr_m: 0.406695
Epoch: 559 loss: 0.000019, pauc: 0.850797, paupr: 0.143431, paupr_m: 0.417546, dauc: 0.903591, daupr: 0.339851, daupr_m: 0.404707
Epoch: 569 loss: 0.000019, pauc: 0.857978, paupr: 0.145042, paupr_m: 0.420812, dauc: 0.902281, daupr: 0.320041, daupr_m: 0.407312
Epoch: 579 loss: 0.000019, pauc: 0.868951, paupr: 0.160200, paupr_m: 0.408772, dauc: 0.903441, daupr: 0.341599, daupr_m: 0.407284
Epoch: 589 loss: 0.000019, pauc: 0.883560, paupr: 0.154416, paupr_m: 0.413548, dauc: 0.903237, daupr: 0.334276, daupr_m: 0.406036
Epoch: 599 loss: 0.000020, pauc: 0.866914, paupr: 0.147130, paupr_m: 0.412990, dauc: 0.903347, daupr: 0.339834, daupr_m: 0.413373
Epoch: 609 loss: 0.000020, pauc: 0.872713, paupr: 0.157446, paupr_m: 0.417308, dauc: 0.903703, daupr: 0.347089, daupr_m: 0.411497
Epoch: 619 loss: 0.000020, pauc: 0.865813, paupr: 0.146470, paupr_m: 0.403045, dauc: 0.904326, daupr: 0.355465, daupr_m: 0.409723
Epoch: 629 loss: 0.000019, pauc: 0.884461, paupr: 0.152931, paupr_m: 0.418660, dauc: 0.903180, daupr: 0.344791, daupr_m: 0.414472
Epoch: 639 loss: 0.000019, pauc: 0.878814, paupr: 0.139085, paupr_m: 0.405433, dauc: 0.903251, daupr: 0.337709, daupr_m: 0.415791
Epoch: 649 loss: 0.000019, pauc: 0.870814, paupr: 0.145129, paupr_m: 0.408644, dauc: 0.904004, daupr: 0.347573, daupr_m: 0.409836
Epoch: 659 loss: 0.000019, pauc: 0.888574, paupr: 0.148353, paupr_m: 0.411159, dauc: 0.903956, daupr: 0.348567, daupr_m: 0.407876
Epoch: 669 loss: 0.000021, pauc: 0.860340, paupr: 0.153024, paupr_m: 0.406545, dauc: 0.903701, daupr: 0.335481, daupr_m: 0.409564
Epoch: 679 loss: 0.000019, pauc: 0.847906, paupr: 0.152224, paupr_m: 0.418610, dauc: 0.903006, daupr: 0.336815, daupr_m: 0.413541
Epoch: 689 loss: 0.000019, pauc: 0.855932, paupr: 0.133728, paupr_m: 0.419477, dauc: 0.902562, daupr: 0.325818, daupr_m: 0.413684
Epoch: 699 loss: 0.000019, pauc: 0.847261, paupr: 0.163406, paupr_m: 0.429539, dauc: 0.903260, daupr: 0.335277, daupr_m: 0.412277
Epoch: 709 loss: 0.000020, pauc: 0.863221, paupr: 0.148774, paupr_m: 0.419818, dauc: 0.904226, daupr: 0.359954, daupr_m: 0.409827
Epoch: 719 loss: 0.000018, pauc: 0.854096, paupr: 0.150671, paupr_m: 0.425687, dauc: 0.903744, daupr: 0.351912, daupr_m: 0.409247
Epoch: 729 loss: 0.000019, pauc: 0.851868, paupr: 0.155581, paupr_m: 0.415700, dauc: 0.903409, daupr: 0.339193, daupr_m: 0.411777
Epoch: 739 loss: 0.000019, pauc: 0.867537, paupr: 0.152116, paupr_m: 0.393754, dauc: 0.904278, daupr: 0.361100, daupr_m: 0.412870
Epoch: 749 loss: 0.000019, pauc: 0.850537, paupr: 0.145115, paupr_m: 0.423894, dauc: 0.903681, daupr: 0.341596, daupr_m: 0.410438
Epoch: 759 loss: 0.000019, pauc: 0.862963, paupr: 0.149053, paupr_m: 0.410104, dauc: 0.903188, daupr: 0.332213, daupr_m: 0.417326
Epoch: 769 loss: 0.000020, pauc: 0.864012, paupr: 0.149324, paupr_m: 0.404035, dauc: 0.904039, daupr: 0.359169, daupr_m: 0.414975
Epoch: 779 loss: 0.000018, pauc: 0.861062, paupr: 0.145153, paupr_m: 0.430272, dauc: 0.904303, daupr: 0.348051, daupr_m: 0.412766
Epoch: 789 loss: 0.000019, pauc: 0.857338, paupr: 0.157654, paupr_m: 0.424077, dauc: 0.902949, daupr: 0.343444, daupr_m: 0.413611
Epoch: 799 loss: 0.000019, pauc: 0.857258, paupr: 0.146902, paupr_m: 0.403853, dauc: 0.901439, daupr: 0.316188, daupr_m: 0.416069
Epoch: 809 loss: 0.000019, pauc: 0.884039, paupr: 0.148705, paupr_m: 0.405938, dauc: 0.902826, daupr: 0.332789, daupr_m: 0.420608
Epoch: 819 loss: 0.000018, pauc: 0.865122, paupr: 0.133688, paupr_m: 0.408927, dauc: 0.903210, daupr: 0.338829, daupr_m: 0.411002
Epoch: 829 loss: 0.000019, pauc: 0.868154, paupr: 0.149399, paupr_m: 0.404099, dauc: 0.904044, daupr: 0.361638, daupr_m: 0.416071
Epoch: 839 loss: 0.000018, pauc: 0.869368, paupr: 0.147044, paupr_m: 0.429551, dauc: 0.904051, daupr: 0.354745, daupr_m: 0.419036
Epoch: 849 loss: 0.000019, pauc: 0.869735, paupr: 0.144000, paupr_m: 0.415730, dauc: 0.903529, daupr: 0.345472, daupr_m: 0.418659
Epoch: 859 loss: 0.000019, pauc: 0.863296, paupr: 0.152077, paupr_m: 0.412842, dauc: 0.904190, daupr: 0.359836, daupr_m: 0.412233
Epoch: 869 loss: 0.000019, pauc: 0.874376, paupr: 0.143035, paupr_m: 0.385978, dauc: 0.903580, daupr: 0.341982, daupr_m: 0.414655
Epoch: 879 loss: 0.000018, pauc: 0.865938, paupr: 0.140711, paupr_m: 0.427594, dauc: 0.902938, daupr: 0.341097, daupr_m: 0.412833
Epoch: 889 loss: 0.000019, pauc: 0.886297, paupr: 0.155100, paupr_m: 0.402039, dauc: 0.903179, daupr: 0.333272, daupr_m: 0.415662
Epoch: 899 loss: 0.000018, pauc: 0.867313, paupr: 0.132261, paupr_m: 0.402952, dauc: 0.903049, daupr: 0.339697, daupr_m: 0.412616
Epoch: 909 loss: 0.000018, pauc: 0.869333, paupr: 0.149263, paupr_m: 0.428770, dauc: 0.903596, daupr: 0.351828, daupr_m: 0.412345
Epoch: 919 loss: 0.000019, pauc: 0.859253, paupr: 0.134319, paupr_m: 0.401716, dauc: 0.902267, daupr: 0.324771, daupr_m: 0.412898
Epoch: 929 loss: 0.000019, pauc: 0.872346, paupr: 0.156984, paupr_m: 0.437848, dauc: 0.903678, daupr: 0.343053, daupr_m: 0.413122
Epoch: 939 loss: 0.000018, pauc: 0.870083, paupr: 0.153144, paupr_m: 0.410146, dauc: 0.903513, daupr: 0.348002, daupr_m: 0.412655
Epoch: 949 loss: 0.000018, pauc: 0.870023, paupr: 0.148238, paupr_m: 0.418795, dauc: 0.903236, daupr: 0.337933, daupr_m: 0.413082
Epoch: 959 loss: 0.000018, pauc: 0.859693, paupr: 0.143335, paupr_m: 0.410337, dauc: 0.903317, daupr: 0.336093, daupr_m: 0.411703
Epoch: 969 loss: 0.000018, pauc: 0.857170, paupr: 0.139947, paupr_m: 0.403640, dauc: 0.903520, daupr: 0.347418, daupr_m: 0.413289
Epoch: 979 loss: 0.000018, pauc: 0.855490, paupr: 0.155095, paupr_m: 0.416977, dauc: 0.902921, daupr: 0.339694, daupr_m: 0.418458
Epoch: 989 loss: 0.000018, pauc: 0.876675, paupr: 0.144127, paupr_m: 0.412397, dauc: 0.902825, daupr: 0.334155, daupr_m: 0.414070
Epoch: 999 loss: 0.000018, pauc: 0.850161, paupr: 0.152416, paupr_m: 0.429746, dauc: 0.904006, daupr: 0.352502, daupr_m: 0.413333
Epoch: 9 loss: 0.000493, pauc: 0.885000, paupr: 0.043159, paupr_m: 0.106158, dauc: 0.847920, daupr: 0.291733, daupr_m: 0.329105
Epoch: 19 loss: 0.000330, pauc: 0.911566, paupr: 0.092956, paupr_m: 0.178318, dauc: 0.886550, daupr: 0.322367, daupr_m: 0.355398
Epoch: 29 loss: 0.000229, pauc: 0.903830, paupr: 0.147324, paupr_m: 0.187333, dauc: 0.896198, daupr: 0.274655, daupr_m: 0.301512
Epoch: 39 loss: 0.000165, pauc: 0.904864, paupr: 0.224285, paupr_m: 0.221884, dauc: 0.901005, daupr: 0.261848, daupr_m: 0.275071
Epoch: 49 loss: 0.000124, pauc: 0.897066, paupr: 0.286036, paupr_m: 0.266859, dauc: 0.904899, daupr: 0.288743, daupr_m: 0.325654
Epoch: 59 loss: 0.000096, pauc: 0.908274, paupr: 0.303718, paupr_m: 0.273202, dauc: 0.908437, daupr: 0.315777, daupr_m: 0.340832
Epoch: 69 loss: 0.000079, pauc: 0.900960, paupr: 0.354763, paupr_m: 0.305968, dauc: 0.909387, daupr: 0.310320, daupr_m: 0.327775
Epoch: 79 loss: 0.000066, pauc: 0.902619, paupr: 0.346259, paupr_m: 0.311730, dauc: 0.909128, daupr: 0.298126, daupr_m: 0.325199
Epoch: 89 loss: 0.000055, pauc: 0.911647, paupr: 0.373195, paupr_m: 0.325136, dauc: 0.909521, daupr: 0.297915, daupr_m: 0.330500
Epoch: 99 loss: 0.000049, pauc: 0.906634, paupr: 0.389550, paupr_m: 0.319348, dauc: 0.909834, daupr: 0.305339, daupr_m: 0.335469
Epoch: 109 loss: 0.000043, pauc: 0.914824, paupr: 0.393029, paupr_m: 0.346151, dauc: 0.910861, daupr: 0.302666, daupr_m: 0.334531
Epoch: 119 loss: 0.000040, pauc: 0.904036, paupr: 0.408407, paupr_m: 0.358366, dauc: 0.912355, daupr: 0.316192, daupr_m: 0.334854
Epoch: 129 loss: 0.000037, pauc: 0.881564, paupr: 0.396365, paupr_m: 0.352014, dauc: 0.910150, daupr: 0.296160, daupr_m: 0.341430
Epoch: 139 loss: 0.000035, pauc: 0.906821, paupr: 0.420497, paupr_m: 0.375780, dauc: 0.911283, daupr: 0.308937, daupr_m: 0.340236
Epoch: 149 loss: 0.000032, pauc: 0.889244, paupr: 0.422637, paupr_m: 0.371761, dauc: 0.911778, daupr: 0.311401, daupr_m: 0.342845
Epoch: 159 loss: 0.000031, pauc: 0.916516, paupr: 0.424563, paupr_m: 0.380737, dauc: 0.911788, daupr: 0.311949, daupr_m: 0.342096
Epoch: 169 loss: 0.000030, pauc: 0.890496, paupr: 0.423147, paupr_m: 0.387343, dauc: 0.912291, daupr: 0.311483, daupr_m: 0.342945
Epoch: 179 loss: 0.000030, pauc: 0.886981, paupr: 0.436997, paupr_m: 0.392068, dauc: 0.912800, daupr: 0.315666, daupr_m: 0.343992
Epoch: 189 loss: 0.000029, pauc: 0.903945, paupr: 0.433152, paupr_m: 0.395013, dauc: 0.912944, daupr: 0.320787, daupr_m: 0.349370
Epoch: 199 loss: 0.000028, pauc: 0.902398, paupr: 0.434505, paupr_m: 0.394452, dauc: 0.913530, daupr: 0.320125, daupr_m: 0.350450
Epoch: 209 loss: 0.000027, pauc: 0.893713, paupr: 0.431567, paupr_m: 0.370828, dauc: 0.913699, daupr: 0.323842, daupr_m: 0.351957
Epoch: 219 loss: 0.000026, pauc: 0.897588, paupr: 0.432299, paupr_m: 0.396499, dauc: 0.913397, daupr: 0.319422, daupr_m: 0.352488
Epoch: 229 loss: 0.000025, pauc: 0.909873, paupr: 0.452990, paupr_m: 0.421082, dauc: 0.913214, daupr: 0.315200, daupr_m: 0.354782
Epoch: 239 loss: 0.000025, pauc: 0.894071, paupr: 0.446753, paupr_m: 0.391139, dauc: 0.913425, daupr: 0.321725, daupr_m: 0.353726
Epoch: 249 loss: 0.000025, pauc: 0.892366, paupr: 0.436970, paupr_m: 0.445377, dauc: 0.913977, daupr: 0.318144, daupr_m: 0.352663
Epoch: 259 loss: 0.000024, pauc: 0.900437, paupr: 0.450475, paupr_m: 0.408011, dauc: 0.913904, daupr: 0.318962, daupr_m: 0.359575
Epoch: 269 loss: 0.000024, pauc: 0.893975, paupr: 0.450460, paupr_m: 0.414553, dauc: 0.913215, daupr: 0.307995, daupr_m: 0.362623
Epoch: 279 loss: 0.000023, pauc: 0.908699, paupr: 0.459097, paupr_m: 0.426381, dauc: 0.913617, daupr: 0.315736, daupr_m: 0.365347
Epoch: 289 loss: 0.000024, pauc: 0.908119, paupr: 0.449741, paupr_m: 0.373169, dauc: 0.914079, daupr: 0.319087, daupr_m: 0.356737
Epoch: 299 loss: 0.000024, pauc: 0.894247, paupr: 0.453752, paupr_m: 0.418278, dauc: 0.914370, daupr: 0.326767, daupr_m: 0.363855
Epoch: 309 loss: 0.000023, pauc: 0.894079, paupr: 0.440917, paupr_m: 0.431815, dauc: 0.914622, daupr: 0.324447, daupr_m: 0.368732
Epoch: 319 loss: 0.000024, pauc: 0.893259, paupr: 0.455881, paupr_m: 0.418557, dauc: 0.914975, daupr: 0.326841, daupr_m: 0.374865
Epoch: 329 loss: 0.000022, pauc: 0.896264, paupr: 0.454941, paupr_m: 0.407971, dauc: 0.915035, daupr: 0.331392, daupr_m: 0.368020
Epoch: 339 loss: 0.000022, pauc: 0.889461, paupr: 0.448660, paupr_m: 0.392359, dauc: 0.914729, daupr: 0.333033, daupr_m: 0.365652
Epoch: 349 loss: 0.000022, pauc: 0.892495, paupr: 0.452687, paupr_m: 0.448885, dauc: 0.914968, daupr: 0.329112, daupr_m: 0.371983
Epoch: 359 loss: 0.000022, pauc: 0.901489, paupr: 0.458237, paupr_m: 0.443633, dauc: 0.915446, daupr: 0.333352, daupr_m: 0.372097
Epoch: 369 loss: 0.000022, pauc: 0.886234, paupr: 0.446621, paupr_m: 0.411405, dauc: 0.915260, daupr: 0.333164, daupr_m: 0.377635
Epoch: 379 loss: 0.000022, pauc: 0.911853, paupr: 0.454159, paupr_m: 0.394018, dauc: 0.916405, daupr: 0.347671, daupr_m: 0.368520
Epoch: 389 loss: 0.000021, pauc: 0.911115, paupr: 0.460479, paupr_m: 0.438979, dauc: 0.915755, daupr: 0.339809, daupr_m: 0.376862
Epoch: 399 loss: 0.000021, pauc: 0.882442, paupr: 0.458312, paupr_m: 0.419324, dauc: 0.915610, daupr: 0.338670, daupr_m: 0.377692
Epoch: 409 loss: 0.000022, pauc: 0.883505, paupr: 0.451835, paupr_m: 0.411085, dauc: 0.915747, daupr: 0.337396, daupr_m: 0.381434
Epoch: 419 loss: 0.000021, pauc: 0.896953, paupr: 0.454128, paupr_m: 0.418894, dauc: 0.915096, daupr: 0.331131, daupr_m: 0.381443
Epoch: 429 loss: 0.000021, pauc: 0.908588, paupr: 0.460501, paupr_m: 0.423617, dauc: 0.915823, daupr: 0.343585, daupr_m: 0.380218
Epoch: 439 loss: 0.000021, pauc: 0.900019, paupr: 0.456107, paupr_m: 0.445093, dauc: 0.916075, daupr: 0.343371, daupr_m: 0.384179
Epoch: 449 loss: 0.000021, pauc: 0.882829, paupr: 0.457760, paupr_m: 0.423257, dauc: 0.915302, daupr: 0.327120, daupr_m: 0.379829
Epoch: 459 loss: 0.000021, pauc: 0.911252, paupr: 0.456638, paupr_m: 0.427582, dauc: 0.915638, daupr: 0.332494, daupr_m: 0.382123
Epoch: 469 loss: 0.000021, pauc: 0.885691, paupr: 0.450650, paupr_m: 0.417151, dauc: 0.915628, daupr: 0.342240, daupr_m: 0.384555
Epoch: 479 loss: 0.000020, pauc: 0.905833, paupr: 0.457365, paupr_m: 0.432686, dauc: 0.915635, daupr: 0.337340, daupr_m: 0.387266
Epoch: 489 loss: 0.000020, pauc: 0.899586, paupr: 0.466220, paupr_m: 0.444925, dauc: 0.915413, daupr: 0.335485, daupr_m: 0.387672
Epoch: 499 loss: 0.000020, pauc: 0.895707, paupr: 0.457024, paupr_m: 0.419414, dauc: 0.916034, daupr: 0.346745, daupr_m: 0.382708
Epoch: 509 loss: 0.000022, pauc: 0.903591, paupr: 0.454737, paupr_m: 0.436156, dauc: 0.914702, daupr: 0.327300, daupr_m: 0.387630
Epoch: 519 loss: 0.000020, pauc: 0.896531, paupr: 0.454101, paupr_m: 0.426505, dauc: 0.915510, daupr: 0.335591, daupr_m: 0.390616
Epoch: 529 loss: 0.000019, pauc: 0.906029, paupr: 0.448292, paupr_m: 0.433080, dauc: 0.915417, daupr: 0.337436, daupr_m: 0.388671
Epoch: 539 loss: 0.000020, pauc: 0.903991, paupr: 0.459047, paupr_m: 0.429667, dauc: 0.915716, daupr: 0.338658, daupr_m: 0.386653
Epoch: 549 loss: 0.000021, pauc: 0.898580, paupr: 0.451916, paupr_m: 0.431987, dauc: 0.915490, daupr: 0.337375, daupr_m: 0.385004
Epoch: 559 loss: 0.000020, pauc: 0.902208, paupr: 0.449977, paupr_m: 0.425248, dauc: 0.916187, daupr: 0.348930, daupr_m: 0.388771
Epoch: 569 loss: 0.000021, pauc: 0.910870, paupr: 0.457583, paupr_m: 0.424651, dauc: 0.916464, daupr: 0.346611, daupr_m: 0.393870
Epoch: 579 loss: 0.000020, pauc: 0.894166, paupr: 0.455898, paupr_m: 0.423227, dauc: 0.916349, daupr: 0.352197, daupr_m: 0.391110
Epoch: 589 loss: 0.000020, pauc: 0.913590, paupr: 0.448766, paupr_m: 0.430609, dauc: 0.916962, daupr: 0.362070, daupr_m: 0.396045
Epoch: 599 loss: 0.000019, pauc: 0.898877, paupr: 0.458354, paupr_m: 0.430379, dauc: 0.915559, daupr: 0.330419, daupr_m: 0.395893
Epoch: 609 loss: 0.000020, pauc: 0.894932, paupr: 0.458275, paupr_m: 0.436335, dauc: 0.916016, daupr: 0.347143, daupr_m: 0.391238
Epoch: 619 loss: 0.000020, pauc: 0.886293, paupr: 0.458969, paupr_m: 0.444230, dauc: 0.916804, daupr: 0.358570, daupr_m: 0.392625
Epoch: 629 loss: 0.000020, pauc: 0.892632, paupr: 0.459194, paupr_m: 0.416980, dauc: 0.915474, daupr: 0.328850, daupr_m: 0.398379
Epoch: 639 loss: 0.000019, pauc: 0.889029, paupr: 0.470289, paupr_m: 0.440671, dauc: 0.915911, daupr: 0.339781, daupr_m: 0.399264
Epoch: 649 loss: 0.000019, pauc: 0.901789, paupr: 0.450419, paupr_m: 0.415292, dauc: 0.916162, daupr: 0.346178, daupr_m: 0.391942
Epoch: 659 loss: 0.000019, pauc: 0.897322, paupr: 0.462817, paupr_m: 0.432756, dauc: 0.915829, daupr: 0.346260, daupr_m: 0.396220
Epoch: 669 loss: 0.000019, pauc: 0.905511, paupr: 0.460698, paupr_m: 0.434327, dauc: 0.915846, daupr: 0.343836, daupr_m: 0.396994
Epoch: 679 loss: 0.000019, pauc: 0.887865, paupr: 0.463409, paupr_m: 0.414850, dauc: 0.916026, daupr: 0.347574, daupr_m: 0.399239
Epoch: 689 loss: 0.000019, pauc: 0.899975, paupr: 0.457131, paupr_m: 0.409241, dauc: 0.916526, daupr: 0.349263, daupr_m: 0.397875
Epoch: 699 loss: 0.000019, pauc: 0.880286, paupr: 0.460309, paupr_m: 0.451710, dauc: 0.916046, daupr: 0.343407, daupr_m: 0.395809
Epoch: 709 loss: 0.000020, pauc: 0.904439, paupr: 0.449114, paupr_m: 0.435831, dauc: 0.915624, daupr: 0.344349, daupr_m: 0.397276
Epoch: 719 loss: 0.000018, pauc: 0.898105, paupr: 0.458179, paupr_m: 0.440952, dauc: 0.915831, daupr: 0.342998, daupr_m: 0.396683
Epoch: 729 loss: 0.000019, pauc: 0.895060, paupr: 0.470528, paupr_m: 0.421885, dauc: 0.915848, daupr: 0.341826, daupr_m: 0.397247
Epoch: 739 loss: 0.000019, pauc: 0.901600, paupr: 0.460906, paupr_m: 0.430123, dauc: 0.915717, daupr: 0.344516, daupr_m: 0.396348
Epoch: 749 loss: 0.000019, pauc: 0.901439, paupr: 0.459016, paupr_m: 0.420950, dauc: 0.915628, daupr: 0.347043, daupr_m: 0.398933
Epoch: 759 loss: 0.000019, pauc: 0.900020, paupr: 0.455779, paupr_m: 0.443305, dauc: 0.915877, daupr: 0.345429, daupr_m: 0.403873
Epoch: 769 loss: 0.000019, pauc: 0.887432, paupr: 0.456729, paupr_m: 0.428245, dauc: 0.915543, daupr: 0.340774, daupr_m: 0.399845
Epoch: 779 loss: 0.000019, pauc: 0.888948, paupr: 0.460527, paupr_m: 0.435304, dauc: 0.915067, daupr: 0.327512, daupr_m: 0.400360
Epoch: 789 loss: 0.000019, pauc: 0.899570, paupr: 0.454236, paupr_m: 0.427715, dauc: 0.915508, daupr: 0.338509, daupr_m: 0.405622
Epoch: 799 loss: 0.000019, pauc: 0.900488, paupr: 0.454073, paupr_m: 0.428459, dauc: 0.916707, daupr: 0.356926, daupr_m: 0.396801
Epoch: 809 loss: 0.000019, pauc: 0.908708, paupr: 0.457549, paupr_m: 0.453026, dauc: 0.915364, daupr: 0.335329, daupr_m: 0.403582
Epoch: 819 loss: 0.000019, pauc: 0.894043, paupr: 0.453146, paupr_m: 0.431412, dauc: 0.916090, daupr: 0.352974, daupr_m: 0.407799
Epoch: 829 loss: 0.000021, pauc: 0.888130, paupr: 0.450157, paupr_m: 0.425511, dauc: 0.917427, daupr: 0.376318, daupr_m: 0.402780
Epoch: 839 loss: 0.000019, pauc: 0.884343, paupr: 0.458204, paupr_m: 0.428878, dauc: 0.915989, daupr: 0.349228, daupr_m: 0.401039
Epoch: 849 loss: 0.000018, pauc: 0.896094, paupr: 0.466454, paupr_m: 0.440814, dauc: 0.916150, daupr: 0.352260, daupr_m: 0.403401
Epoch: 859 loss: 0.000020, pauc: 0.895547, paupr: 0.445999, paupr_m: 0.412209, dauc: 0.916076, daupr: 0.351343, daupr_m: 0.398721
Epoch: 869 loss: 0.000018, pauc: 0.891972, paupr: 0.455815, paupr_m: 0.427724, dauc: 0.916069, daupr: 0.348323, daupr_m: 0.402652
Epoch: 879 loss: 0.000018, pauc: 0.910366, paupr: 0.455254, paupr_m: 0.434288, dauc: 0.915983, daupr: 0.346501, daupr_m: 0.402297
Epoch: 889 loss: 0.000018, pauc: 0.881771, paupr: 0.464194, paupr_m: 0.421918, dauc: 0.915885, daupr: 0.345682, daupr_m: 0.401163
Epoch: 899 loss: 0.000020, pauc: 0.893412, paupr: 0.441060, paupr_m: 0.437601, dauc: 0.915495, daupr: 0.341748, daupr_m: 0.401499
Epoch: 909 loss: 0.000020, pauc: 0.899821, paupr: 0.454477, paupr_m: 0.404870, dauc: 0.914976, daupr: 0.326314, daupr_m: 0.404367
Epoch: 919 loss: 0.000019, pauc: 0.906175, paupr: 0.452328, paupr_m: 0.439802, dauc: 0.916965, daupr: 0.357344, daupr_m: 0.405831
Epoch: 929 loss: 0.000019, pauc: 0.906472, paupr: 0.468499, paupr_m: 0.447876, dauc: 0.916395, daupr: 0.355659, daupr_m: 0.403226
Epoch: 939 loss: 0.000018, pauc: 0.902371, paupr: 0.456026, paupr_m: 0.453477, dauc: 0.915754, daupr: 0.341674, daupr_m: 0.402643
Epoch: 949 loss: 0.000018, pauc: 0.894535, paupr: 0.452232, paupr_m: 0.446530, dauc: 0.915445, daupr: 0.338914, daupr_m: 0.402875
Epoch: 959 loss: 0.000018, pauc: 0.895223, paupr: 0.463753, paupr_m: 0.452587, dauc: 0.916278, daupr: 0.352617, daupr_m: 0.403181
Epoch: 969 loss: 0.000018, pauc: 0.907047, paupr: 0.453653, paupr_m: 0.418813, dauc: 0.915547, daupr: 0.334617, daupr_m: 0.403681
Epoch: 979 loss: 0.000019, pauc: 0.901397, paupr: 0.462943, paupr_m: 0.425274, dauc: 0.916652, daupr: 0.358533, daupr_m: 0.403066
Epoch: 989 loss: 0.000018, pauc: 0.890797, paupr: 0.452528, paupr_m: 0.426637, dauc: 0.915823, daupr: 0.344568, daupr_m: 0.403096
Epoch: 999 loss: 0.000018, pauc: 0.904615, paupr: 0.457035, paupr_m: 0.436649, dauc: 0.916615, daupr: 0.361825, daupr_m: 0.403815
Epoch: 9 loss: 0.000501, pauc: 0.845974, paupr: 0.019237, paupr_m: 0.085015, dauc: 0.866812, daupr: 0.313422, daupr_m: 0.351553
Epoch: 19 loss: 0.000335, pauc: 0.839427, paupr: 0.044691, paupr_m: 0.158984, dauc: 0.897628, daupr: 0.335270, daupr_m: 0.379243
Epoch: 29 loss: 0.000237, pauc: 0.829156, paupr: 0.076981, paupr_m: 0.209987, dauc: 0.905222, daupr: 0.293813, daupr_m: 0.318013
Epoch: 39 loss: 0.000174, pauc: 0.841469, paupr: 0.159979, paupr_m: 0.258888, dauc: 0.906017, daupr: 0.269464, daupr_m: 0.292387
Epoch: 49 loss: 0.000131, pauc: 0.828752, paupr: 0.213550, paupr_m: 0.268755, dauc: 0.911131, daupr: 0.314804, daupr_m: 0.342536
Epoch: 59 loss: 0.000103, pauc: 0.837912, paupr: 0.229058, paupr_m: 0.335009, dauc: 0.913883, daupr: 0.326212, daupr_m: 0.366803
Epoch: 69 loss: 0.000083, pauc: 0.836550, paupr: 0.279024, paupr_m: 0.342111, dauc: 0.913974, daupr: 0.319104, daupr_m: 0.350272
Epoch: 79 loss: 0.000068, pauc: 0.851421, paupr: 0.314982, paupr_m: 0.373563, dauc: 0.914413, daupr: 0.310932, daupr_m: 0.343700
Epoch: 89 loss: 0.000059, pauc: 0.836496, paupr: 0.369711, paupr_m: 0.413615, dauc: 0.913755, daupr: 0.309953, daupr_m: 0.352279
Epoch: 99 loss: 0.000053, pauc: 0.821603, paupr: 0.350002, paupr_m: 0.381699, dauc: 0.914615, daupr: 0.315840, daupr_m: 0.353812
Epoch: 109 loss: 0.000046, pauc: 0.835793, paupr: 0.412777, paupr_m: 0.431871, dauc: 0.915482, daupr: 0.315498, daupr_m: 0.351081
Epoch: 119 loss: 0.000043, pauc: 0.859793, paupr: 0.395353, paupr_m: 0.435168, dauc: 0.915821, daupr: 0.320356, daupr_m: 0.358948
Epoch: 129 loss: 0.000039, pauc: 0.854353, paupr: 0.439205, paupr_m: 0.435818, dauc: 0.916845, daupr: 0.330259, daupr_m: 0.360737
Epoch: 139 loss: 0.000037, pauc: 0.857285, paupr: 0.417814, paupr_m: 0.444378, dauc: 0.916957, daupr: 0.328942, daupr_m: 0.366944
Epoch: 149 loss: 0.000036, pauc: 0.850511, paupr: 0.441732, paupr_m: 0.458104, dauc: 0.915989, daupr: 0.319362, daupr_m: 0.362828
Epoch: 159 loss: 0.000033, pauc: 0.835313, paupr: 0.461676, paupr_m: 0.488506, dauc: 0.917225, daupr: 0.333403, daupr_m: 0.367328
Epoch: 169 loss: 0.000032, pauc: 0.855400, paupr: 0.456368, paupr_m: 0.477131, dauc: 0.917227, daupr: 0.329470, daupr_m: 0.367378
Epoch: 179 loss: 0.000030, pauc: 0.847892, paupr: 0.440085, paupr_m: 0.453412, dauc: 0.917616, daupr: 0.329062, daupr_m: 0.365261
Epoch: 189 loss: 0.000030, pauc: 0.838808, paupr: 0.473206, paupr_m: 0.482393, dauc: 0.917980, daupr: 0.337957, daupr_m: 0.390010
Epoch: 199 loss: 0.000028, pauc: 0.859209, paupr: 0.465472, paupr_m: 0.471124, dauc: 0.917846, daupr: 0.333017, daupr_m: 0.374459
Epoch: 209 loss: 0.000028, pauc: 0.860185, paupr: 0.462132, paupr_m: 0.471350, dauc: 0.918604, daupr: 0.334275, daupr_m: 0.373086
Epoch: 219 loss: 0.000027, pauc: 0.834021, paupr: 0.471697, paupr_m: 0.470546, dauc: 0.918555, daupr: 0.332002, daupr_m: 0.374204
Epoch: 229 loss: 0.000026, pauc: 0.844623, paupr: 0.472717, paupr_m: 0.502819, dauc: 0.918281, daupr: 0.336022, daupr_m: 0.377227
Epoch: 239 loss: 0.000026, pauc: 0.874733, paupr: 0.457427, paupr_m: 0.481359, dauc: 0.919041, daupr: 0.335710, daupr_m: 0.379931
Epoch: 249 loss: 0.000025, pauc: 0.841227, paupr: 0.479153, paupr_m: 0.463794, dauc: 0.919740, daupr: 0.345419, daupr_m: 0.382206
Epoch: 259 loss: 0.000025, pauc: 0.828147, paupr: 0.488205, paupr_m: 0.477848, dauc: 0.920474, daupr: 0.349484, daupr_m: 0.381842
Epoch: 269 loss: 0.000024, pauc: 0.838823, paupr: 0.477088, paupr_m: 0.504189, dauc: 0.919100, daupr: 0.346278, daupr_m: 0.385542
Epoch: 279 loss: 0.000026, pauc: 0.828889, paupr: 0.478430, paupr_m: 0.461170, dauc: 0.920517, daupr: 0.357671, daupr_m: 0.390042
Epoch: 289 loss: 0.000024, pauc: 0.855395, paupr: 0.487646, paupr_m: 0.479211, dauc: 0.919443, daupr: 0.336949, daupr_m: 0.387869
Epoch: 299 loss: 0.000024, pauc: 0.857733, paupr: 0.486046, paupr_m: 0.472770, dauc: 0.918557, daupr: 0.333801, daupr_m: 0.393383
Epoch: 309 loss: 0.000024, pauc: 0.825940, paupr: 0.478722, paupr_m: 0.485253, dauc: 0.919300, daupr: 0.340770, daupr_m: 0.389307
Epoch: 319 loss: 0.000023, pauc: 0.825719, paupr: 0.483468, paupr_m: 0.509313, dauc: 0.919746, daupr: 0.342054, daupr_m: 0.392682
Epoch: 329 loss: 0.000024, pauc: 0.844255, paupr: 0.487487, paupr_m: 0.488092, dauc: 0.920118, daupr: 0.349237, daupr_m: 0.395138
Epoch: 339 loss: 0.000022, pauc: 0.853453, paupr: 0.483292, paupr_m: 0.499074, dauc: 0.920364, daupr: 0.354062, daupr_m: 0.394805
Epoch: 349 loss: 0.000023, pauc: 0.849392, paupr: 0.484711, paupr_m: 0.483707, dauc: 0.920272, daupr: 0.353634, daupr_m: 0.396000
Epoch: 359 loss: 0.000023, pauc: 0.847022, paupr: 0.492796, paupr_m: 0.501857, dauc: 0.921354, daupr: 0.361470, daupr_m: 0.401698
Epoch: 369 loss: 0.000023, pauc: 0.843711, paupr: 0.481794, paupr_m: 0.482522, dauc: 0.920011, daupr: 0.348687, daupr_m: 0.399102
Epoch: 379 loss: 0.000022, pauc: 0.843289, paupr: 0.491329, paupr_m: 0.504021, dauc: 0.920246, daupr: 0.353891, daupr_m: 0.399471
Epoch: 389 loss: 0.000022, pauc: 0.843292, paupr: 0.488116, paupr_m: 0.495720, dauc: 0.921031, daupr: 0.362331, daupr_m: 0.409116
Epoch: 399 loss: 0.000022, pauc: 0.849849, paupr: 0.493399, paupr_m: 0.464556, dauc: 0.920434, daupr: 0.351863, daupr_m: 0.408636
Epoch: 409 loss: 0.000022, pauc: 0.827840, paupr: 0.482837, paupr_m: 0.498543, dauc: 0.920621, daupr: 0.352988, daupr_m: 0.401892
Epoch: 419 loss: 0.000022, pauc: 0.863456, paupr: 0.497604, paupr_m: 0.498051, dauc: 0.921840, daupr: 0.372625, daupr_m: 0.409022
Epoch: 429 loss: 0.000022, pauc: 0.846879, paupr: 0.494345, paupr_m: 0.511918, dauc: 0.920741, daupr: 0.355313, daupr_m: 0.411892
Epoch: 439 loss: 0.000022, pauc: 0.852047, paupr: 0.482647, paupr_m: 0.498947, dauc: 0.920825, daupr: 0.362133, daupr_m: 0.417152
Epoch: 449 loss: 0.000021, pauc: 0.848876, paupr: 0.495928, paupr_m: 0.517284, dauc: 0.921261, daupr: 0.364893, daupr_m: 0.413539
Epoch: 459 loss: 0.000021, pauc: 0.844929, paupr: 0.486287, paupr_m: 0.479153, dauc: 0.920844, daupr: 0.350207, daupr_m: 0.403191
Epoch: 469 loss: 0.000022, pauc: 0.848904, paupr: 0.490234, paupr_m: 0.487731, dauc: 0.921374, daupr: 0.362408, daupr_m: 0.403688
Epoch: 479 loss: 0.000022, pauc: 0.856579, paupr: 0.497103, paupr_m: 0.538177, dauc: 0.920851, daupr: 0.364884, daupr_m: 0.417029
Epoch: 489 loss: 0.000021, pauc: 0.844551, paupr: 0.495620, paupr_m: 0.474834, dauc: 0.920684, daupr: 0.352352, daupr_m: 0.420416
Epoch: 499 loss: 0.000021, pauc: 0.838924, paupr: 0.493641, paupr_m: 0.469589, dauc: 0.920336, daupr: 0.350209, daupr_m: 0.417617
Epoch: 509 loss: 0.000021, pauc: 0.838732, paupr: 0.488490, paupr_m: 0.482546, dauc: 0.920709, daupr: 0.355411, daupr_m: 0.414092
Epoch: 519 loss: 0.000021, pauc: 0.849564, paupr: 0.499750, paupr_m: 0.505532, dauc: 0.920731, daupr: 0.355285, daupr_m: 0.416338
Epoch: 529 loss: 0.000021, pauc: 0.853086, paupr: 0.497066, paupr_m: 0.507957, dauc: 0.920844, daupr: 0.354982, daupr_m: 0.415489
Epoch: 539 loss: 0.000021, pauc: 0.847422, paupr: 0.498568, paupr_m: 0.496353, dauc: 0.921363, daupr: 0.363934, daupr_m: 0.417205
Epoch: 549 loss: 0.000020, pauc: 0.853053, paupr: 0.500836, paupr_m: 0.485177, dauc: 0.920321, daupr: 0.346250, daupr_m: 0.418620
Epoch: 559 loss: 0.000020, pauc: 0.843874, paupr: 0.488885, paupr_m: 0.483910, dauc: 0.920399, daupr: 0.355696, daupr_m: 0.420340
Epoch: 569 loss: 0.000021, pauc: 0.843800, paupr: 0.491249, paupr_m: 0.503530, dauc: 0.920287, daupr: 0.354739, daupr_m: 0.418937
Epoch: 579 loss: 0.000020, pauc: 0.844118, paupr: 0.505317, paupr_m: 0.507223, dauc: 0.921715, daupr: 0.371307, daupr_m: 0.420424
Epoch: 589 loss: 0.000020, pauc: 0.843302, paupr: 0.494901, paupr_m: 0.493377, dauc: 0.920665, daupr: 0.352828, daupr_m: 0.427082
Epoch: 599 loss: 0.000021, pauc: 0.839839, paupr: 0.496358, paupr_m: 0.491620, dauc: 0.920911, daupr: 0.360349, daupr_m: 0.427435
Epoch: 609 loss: 0.000020, pauc: 0.870962, paupr: 0.498056, paupr_m: 0.512410, dauc: 0.920456, daupr: 0.349447, daupr_m: 0.424586
Epoch: 619 loss: 0.000020, pauc: 0.845905, paupr: 0.499045, paupr_m: 0.502360, dauc: 0.920409, daupr: 0.350389, daupr_m: 0.420210
Epoch: 629 loss: 0.000020, pauc: 0.848944, paupr: 0.490253, paupr_m: 0.502827, dauc: 0.920928, daupr: 0.360206, daupr_m: 0.421741
Epoch: 639 loss: 0.000020, pauc: 0.838328, paupr: 0.495757, paupr_m: 0.496603, dauc: 0.920974, daupr: 0.364119, daupr_m: 0.432336
Epoch: 649 loss: 0.000019, pauc: 0.848669, paupr: 0.498304, paupr_m: 0.494429, dauc: 0.920768, daupr: 0.358372, daupr_m: 0.426200
Epoch: 659 loss: 0.000020, pauc: 0.833471, paupr: 0.499069, paupr_m: 0.495500, dauc: 0.921811, daupr: 0.374364, daupr_m: 0.425347
Epoch: 669 loss: 0.000020, pauc: 0.849842, paupr: 0.494559, paupr_m: 0.496639, dauc: 0.921263, daupr: 0.367528, daupr_m: 0.436430
Epoch: 679 loss: 0.000020, pauc: 0.865023, paupr: 0.491232, paupr_m: 0.501265, dauc: 0.921093, daupr: 0.370756, daupr_m: 0.425470
Epoch: 689 loss: 0.000020, pauc: 0.823158, paupr: 0.502130, paupr_m: 0.487944, dauc: 0.920355, daupr: 0.347350, daupr_m: 0.423576
Epoch: 699 loss: 0.000019, pauc: 0.856998, paupr: 0.499593, paupr_m: 0.513945, dauc: 0.920744, daupr: 0.353716, daupr_m: 0.427867
Epoch: 709 loss: 0.000019, pauc: 0.843173, paupr: 0.485796, paupr_m: 0.526616, dauc: 0.921149, daupr: 0.367453, daupr_m: 0.435681
Epoch: 719 loss: 0.000020, pauc: 0.841058, paupr: 0.497613, paupr_m: 0.516472, dauc: 0.921294, daupr: 0.358562, daupr_m: 0.426499
Epoch: 729 loss: 0.000019, pauc: 0.848286, paupr: 0.510063, paupr_m: 0.512630, dauc: 0.920698, daupr: 0.355412, daupr_m: 0.428685
Epoch: 739 loss: 0.000019, pauc: 0.866484, paupr: 0.500018, paupr_m: 0.505040, dauc: 0.921953, daupr: 0.387509, daupr_m: 0.426755
Epoch: 749 loss: 0.000019, pauc: 0.826316, paupr: 0.491990, paupr_m: 0.501680, dauc: 0.920747, daupr: 0.362275, daupr_m: 0.430204
Epoch: 759 loss: 0.000020, pauc: 0.846808, paupr: 0.504709, paupr_m: 0.503318, dauc: 0.920715, daupr: 0.367695, daupr_m: 0.438328
Epoch: 769 loss: 0.000021, pauc: 0.839197, paupr: 0.504623, paupr_m: 0.519378, dauc: 0.920727, daupr: 0.351422, daupr_m: 0.439959
Epoch: 779 loss: 0.000019, pauc: 0.857416, paupr: 0.501620, paupr_m: 0.517035, dauc: 0.921599, daupr: 0.368595, daupr_m: 0.433099
Epoch: 789 loss: 0.000019, pauc: 0.828709, paupr: 0.494968, paupr_m: 0.503917, dauc: 0.920302, daupr: 0.354437, daupr_m: 0.438632
Epoch: 799 loss: 0.000020, pauc: 0.825987, paupr: 0.500318, paupr_m: 0.525010, dauc: 0.921291, daupr: 0.373314, daupr_m: 0.427143
Epoch: 809 loss: 0.000019, pauc: 0.854984, paupr: 0.502802, paupr_m: 0.498588, dauc: 0.921605, daupr: 0.374446, daupr_m: 0.427735
Epoch: 819 loss: 0.000019, pauc: 0.848709, paupr: 0.508753, paupr_m: 0.509565, dauc: 0.920188, daupr: 0.355799, daupr_m: 0.437707
Epoch: 829 loss: 0.000019, pauc: 0.849132, paupr: 0.501879, paupr_m: 0.504003, dauc: 0.921111, daupr: 0.365795, daupr_m: 0.426565
Epoch: 839 loss: 0.000019, pauc: 0.846620, paupr: 0.502949, paupr_m: 0.492527, dauc: 0.920317, daupr: 0.350968, daupr_m: 0.438751
Epoch: 849 loss: 0.000020, pauc: 0.853499, paupr: 0.492638, paupr_m: 0.476265, dauc: 0.921543, daupr: 0.374943, daupr_m: 0.438037
Epoch: 859 loss: 0.000022, pauc: 0.850270, paupr: 0.497395, paupr_m: 0.482659, dauc: 0.921156, daupr: 0.368951, daupr_m: 0.438531
Epoch: 869 loss: 0.000020, pauc: 0.848957, paupr: 0.495626, paupr_m: 0.502995, dauc: 0.920581, daupr: 0.360192, daupr_m: 0.437978
Epoch: 879 loss: 0.000019, pauc: 0.852063, paupr: 0.502557, paupr_m: 0.518444, dauc: 0.920868, daupr: 0.365248, daupr_m: 0.439152
Epoch: 889 loss: 0.000019, pauc: 0.834531, paupr: 0.497369, paupr_m: 0.497283, dauc: 0.921302, daupr: 0.356338, daupr_m: 0.438632
Epoch: 899 loss: 0.000019, pauc: 0.842253, paupr: 0.497974, paupr_m: 0.501440, dauc: 0.920699, daupr: 0.367686, daupr_m: 0.440767
Epoch: 909 loss: 0.000019, pauc: 0.843976, paupr: 0.498173, paupr_m: 0.533273, dauc: 0.920881, daupr: 0.348181, daupr_m: 0.440459
Epoch: 919 loss: 0.000019, pauc: 0.833034, paupr: 0.499904, paupr_m: 0.522996, dauc: 0.921022, daupr: 0.369662, daupr_m: 0.433306
Epoch: 929 loss: 0.000019, pauc: 0.848851, paupr: 0.502528, paupr_m: 0.524436, dauc: 0.920707, daupr: 0.358784, daupr_m: 0.440579
Epoch: 939 loss: 0.000019, pauc: 0.849432, paupr: 0.488700, paupr_m: 0.488215, dauc: 0.920894, daupr: 0.362337, daupr_m: 0.438811
Epoch: 949 loss: 0.000019, pauc: 0.829374, paupr: 0.491328, paupr_m: 0.522312, dauc: 0.921298, daupr: 0.369165, daupr_m: 0.433694
Epoch: 959 loss: 0.000019, pauc: 0.854182, paupr: 0.502951, paupr_m: 0.515907, dauc: 0.920768, daupr: 0.362370, daupr_m: 0.439583
Epoch: 969 loss: 0.000019, pauc: 0.860399, paupr: 0.498569, paupr_m: 0.481659, dauc: 0.919548, daupr: 0.343283, daupr_m: 0.440639
Epoch: 979 loss: 0.000019, pauc: 0.835844, paupr: 0.502511, paupr_m: 0.491408, dauc: 0.921027, daupr: 0.359183, daupr_m: 0.439148
Epoch: 989 loss: 0.000018, pauc: 0.852891, paupr: 0.503483, paupr_m: 0.517359, dauc: 0.920489, daupr: 0.360692, daupr_m: 0.439988
Epoch: 999 loss: 0.000019, pauc: 0.841853, paupr: 0.502720, paupr_m: 0.499048, dauc: 0.921156, daupr: 0.362061, daupr_m: 0.440524
Epoch: 9 loss: 0.000488, pauc: 0.802513, paupr: 0.015574, paupr_m: 0.078421, dauc: 0.845197, daupr: 0.347938, daupr_m: 0.413110
Epoch: 19 loss: 0.000335, pauc: 0.819237, paupr: 0.020671, paupr_m: 0.087469, dauc: 0.878680, daupr: 0.378236, daupr_m: 0.451188
Epoch: 29 loss: 0.000234, pauc: 0.824570, paupr: 0.031380, paupr_m: 0.139477, dauc: 0.890933, daupr: 0.356913, daupr_m: 0.409446
Epoch: 39 loss: 0.000171, pauc: 0.821241, paupr: 0.047695, paupr_m: 0.214151, dauc: 0.891936, daupr: 0.323213, daupr_m: 0.369545
Epoch: 49 loss: 0.000127, pauc: 0.831368, paupr: 0.060643, paupr_m: 0.201995, dauc: 0.896217, daupr: 0.357020, daupr_m: 0.419965
Epoch: 59 loss: 0.000101, pauc: 0.806053, paupr: 0.059294, paupr_m: 0.228074, dauc: 0.898968, daupr: 0.372409, daupr_m: 0.440762
Epoch: 69 loss: 0.000081, pauc: 0.798201, paupr: 0.076746, paupr_m: 0.265538, dauc: 0.899743, daupr: 0.368706, daupr_m: 0.430344
Epoch: 79 loss: 0.000068, pauc: 0.831453, paupr: 0.080122, paupr_m: 0.255616, dauc: 0.899886, daupr: 0.362869, daupr_m: 0.432801
Epoch: 89 loss: 0.000058, pauc: 0.826500, paupr: 0.095090, paupr_m: 0.296274, dauc: 0.900586, daupr: 0.368982, daupr_m: 0.432130
Epoch: 99 loss: 0.000050, pauc: 0.826016, paupr: 0.100431, paupr_m: 0.298810, dauc: 0.901365, daupr: 0.368369, daupr_m: 0.432573
Epoch: 109 loss: 0.000045, pauc: 0.829418, paupr: 0.110456, paupr_m: 0.296346, dauc: 0.901596, daupr: 0.367248, daupr_m: 0.433755
Epoch: 119 loss: 0.000041, pauc: 0.824225, paupr: 0.108009, paupr_m: 0.284779, dauc: 0.901832, daupr: 0.373452, daupr_m: 0.442779
Epoch: 129 loss: 0.000037, pauc: 0.830303, paupr: 0.121350, paupr_m: 0.335053, dauc: 0.902749, daupr: 0.379796, daupr_m: 0.442868
Epoch: 139 loss: 0.000035, pauc: 0.804903, paupr: 0.117254, paupr_m: 0.333566, dauc: 0.903157, daupr: 0.378151, daupr_m: 0.445526
Epoch: 149 loss: 0.000034, pauc: 0.815877, paupr: 0.116213, paupr_m: 0.338924, dauc: 0.903350, daupr: 0.373196, daupr_m: 0.444862
Epoch: 159 loss: 0.000033, pauc: 0.812195, paupr: 0.113661, paupr_m: 0.352331, dauc: 0.903350, daupr: 0.378609, daupr_m: 0.454028
Epoch: 169 loss: 0.000031, pauc: 0.824386, paupr: 0.128406, paupr_m: 0.332868, dauc: 0.902979, daupr: 0.375196, daupr_m: 0.445206
Epoch: 179 loss: 0.000030, pauc: 0.833351, paupr: 0.124687, paupr_m: 0.339280, dauc: 0.904157, daupr: 0.383678, daupr_m: 0.449952
Epoch: 189 loss: 0.000029, pauc: 0.803767, paupr: 0.124696, paupr_m: 0.370686, dauc: 0.903628, daupr: 0.377929, daupr_m: 0.450480
Epoch: 199 loss: 0.000028, pauc: 0.807422, paupr: 0.141251, paupr_m: 0.349837, dauc: 0.904478, daupr: 0.386179, daupr_m: 0.450222
Epoch: 209 loss: 0.000027, pauc: 0.817204, paupr: 0.125061, paupr_m: 0.338817, dauc: 0.904462, daupr: 0.382665, daupr_m: 0.456347
Epoch: 219 loss: 0.000026, pauc: 0.845220, paupr: 0.142880, paupr_m: 0.352176, dauc: 0.904703, daupr: 0.385587, daupr_m: 0.456775
Epoch: 229 loss: 0.000027, pauc: 0.839778, paupr: 0.141716, paupr_m: 0.363813, dauc: 0.904656, daupr: 0.382084, daupr_m: 0.462664
Epoch: 239 loss: 0.000026, pauc: 0.814025, paupr: 0.142265, paupr_m: 0.355694, dauc: 0.904882, daupr: 0.380888, daupr_m: 0.460661
Epoch: 249 loss: 0.000025, pauc: 0.814742, paupr: 0.162589, paupr_m: 0.363101, dauc: 0.905031, daupr: 0.387565, daupr_m: 0.458547
Epoch: 259 loss: 0.000025, pauc: 0.810080, paupr: 0.138127, paupr_m: 0.370076, dauc: 0.905890, daupr: 0.387427, daupr_m: 0.460700
Epoch: 269 loss: 0.000026, pauc: 0.798037, paupr: 0.137212, paupr_m: 0.367131, dauc: 0.905799, daupr: 0.394412, daupr_m: 0.463175
Epoch: 279 loss: 0.000024, pauc: 0.805024, paupr: 0.161483, paupr_m: 0.368129, dauc: 0.905091, daupr: 0.388050, daupr_m: 0.469380
Epoch: 289 loss: 0.000024, pauc: 0.827883, paupr: 0.159183, paupr_m: 0.378103, dauc: 0.905305, daupr: 0.393587, daupr_m: 0.469667
Epoch: 299 loss: 0.000023, pauc: 0.830913, paupr: 0.157569, paupr_m: 0.374711, dauc: 0.904879, daupr: 0.387313, daupr_m: 0.470951
Epoch: 309 loss: 0.000023, pauc: 0.817050, paupr: 0.152794, paupr_m: 0.375659, dauc: 0.905640, daupr: 0.385064, daupr_m: 0.467625
Epoch: 319 loss: 0.000023, pauc: 0.814993, paupr: 0.146191, paupr_m: 0.371422, dauc: 0.905726, daupr: 0.398859, daupr_m: 0.473328
Epoch: 329 loss: 0.000023, pauc: 0.826958, paupr: 0.160897, paupr_m: 0.383649, dauc: 0.905345, daupr: 0.390579, daupr_m: 0.471131
Epoch: 339 loss: 0.000022, pauc: 0.806976, paupr: 0.152362, paupr_m: 0.368079, dauc: 0.906076, daupr: 0.394931, daupr_m: 0.472110
Epoch: 349 loss: 0.000023, pauc: 0.818072, paupr: 0.164725, paupr_m: 0.369805, dauc: 0.905583, daupr: 0.388950, daupr_m: 0.477092
Epoch: 359 loss: 0.000023, pauc: 0.813782, paupr: 0.146885, paupr_m: 0.371477, dauc: 0.906192, daupr: 0.400277, daupr_m: 0.473835
Epoch: 369 loss: 0.000022, pauc: 0.817101, paupr: 0.156281, paupr_m: 0.383585, dauc: 0.905477, daupr: 0.390800, daupr_m: 0.475883
Epoch: 379 loss: 0.000023, pauc: 0.818824, paupr: 0.153156, paupr_m: 0.367273, dauc: 0.906575, daupr: 0.395571, daupr_m: 0.482004
Epoch: 389 loss: 0.000022, pauc: 0.814177, paupr: 0.170973, paupr_m: 0.384142, dauc: 0.906371, daupr: 0.395263, daupr_m: 0.474632
Epoch: 399 loss: 0.000022, pauc: 0.816680, paupr: 0.163133, paupr_m: 0.380648, dauc: 0.905967, daupr: 0.398783, daupr_m: 0.485670
Epoch: 409 loss: 0.000022, pauc: 0.807647, paupr: 0.177825, paupr_m: 0.389419, dauc: 0.905852, daupr: 0.391962, daupr_m: 0.479176
Epoch: 419 loss: 0.000021, pauc: 0.809476, paupr: 0.192486, paupr_m: 0.389724, dauc: 0.906027, daupr: 0.392912, daupr_m: 0.482574
Epoch: 429 loss: 0.000021, pauc: 0.809166, paupr: 0.179774, paupr_m: 0.384789, dauc: 0.906448, daupr: 0.399178, daupr_m: 0.481991
Epoch: 439 loss: 0.000022, pauc: 0.819994, paupr: 0.171231, paupr_m: 0.383495, dauc: 0.905535, daupr: 0.394771, daupr_m: 0.481900
Epoch: 449 loss: 0.000021, pauc: 0.827580, paupr: 0.163204, paupr_m: 0.365563, dauc: 0.906629, daupr: 0.403434, daupr_m: 0.492295
Epoch: 459 loss: 0.000021, pauc: 0.805456, paupr: 0.154216, paupr_m: 0.374287, dauc: 0.906828, daupr: 0.408147, daupr_m: 0.482860
Epoch: 469 loss: 0.000021, pauc: 0.820135, paupr: 0.163933, paupr_m: 0.379755, dauc: 0.906800, daupr: 0.411381, daupr_m: 0.485276
Epoch: 479 loss: 0.000021, pauc: 0.798410, paupr: 0.174978, paupr_m: 0.394434, dauc: 0.906097, daupr: 0.395113, daupr_m: 0.488518
Epoch: 489 loss: 0.000021, pauc: 0.802517, paupr: 0.178383, paupr_m: 0.391326, dauc: 0.905643, daupr: 0.398871, daupr_m: 0.487740
Epoch: 499 loss: 0.000021, pauc: 0.818833, paupr: 0.175173, paupr_m: 0.393919, dauc: 0.904720, daupr: 0.388945, daupr_m: 0.488481
Epoch: 509 loss: 0.000022, pauc: 0.805120, paupr: 0.182637, paupr_m: 0.390808, dauc: 0.906449, daupr: 0.402670, daupr_m: 0.489051
Epoch: 519 loss: 0.000020, pauc: 0.825219, paupr: 0.167401, paupr_m: 0.385881, dauc: 0.906506, daupr: 0.412916, daupr_m: 0.490642
Epoch: 529 loss: 0.000020, pauc: 0.820113, paupr: 0.161154, paupr_m: 0.378697, dauc: 0.906776, daupr: 0.417009, daupr_m: 0.492665
Epoch: 539 loss: 0.000020, pauc: 0.806367, paupr: 0.178021, paupr_m: 0.384055, dauc: 0.906112, daupr: 0.407588, daupr_m: 0.494884
Epoch: 549 loss: 0.000021, pauc: 0.815796, paupr: 0.159518, paupr_m: 0.375234, dauc: 0.906601, daupr: 0.410783, daupr_m: 0.493928
Epoch: 559 loss: 0.000020, pauc: 0.834449, paupr: 0.177458, paupr_m: 0.385160, dauc: 0.906891, daupr: 0.411805, daupr_m: 0.493790
Epoch: 569 loss: 0.000020, pauc: 0.795197, paupr: 0.183760, paupr_m: 0.385283, dauc: 0.906054, daupr: 0.408797, daupr_m: 0.493945
Epoch: 579 loss: 0.000020, pauc: 0.826770, paupr: 0.168328, paupr_m: 0.388524, dauc: 0.906348, daupr: 0.409656, daupr_m: 0.494022
Epoch: 589 loss: 0.000020, pauc: 0.831322, paupr: 0.179772, paupr_m: 0.390587, dauc: 0.905263, daupr: 0.384037, daupr_m: 0.492868
Epoch: 599 loss: 0.000021, pauc: 0.803643, paupr: 0.165503, paupr_m: 0.369436, dauc: 0.906174, daupr: 0.405632, daupr_m: 0.496325
Epoch: 609 loss: 0.000020, pauc: 0.823884, paupr: 0.164492, paupr_m: 0.387957, dauc: 0.906607, daupr: 0.408691, daupr_m: 0.496100
Epoch: 619 loss: 0.000021, pauc: 0.821619, paupr: 0.169630, paupr_m: 0.386009, dauc: 0.905412, daupr: 0.390491, daupr_m: 0.493040
Epoch: 629 loss: 0.000020, pauc: 0.825800, paupr: 0.169418, paupr_m: 0.383083, dauc: 0.906058, daupr: 0.400366, daupr_m: 0.496152
Epoch: 639 loss: 0.000020, pauc: 0.819992, paupr: 0.184956, paupr_m: 0.393109, dauc: 0.905124, daupr: 0.396691, daupr_m: 0.496439
Epoch: 649 loss: 0.000020, pauc: 0.820853, paupr: 0.162510, paupr_m: 0.393409, dauc: 0.905354, daupr: 0.400224, daupr_m: 0.496037
Epoch: 659 loss: 0.000019, pauc: 0.823236, paupr: 0.164220, paupr_m: 0.371587, dauc: 0.906565, daupr: 0.404197, daupr_m: 0.500827
Epoch: 669 loss: 0.000019, pauc: 0.813295, paupr: 0.166395, paupr_m: 0.386811, dauc: 0.906600, daupr: 0.414717, daupr_m: 0.495700
Epoch: 679 loss: 0.000019, pauc: 0.832635, paupr: 0.162613, paupr_m: 0.382890, dauc: 0.905059, daupr: 0.398344, daupr_m: 0.495944
Epoch: 689 loss: 0.000020, pauc: 0.810740, paupr: 0.171302, paupr_m: 0.382886, dauc: 0.905563, daupr: 0.400165, daupr_m: 0.496498
Epoch: 699 loss: 0.000020, pauc: 0.822392, paupr: 0.178425, paupr_m: 0.381296, dauc: 0.906462, daupr: 0.399159, daupr_m: 0.495518
Epoch: 709 loss: 0.000019, pauc: 0.818983, paupr: 0.172396, paupr_m: 0.391002, dauc: 0.904842, daupr: 0.392139, daupr_m: 0.499630
Epoch: 719 loss: 0.000020, pauc: 0.805311, paupr: 0.154879, paupr_m: 0.397207, dauc: 0.905813, daupr: 0.402140, daupr_m: 0.497420
Epoch: 729 loss: 0.000020, pauc: 0.853272, paupr: 0.176661, paupr_m: 0.383434, dauc: 0.906237, daupr: 0.403850, daupr_m: 0.499837
Epoch: 739 loss: 0.000022, pauc: 0.829201, paupr: 0.171623, paupr_m: 0.367165, dauc: 0.905003, daupr: 0.388710, daupr_m: 0.496194
Epoch: 749 loss: 0.000019, pauc: 0.804674, paupr: 0.171051, paupr_m: 0.382134, dauc: 0.906555, daupr: 0.415244, daupr_m: 0.501964
Epoch: 759 loss: 0.000019, pauc: 0.810861, paupr: 0.167855, paupr_m: 0.389021, dauc: 0.906121, daupr: 0.405993, daupr_m: 0.496881
Epoch: 769 loss: 0.000019, pauc: 0.795889, paupr: 0.170860, paupr_m: 0.397416, dauc: 0.906677, daupr: 0.416216, daupr_m: 0.501741
Epoch: 779 loss: 0.000019, pauc: 0.836296, paupr: 0.174766, paupr_m: 0.377554, dauc: 0.905435, daupr: 0.403286, daupr_m: 0.497711
Epoch: 789 loss: 0.000019, pauc: 0.833371, paupr: 0.174638, paupr_m: 0.389245, dauc: 0.906278, daupr: 0.422688, daupr_m: 0.501160
Epoch: 799 loss: 0.000019, pauc: 0.802647, paupr: 0.167715, paupr_m: 0.381922, dauc: 0.905424, daupr: 0.393294, daupr_m: 0.501106
Epoch: 809 loss: 0.000019, pauc: 0.799336, paupr: 0.172692, paupr_m: 0.368389, dauc: 0.905519, daupr: 0.402230, daupr_m: 0.501137
Epoch: 819 loss: 0.000019, pauc: 0.835727, paupr: 0.157978, paupr_m: 0.390235, dauc: 0.905396, daupr: 0.393184, daupr_m: 0.499355
Epoch: 829 loss: 0.000020, pauc: 0.827481, paupr: 0.183143, paupr_m: 0.385808, dauc: 0.905694, daupr: 0.404155, daupr_m: 0.499238
Epoch: 839 loss: 0.000019, pauc: 0.819219, paupr: 0.188595, paupr_m: 0.393535, dauc: 0.905820, daupr: 0.401213, daupr_m: 0.502419
Epoch: 849 loss: 0.000019, pauc: 0.810591, paupr: 0.168174, paupr_m: 0.380863, dauc: 0.905852, daupr: 0.402928, daupr_m: 0.499914
Epoch: 859 loss: 0.000020, pauc: 0.825859, paupr: 0.159839, paupr_m: 0.380359, dauc: 0.905944, daupr: 0.404637, daupr_m: 0.499540
Epoch: 869 loss: 0.000019, pauc: 0.842702, paupr: 0.167079, paupr_m: 0.384754, dauc: 0.906222, daupr: 0.416300, daupr_m: 0.499664
Epoch: 879 loss: 0.000019, pauc: 0.843610, paupr: 0.162889, paupr_m: 0.398746, dauc: 0.905248, daupr: 0.402231, daupr_m: 0.499140
Epoch: 889 loss: 0.000019, pauc: 0.829738, paupr: 0.170743, paupr_m: 0.391585, dauc: 0.905329, daupr: 0.389022, daupr_m: 0.498725
Epoch: 899 loss: 0.000018, pauc: 0.848285, paupr: 0.164950, paupr_m: 0.385026, dauc: 0.905717, daupr: 0.412961, daupr_m: 0.500347
Epoch: 909 loss: 0.000019, pauc: 0.817596, paupr: 0.173729, paupr_m: 0.380867, dauc: 0.904935, daupr: 0.399919, daupr_m: 0.498563
Epoch: 919 loss: 0.000019, pauc: 0.845059, paupr: 0.170638, paupr_m: 0.398990, dauc: 0.905611, daupr: 0.398569, daupr_m: 0.500215
Epoch: 929 loss: 0.000020, pauc: 0.811587, paupr: 0.161564, paupr_m: 0.373425, dauc: 0.906086, daupr: 0.419121, daupr_m: 0.500085
Epoch: 939 loss: 0.000019, pauc: 0.821600, paupr: 0.173504, paupr_m: 0.386994, dauc: 0.905956, daupr: 0.410436, daupr_m: 0.501571
Epoch: 949 loss: 0.000019, pauc: 0.826522, paupr: 0.168762, paupr_m: 0.381599, dauc: 0.905041, daupr: 0.394399, daupr_m: 0.501874
Epoch: 959 loss: 0.000018, pauc: 0.820198, paupr: 0.166817, paupr_m: 0.392368, dauc: 0.905374, daupr: 0.412372, daupr_m: 0.500963
Epoch: 969 loss: 0.000019, pauc: 0.824283, paupr: 0.167538, paupr_m: 0.391975, dauc: 0.906576, daupr: 0.427575, daupr_m: 0.500582
Epoch: 979 loss: 0.000018, pauc: 0.813892, paupr: 0.161643, paupr_m: 0.377542, dauc: 0.905308, daupr: 0.403434, daupr_m: 0.501972
Epoch: 989 loss: 0.000019, pauc: 0.848062, paupr: 0.168877, paupr_m: 0.384231, dauc: 0.905914, daupr: 0.411924, daupr_m: 0.501480
Epoch: 999 loss: 0.000018, pauc: 0.831266, paupr: 0.164557, paupr_m: 0.391022, dauc: 0.904333, daupr: 0.391030, daupr_m: 0.501625
Epoch: 9 loss: 0.000504, pauc: 0.890167, paupr: 0.033839, paupr_m: 0.096545, dauc: 0.817835, daupr: 0.319468, daupr_m: 0.388369
Epoch: 19 loss: 0.000336, pauc: 0.876710, paupr: 0.058720, paupr_m: 0.157943, dauc: 0.853279, daupr: 0.352092, daupr_m: 0.436403
Epoch: 29 loss: 0.000236, pauc: 0.874636, paupr: 0.090786, paupr_m: 0.175331, dauc: 0.866117, daupr: 0.327640, daupr_m: 0.375483
Epoch: 39 loss: 0.000170, pauc: 0.865177, paupr: 0.119141, paupr_m: 0.263260, dauc: 0.869751, daupr: 0.303028, daupr_m: 0.343087
Epoch: 49 loss: 0.000127, pauc: 0.870132, paupr: 0.139301, paupr_m: 0.276349, dauc: 0.873497, daupr: 0.326236, daupr_m: 0.383799
Epoch: 59 loss: 0.000099, pauc: 0.857995, paupr: 0.140399, paupr_m: 0.306311, dauc: 0.875922, daupr: 0.338883, daupr_m: 0.406504
Epoch: 69 loss: 0.000080, pauc: 0.864274, paupr: 0.180419, paupr_m: 0.362517, dauc: 0.877815, daupr: 0.347316, daupr_m: 0.402439
Epoch: 79 loss: 0.000067, pauc: 0.870797, paupr: 0.198012, paupr_m: 0.384594, dauc: 0.877686, daupr: 0.332717, daupr_m: 0.402527
Epoch: 89 loss: 0.000057, pauc: 0.872721, paupr: 0.204509, paupr_m: 0.398070, dauc: 0.879169, daupr: 0.339836, daupr_m: 0.403146
Epoch: 99 loss: 0.000049, pauc: 0.881252, paupr: 0.186310, paupr_m: 0.380639, dauc: 0.880168, daupr: 0.349177, daupr_m: 0.405559
Epoch: 109 loss: 0.000044, pauc: 0.865878, paupr: 0.194953, paupr_m: 0.407034, dauc: 0.878611, daupr: 0.338455, daupr_m: 0.409724
Epoch: 119 loss: 0.000040, pauc: 0.858697, paupr: 0.212391, paupr_m: 0.428840, dauc: 0.879671, daupr: 0.338034, daupr_m: 0.405113
Epoch: 129 loss: 0.000037, pauc: 0.884166, paupr: 0.204584, paupr_m: 0.428897, dauc: 0.880805, daupr: 0.347403, daupr_m: 0.409906
Epoch: 139 loss: 0.000036, pauc: 0.860640, paupr: 0.210655, paupr_m: 0.445926, dauc: 0.881053, daupr: 0.346962, daupr_m: 0.415393
Epoch: 149 loss: 0.000033, pauc: 0.851937, paupr: 0.222474, paupr_m: 0.442408, dauc: 0.881593, daupr: 0.352021, daupr_m: 0.418845
Epoch: 159 loss: 0.000031, pauc: 0.875309, paupr: 0.219515, paupr_m: 0.461430, dauc: 0.882043, daupr: 0.356306, daupr_m: 0.430806
Epoch: 169 loss: 0.000030, pauc: 0.875307, paupr: 0.215729, paupr_m: 0.429487, dauc: 0.882795, daupr: 0.352115, daupr_m: 0.413831
Epoch: 179 loss: 0.000029, pauc: 0.876367, paupr: 0.233596, paupr_m: 0.451593, dauc: 0.882379, daupr: 0.353581, daupr_m: 0.423145
Epoch: 189 loss: 0.000028, pauc: 0.870262, paupr: 0.209967, paupr_m: 0.436586, dauc: 0.883100, daupr: 0.356090, daupr_m: 0.421580
Epoch: 199 loss: 0.000027, pauc: 0.861268, paupr: 0.229073, paupr_m: 0.432740, dauc: 0.882920, daupr: 0.359801, daupr_m: 0.423360
Epoch: 209 loss: 0.000028, pauc: 0.862188, paupr: 0.230660, paupr_m: 0.432911, dauc: 0.883150, daupr: 0.354006, daupr_m: 0.425091
Epoch: 219 loss: 0.000027, pauc: 0.872713, paupr: 0.227276, paupr_m: 0.453236, dauc: 0.884147, daupr: 0.359091, daupr_m: 0.425566
Epoch: 229 loss: 0.000026, pauc: 0.871766, paupr: 0.230777, paupr_m: 0.438539, dauc: 0.883356, daupr: 0.347588, daupr_m: 0.421968
Epoch: 239 loss: 0.000025, pauc: 0.824613, paupr: 0.235191, paupr_m: 0.454265, dauc: 0.883560, daupr: 0.363388, daupr_m: 0.427853
Epoch: 249 loss: 0.000025, pauc: 0.861657, paupr: 0.244178, paupr_m: 0.469263, dauc: 0.885027, daupr: 0.369280, daupr_m: 0.431187
Epoch: 259 loss: 0.000025, pauc: 0.853249, paupr: 0.249248, paupr_m: 0.449232, dauc: 0.883832, daupr: 0.358831, daupr_m: 0.434224
Epoch: 269 loss: 0.000024, pauc: 0.877829, paupr: 0.248317, paupr_m: 0.446686, dauc: 0.884365, daupr: 0.355987, daupr_m: 0.428065
Epoch: 279 loss: 0.000023, pauc: 0.870447, paupr: 0.236452, paupr_m: 0.444235, dauc: 0.884723, daupr: 0.366953, daupr_m: 0.439631
Epoch: 289 loss: 0.000025, pauc: 0.857869, paupr: 0.243971, paupr_m: 0.442879, dauc: 0.884452, daupr: 0.356722, daupr_m: 0.434672
Epoch: 299 loss: 0.000024, pauc: 0.846185, paupr: 0.249599, paupr_m: 0.450044, dauc: 0.882513, daupr: 0.345385, daupr_m: 0.438100
Epoch: 309 loss: 0.000023, pauc: 0.870787, paupr: 0.242528, paupr_m: 0.448928, dauc: 0.884529, daupr: 0.363053, daupr_m: 0.441220
Epoch: 319 loss: 0.000023, pauc: 0.860548, paupr: 0.238001, paupr_m: 0.437937, dauc: 0.884137, daupr: 0.360863, daupr_m: 0.444789
Epoch: 329 loss: 0.000022, pauc: 0.870580, paupr: 0.251624, paupr_m: 0.448365, dauc: 0.884721, daupr: 0.362561, daupr_m: 0.443464
Epoch: 339 loss: 0.000023, pauc: 0.858655, paupr: 0.255042, paupr_m: 0.456428, dauc: 0.885149, daupr: 0.366251, daupr_m: 0.449082
Epoch: 349 loss: 0.000022, pauc: 0.860110, paupr: 0.264034, paupr_m: 0.449422, dauc: 0.884583, daupr: 0.362460, daupr_m: 0.440645
Epoch: 359 loss: 0.000022, pauc: 0.858493, paupr: 0.235072, paupr_m: 0.428550, dauc: 0.884880, daupr: 0.364136, daupr_m: 0.447699
Epoch: 369 loss: 0.000021, pauc: 0.869270, paupr: 0.241742, paupr_m: 0.459035, dauc: 0.885024, daupr: 0.363353, daupr_m: 0.445055
Epoch: 379 loss: 0.000021, pauc: 0.857733, paupr: 0.247308, paupr_m: 0.455947, dauc: 0.884532, daupr: 0.360524, daupr_m: 0.444561
Epoch: 389 loss: 0.000022, pauc: 0.866512, paupr: 0.247370, paupr_m: 0.449982, dauc: 0.885178, daupr: 0.359603, daupr_m: 0.448570
Epoch: 399 loss: 0.000021, pauc: 0.863924, paupr: 0.255453, paupr_m: 0.455487, dauc: 0.886056, daupr: 0.374887, daupr_m: 0.452426
Epoch: 409 loss: 0.000021, pauc: 0.868564, paupr: 0.256192, paupr_m: 0.451448, dauc: 0.884446, daupr: 0.356453, daupr_m: 0.451171
Epoch: 419 loss: 0.000021, pauc: 0.870341, paupr: 0.239425, paupr_m: 0.457863, dauc: 0.885210, daupr: 0.368402, daupr_m: 0.453455
Epoch: 429 loss: 0.000021, pauc: 0.878688, paupr: 0.242225, paupr_m: 0.461765, dauc: 0.885790, daupr: 0.368160, daupr_m: 0.454861
Epoch: 439 loss: 0.000020, pauc: 0.859840, paupr: 0.260536, paupr_m: 0.463259, dauc: 0.884965, daupr: 0.356609, daupr_m: 0.456399
Epoch: 449 loss: 0.000020, pauc: 0.857466, paupr: 0.239216, paupr_m: 0.458528, dauc: 0.884550, daupr: 0.363128, daupr_m: 0.455222
Epoch: 459 loss: 0.000021, pauc: 0.864849, paupr: 0.247886, paupr_m: 0.457951, dauc: 0.885742, daupr: 0.373118, daupr_m: 0.456783
Epoch: 469 loss: 0.000021, pauc: 0.860590, paupr: 0.232837, paupr_m: 0.443120, dauc: 0.886271, daupr: 0.375606, daupr_m: 0.460762
Epoch: 479 loss: 0.000020, pauc: 0.884224, paupr: 0.250605, paupr_m: 0.442546, dauc: 0.884932, daupr: 0.366909, daupr_m: 0.463841
Epoch: 489 loss: 0.000021, pauc: 0.844209, paupr: 0.248343, paupr_m: 0.447735, dauc: 0.885275, daupr: 0.368983, daupr_m: 0.460221
Epoch: 499 loss: 0.000020, pauc: 0.846198, paupr: 0.240342, paupr_m: 0.447947, dauc: 0.885771, daupr: 0.375300, daupr_m: 0.457403
Epoch: 509 loss: 0.000020, pauc: 0.859733, paupr: 0.253557, paupr_m: 0.455217, dauc: 0.885575, daupr: 0.367268, daupr_m: 0.461872
Epoch: 519 loss: 0.000020, pauc: 0.866633, paupr: 0.250766, paupr_m: 0.454196, dauc: 0.885624, daupr: 0.378874, daupr_m: 0.462118
Epoch: 529 loss: 0.000020, pauc: 0.846029, paupr: 0.247453, paupr_m: 0.458943, dauc: 0.885532, daupr: 0.374491, daupr_m: 0.462825
Epoch: 539 loss: 0.000020, pauc: 0.855363, paupr: 0.264550, paupr_m: 0.449293, dauc: 0.885918, daupr: 0.380336, daupr_m: 0.458592
Epoch: 549 loss: 0.000021, pauc: 0.862055, paupr: 0.252110, paupr_m: 0.462250, dauc: 0.886645, daupr: 0.382165, daupr_m: 0.462028
Epoch: 559 loss: 0.000019, pauc: 0.860362, paupr: 0.260313, paupr_m: 0.458582, dauc: 0.885807, daupr: 0.376949, daupr_m: 0.461811
Epoch: 569 loss: 0.000020, pauc: 0.873925, paupr: 0.254792, paupr_m: 0.427861, dauc: 0.885383, daupr: 0.373831, daupr_m: 0.461352
Epoch: 579 loss: 0.000019, pauc: 0.851867, paupr: 0.240010, paupr_m: 0.445806, dauc: 0.884210, daupr: 0.352699, daupr_m: 0.461985
Epoch: 589 loss: 0.000020, pauc: 0.845083, paupr: 0.243749, paupr_m: 0.475469, dauc: 0.885381, daupr: 0.375344, daupr_m: 0.468241
Epoch: 599 loss: 0.000019, pauc: 0.839160, paupr: 0.250421, paupr_m: 0.438690, dauc: 0.884780, daupr: 0.361199, daupr_m: 0.464906
Epoch: 609 loss: 0.000021, pauc: 0.843635, paupr: 0.263353, paupr_m: 0.440999, dauc: 0.884869, daupr: 0.359063, daupr_m: 0.462522
Epoch: 619 loss: 0.000020, pauc: 0.884564, paupr: 0.247784, paupr_m: 0.449494, dauc: 0.884793, daupr: 0.363707, daupr_m: 0.469217
Epoch: 629 loss: 0.000020, pauc: 0.859835, paupr: 0.255150, paupr_m: 0.475050, dauc: 0.884289, daupr: 0.358568, daupr_m: 0.463722
Epoch: 639 loss: 0.000019, pauc: 0.854777, paupr: 0.262737, paupr_m: 0.443032, dauc: 0.887462, daupr: 0.394130, daupr_m: 0.463014
Epoch: 649 loss: 0.000019, pauc: 0.862474, paupr: 0.264787, paupr_m: 0.453323, dauc: 0.884921, daupr: 0.360632, daupr_m: 0.469497
Epoch: 659 loss: 0.000019, pauc: 0.876460, paupr: 0.268733, paupr_m: 0.456296, dauc: 0.885135, daupr: 0.361472, daupr_m: 0.480488
Epoch: 669 loss: 0.000019, pauc: 0.854838, paupr: 0.266789, paupr_m: 0.464104, dauc: 0.885055, daupr: 0.377370, daupr_m: 0.463107
Epoch: 679 loss: 0.000021, pauc: 0.856809, paupr: 0.246906, paupr_m: 0.452300, dauc: 0.885237, daupr: 0.361899, daupr_m: 0.468295
Epoch: 689 loss: 0.000019, pauc: 0.868065, paupr: 0.257719, paupr_m: 0.448231, dauc: 0.885457, daupr: 0.375992, daupr_m: 0.467724
Epoch: 699 loss: 0.000019, pauc: 0.862935, paupr: 0.254333, paupr_m: 0.442152, dauc: 0.885006, daupr: 0.371513, daupr_m: 0.474347
Epoch: 709 loss: 0.000019, pauc: 0.867641, paupr: 0.265586, paupr_m: 0.449693, dauc: 0.884930, daupr: 0.364507, daupr_m: 0.464024
Epoch: 719 loss: 0.000019, pauc: 0.839547, paupr: 0.246256, paupr_m: 0.426117, dauc: 0.884994, daupr: 0.380565, daupr_m: 0.467606
Epoch: 729 loss: 0.000019, pauc: 0.879722, paupr: 0.242737, paupr_m: 0.464272, dauc: 0.885151, daupr: 0.372721, daupr_m: 0.469395
Epoch: 739 loss: 0.000018, pauc: 0.849407, paupr: 0.257251, paupr_m: 0.466713, dauc: 0.884658, daupr: 0.368075, daupr_m: 0.471216
Epoch: 749 loss: 0.000019, pauc: 0.859773, paupr: 0.248946, paupr_m: 0.444232, dauc: 0.884151, daupr: 0.376408, daupr_m: 0.468368
Epoch: 759 loss: 0.000019, pauc: 0.862209, paupr: 0.253537, paupr_m: 0.454213, dauc: 0.883916, daupr: 0.347389, daupr_m: 0.478165
Epoch: 769 loss: 0.000019, pauc: 0.842763, paupr: 0.252020, paupr_m: 0.446766, dauc: 0.883873, daupr: 0.356898, daupr_m: 0.472863
Epoch: 779 loss: 0.000019, pauc: 0.851032, paupr: 0.248013, paupr_m: 0.449682, dauc: 0.885930, daupr: 0.389750, daupr_m: 0.475152
Epoch: 789 loss: 0.000018, pauc: 0.872764, paupr: 0.245192, paupr_m: 0.444107, dauc: 0.886132, daupr: 0.384484, daupr_m: 0.468565
Epoch: 799 loss: 0.000019, pauc: 0.835284, paupr: 0.257917, paupr_m: 0.439353, dauc: 0.885387, daupr: 0.372497, daupr_m: 0.469013
Epoch: 809 loss: 0.000019, pauc: 0.850174, paupr: 0.246384, paupr_m: 0.438459, dauc: 0.885352, daupr: 0.369957, daupr_m: 0.471715
Epoch: 819 loss: 0.000019, pauc: 0.841863, paupr: 0.228805, paupr_m: 0.434391, dauc: 0.885397, daupr: 0.377027, daupr_m: 0.475336
Epoch: 829 loss: 0.000018, pauc: 0.851572, paupr: 0.248478, paupr_m: 0.451307, dauc: 0.885114, daupr: 0.367076, daupr_m: 0.482972
Epoch: 839 loss: 0.000019, pauc: 0.861763, paupr: 0.250316, paupr_m: 0.436692, dauc: 0.884236, daupr: 0.364821, daupr_m: 0.472134
Epoch: 849 loss: 0.000018, pauc: 0.870657, paupr: 0.263113, paupr_m: 0.442145, dauc: 0.884519, daupr: 0.358998, daupr_m: 0.471613
Epoch: 859 loss: 0.000019, pauc: 0.867592, paupr: 0.255440, paupr_m: 0.454604, dauc: 0.885241, daupr: 0.367844, daupr_m: 0.470572
Epoch: 869 loss: 0.000019, pauc: 0.837102, paupr: 0.258743, paupr_m: 0.458369, dauc: 0.884075, daupr: 0.372098, daupr_m: 0.474804
Epoch: 879 loss: 0.000019, pauc: 0.844065, paupr: 0.244467, paupr_m: 0.449640, dauc: 0.885032, daupr: 0.369739, daupr_m: 0.471878
Epoch: 889 loss: 0.000019, pauc: 0.861703, paupr: 0.258387, paupr_m: 0.444232, dauc: 0.885194, daupr: 0.372725, daupr_m: 0.469530
Epoch: 899 loss: 0.000019, pauc: 0.856711, paupr: 0.262090, paupr_m: 0.442705, dauc: 0.883551, daupr: 0.363525, daupr_m: 0.470358
Epoch: 909 loss: 0.000018, pauc: 0.857774, paupr: 0.241924, paupr_m: 0.445557, dauc: 0.884726, daupr: 0.374960, daupr_m: 0.471538
Epoch: 919 loss: 0.000019, pauc: 0.848927, paupr: 0.252728, paupr_m: 0.439960, dauc: 0.884035, daupr: 0.358226, daupr_m: 0.475263
Epoch: 929 loss: 0.000019, pauc: 0.843853, paupr: 0.242528, paupr_m: 0.435840, dauc: 0.885981, daupr: 0.386210, daupr_m: 0.475538
Epoch: 939 loss: 0.000018, pauc: 0.842390, paupr: 0.255471, paupr_m: 0.450987, dauc: 0.885642, daupr: 0.390497, daupr_m: 0.472595
Epoch: 949 loss: 0.000019, pauc: 0.850964, paupr: 0.243420, paupr_m: 0.449645, dauc: 0.884202, daupr: 0.367106, daupr_m: 0.471323
Epoch: 959 loss: 0.000018, pauc: 0.836662, paupr: 0.246118, paupr_m: 0.444851, dauc: 0.885805, daupr: 0.377907, daupr_m: 0.472761
Epoch: 969 loss: 0.000019, pauc: 0.878106, paupr: 0.262243, paupr_m: 0.441168, dauc: 0.884995, daupr: 0.374677, daupr_m: 0.471649
Epoch: 979 loss: 0.000020, pauc: 0.857876, paupr: 0.242310, paupr_m: 0.447510, dauc: 0.884899, daupr: 0.374338, daupr_m: 0.475055
Epoch: 989 loss: 0.000018, pauc: 0.866826, paupr: 0.255955, paupr_m: 0.456631, dauc: 0.885782, daupr: 0.382262, daupr_m: 0.471357
Epoch: 999 loss: 0.000019, pauc: 0.856706, paupr: 0.240752, paupr_m: 0.443963, dauc: 0.884630, daupr: 0.369513, daupr_m: 0.473138
Epoch: 9 loss: 0.000495, pauc: 0.934078, paupr: 0.058636, paupr_m: 0.114874, dauc: 0.789033, daupr: 0.314677, daupr_m: 0.387059
Epoch: 19 loss: 0.000324, pauc: 0.924631, paupr: 0.081711, paupr_m: 0.162336, dauc: 0.825970, daupr: 0.347376, daupr_m: 0.423057
Epoch: 29 loss: 0.000225, pauc: 0.928917, paupr: 0.124135, paupr_m: 0.202129, dauc: 0.839605, daupr: 0.331897, daupr_m: 0.387997
Epoch: 39 loss: 0.000162, pauc: 0.935508, paupr: 0.168720, paupr_m: 0.288402, dauc: 0.846087, daupr: 0.317537, daupr_m: 0.357813
Epoch: 49 loss: 0.000122, pauc: 0.934540, paupr: 0.244121, paupr_m: 0.344432, dauc: 0.851482, daupr: 0.343658, daupr_m: 0.404197
Epoch: 59 loss: 0.000094, pauc: 0.929783, paupr: 0.278165, paupr_m: 0.354387, dauc: 0.854040, daupr: 0.346918, daupr_m: 0.417655
Epoch: 69 loss: 0.000075, pauc: 0.942043, paupr: 0.299149, paupr_m: 0.369076, dauc: 0.856399, daupr: 0.343625, daupr_m: 0.405356
Epoch: 79 loss: 0.000063, pauc: 0.937674, paupr: 0.308392, paupr_m: 0.386169, dauc: 0.856717, daupr: 0.339481, daupr_m: 0.402263
Epoch: 89 loss: 0.000053, pauc: 0.941141, paupr: 0.333338, paupr_m: 0.416768, dauc: 0.857965, daupr: 0.348602, daupr_m: 0.409274
Epoch: 99 loss: 0.000047, pauc: 0.940378, paupr: 0.348734, paupr_m: 0.435481, dauc: 0.858270, daupr: 0.348914, daupr_m: 0.411065
Epoch: 109 loss: 0.000042, pauc: 0.932706, paupr: 0.355646, paupr_m: 0.442659, dauc: 0.859058, daupr: 0.346990, daupr_m: 0.413027
Epoch: 119 loss: 0.000038, pauc: 0.941257, paupr: 0.372516, paupr_m: 0.466629, dauc: 0.859736, daupr: 0.350964, daupr_m: 0.414632
Epoch: 129 loss: 0.000036, pauc: 0.929489, paupr: 0.388405, paupr_m: 0.457510, dauc: 0.861191, daupr: 0.355043, daupr_m: 0.419596
Epoch: 139 loss: 0.000034, pauc: 0.921323, paupr: 0.380285, paupr_m: 0.472928, dauc: 0.861171, daupr: 0.356075, daupr_m: 0.415963
Epoch: 149 loss: 0.000032, pauc: 0.933273, paupr: 0.409386, paupr_m: 0.514406, dauc: 0.860508, daupr: 0.352221, daupr_m: 0.418503
Epoch: 159 loss: 0.000030, pauc: 0.922862, paupr: 0.397548, paupr_m: 0.478901, dauc: 0.861853, daupr: 0.357776, daupr_m: 0.420030
Epoch: 169 loss: 0.000029, pauc: 0.949698, paupr: 0.399727, paupr_m: 0.485419, dauc: 0.862661, daupr: 0.361717, daupr_m: 0.424906
Epoch: 179 loss: 0.000028, pauc: 0.925165, paupr: 0.408209, paupr_m: 0.482675, dauc: 0.862294, daupr: 0.354736, daupr_m: 0.425248
Epoch: 189 loss: 0.000028, pauc: 0.924579, paupr: 0.430355, paupr_m: 0.510532, dauc: 0.862450, daupr: 0.361482, daupr_m: 0.423789
Epoch: 199 loss: 0.000027, pauc: 0.930211, paupr: 0.397729, paupr_m: 0.477611, dauc: 0.862009, daupr: 0.351876, daupr_m: 0.431461
Epoch: 209 loss: 0.000026, pauc: 0.914232, paupr: 0.435906, paupr_m: 0.516426, dauc: 0.862618, daupr: 0.355606, daupr_m: 0.429899
Epoch: 219 loss: 0.000026, pauc: 0.929481, paupr: 0.424651, paupr_m: 0.526553, dauc: 0.862617, daupr: 0.356227, daupr_m: 0.433114
Epoch: 229 loss: 0.000027, pauc: 0.927378, paupr: 0.411830, paupr_m: 0.498730, dauc: 0.863185, daupr: 0.359221, daupr_m: 0.431825
Epoch: 239 loss: 0.000025, pauc: 0.912791, paupr: 0.411615, paupr_m: 0.497880, dauc: 0.864845, daupr: 0.368238, daupr_m: 0.432717
Epoch: 249 loss: 0.000025, pauc: 0.929715, paupr: 0.432747, paupr_m: 0.516300, dauc: 0.864298, daupr: 0.367488, daupr_m: 0.434660
Epoch: 259 loss: 0.000024, pauc: 0.920679, paupr: 0.429225, paupr_m: 0.506155, dauc: 0.864669, daupr: 0.362726, daupr_m: 0.434946
Epoch: 269 loss: 0.000024, pauc: 0.920416, paupr: 0.413111, paupr_m: 0.502107, dauc: 0.864751, daupr: 0.362889, daupr_m: 0.438034
Epoch: 279 loss: 0.000023, pauc: 0.926411, paupr: 0.422005, paupr_m: 0.508280, dauc: 0.865180, daupr: 0.364637, daupr_m: 0.437648
Epoch: 289 loss: 0.000023, pauc: 0.911182, paupr: 0.421654, paupr_m: 0.503732, dauc: 0.864576, daupr: 0.362125, daupr_m: 0.439120
Epoch: 299 loss: 0.000022, pauc: 0.930641, paupr: 0.426243, paupr_m: 0.512485, dauc: 0.865010, daupr: 0.366163, daupr_m: 0.439397
Epoch: 309 loss: 0.000022, pauc: 0.918204, paupr: 0.413405, paupr_m: 0.500031, dauc: 0.864840, daupr: 0.370637, daupr_m: 0.443541
Epoch: 319 loss: 0.000022, pauc: 0.914336, paupr: 0.422989, paupr_m: 0.531449, dauc: 0.864962, daupr: 0.367155, daupr_m: 0.440796
Epoch: 329 loss: 0.000022, pauc: 0.927605, paupr: 0.426916, paupr_m: 0.527276, dauc: 0.865534, daupr: 0.369302, daupr_m: 0.445873
Epoch: 339 loss: 0.000022, pauc: 0.926778, paupr: 0.417630, paupr_m: 0.511936, dauc: 0.864957, daupr: 0.366694, daupr_m: 0.447933
Epoch: 349 loss: 0.000022, pauc: 0.915752, paupr: 0.409517, paupr_m: 0.514345, dauc: 0.865231, daupr: 0.357430, daupr_m: 0.449596
Epoch: 359 loss: 0.000021, pauc: 0.920297, paupr: 0.412444, paupr_m: 0.518255, dauc: 0.865810, daupr: 0.366121, daupr_m: 0.452020
Epoch: 369 loss: 0.000021, pauc: 0.912874, paupr: 0.420301, paupr_m: 0.520988, dauc: 0.865634, daupr: 0.370911, daupr_m: 0.451795
Epoch: 379 loss: 0.000022, pauc: 0.902252, paupr: 0.422445, paupr_m: 0.522323, dauc: 0.865284, daupr: 0.361300, daupr_m: 0.453667
Epoch: 389 loss: 0.000022, pauc: 0.916360, paupr: 0.419204, paupr_m: 0.521395, dauc: 0.865751, daupr: 0.361733, daupr_m: 0.446131
Epoch: 399 loss: 0.000021, pauc: 0.927804, paupr: 0.428600, paupr_m: 0.520828, dauc: 0.865854, daupr: 0.370816, daupr_m: 0.453833
Epoch: 409 loss: 0.000021, pauc: 0.907217, paupr: 0.418316, paupr_m: 0.498001, dauc: 0.864320, daupr: 0.352599, daupr_m: 0.452055
Epoch: 419 loss: 0.000021, pauc: 0.914344, paupr: 0.428998, paupr_m: 0.519330, dauc: 0.866011, daupr: 0.365075, daupr_m: 0.450672
Epoch: 429 loss: 0.000021, pauc: 0.906052, paupr: 0.419022, paupr_m: 0.508628, dauc: 0.865791, daupr: 0.366487, daupr_m: 0.456190
Epoch: 439 loss: 0.000021, pauc: 0.917925, paupr: 0.418940, paupr_m: 0.518854, dauc: 0.866818, daupr: 0.376429, daupr_m: 0.454729
Epoch: 449 loss: 0.000020, pauc: 0.918166, paupr: 0.424064, paupr_m: 0.525950, dauc: 0.866131, daupr: 0.366447, daupr_m: 0.456786
Epoch: 459 loss: 0.000020, pauc: 0.903189, paupr: 0.419283, paupr_m: 0.522632, dauc: 0.866187, daupr: 0.368349, daupr_m: 0.455884
Epoch: 469 loss: 0.000020, pauc: 0.914417, paupr: 0.424584, paupr_m: 0.502730, dauc: 0.865664, daupr: 0.360465, daupr_m: 0.457041
Epoch: 479 loss: 0.000020, pauc: 0.924443, paupr: 0.429895, paupr_m: 0.513289, dauc: 0.866264, daupr: 0.362100, daupr_m: 0.462213
Epoch: 489 loss: 0.000020, pauc: 0.911535, paupr: 0.431452, paupr_m: 0.529563, dauc: 0.866777, daupr: 0.374736, daupr_m: 0.462709
Epoch: 499 loss: 0.000021, pauc: 0.910474, paupr: 0.414672, paupr_m: 0.510010, dauc: 0.865867, daupr: 0.360569, daupr_m: 0.457226
Epoch: 509 loss: 0.000019, pauc: 0.919235, paupr: 0.426830, paupr_m: 0.532841, dauc: 0.865995, daupr: 0.360015, daupr_m: 0.459612
Epoch: 519 loss: 0.000020, pauc: 0.916093, paupr: 0.411619, paupr_m: 0.522889, dauc: 0.865719, daupr: 0.357871, daupr_m: 0.459238
Epoch: 529 loss: 0.000021, pauc: 0.914108, paupr: 0.422813, paupr_m: 0.519242, dauc: 0.866063, daupr: 0.363869, daupr_m: 0.460346
Epoch: 539 loss: 0.000019, pauc: 0.916026, paupr: 0.434629, paupr_m: 0.525636, dauc: 0.864928, daupr: 0.360083, daupr_m: 0.459472
Epoch: 549 loss: 0.000020, pauc: 0.912852, paupr: 0.424594, paupr_m: 0.520175, dauc: 0.865910, daupr: 0.362405, daupr_m: 0.461810
Epoch: 559 loss: 0.000019, pauc: 0.903893, paupr: 0.429750, paupr_m: 0.530093, dauc: 0.866873, daupr: 0.373748, daupr_m: 0.463818
Epoch: 569 loss: 0.000021, pauc: 0.891117, paupr: 0.412136, paupr_m: 0.517429, dauc: 0.868152, daupr: 0.384761, daupr_m: 0.464851
Epoch: 579 loss: 0.000021, pauc: 0.913157, paupr: 0.415044, paupr_m: 0.527683, dauc: 0.867271, daupr: 0.374890, daupr_m: 0.460483
Epoch: 589 loss: 0.000019, pauc: 0.919818, paupr: 0.429481, paupr_m: 0.513287, dauc: 0.866934, daupr: 0.373393, daupr_m: 0.458824
Epoch: 599 loss: 0.000020, pauc: 0.908774, paupr: 0.421153, paupr_m: 0.521339, dauc: 0.865951, daupr: 0.363246, daupr_m: 0.463482
Epoch: 609 loss: 0.000020, pauc: 0.930571, paupr: 0.416691, paupr_m: 0.520187, dauc: 0.865684, daupr: 0.354082, daupr_m: 0.463600
Epoch: 619 loss: 0.000020, pauc: 0.911331, paupr: 0.421654, paupr_m: 0.527866, dauc: 0.866854, daupr: 0.366502, daupr_m: 0.467456
Epoch: 629 loss: 0.000019, pauc: 0.925556, paupr: 0.429716, paupr_m: 0.513663, dauc: 0.866693, daupr: 0.371438, daupr_m: 0.465768
Epoch: 639 loss: 0.000019, pauc: 0.934935, paupr: 0.420025, paupr_m: 0.530437, dauc: 0.866967, daupr: 0.375690, daupr_m: 0.466758
Epoch: 649 loss: 0.000021, pauc: 0.900524, paupr: 0.430570, paupr_m: 0.529286, dauc: 0.866656, daupr: 0.371794, daupr_m: 0.465412
Epoch: 659 loss: 0.000020, pauc: 0.899258, paupr: 0.414510, paupr_m: 0.519285, dauc: 0.866650, daupr: 0.366084, daupr_m: 0.465343
Epoch: 669 loss: 0.000018, pauc: 0.920911, paupr: 0.422769, paupr_m: 0.527181, dauc: 0.867323, daupr: 0.373322, daupr_m: 0.469417
Epoch: 679 loss: 0.000019, pauc: 0.918600, paupr: 0.418995, paupr_m: 0.520782, dauc: 0.867362, daupr: 0.381844, daupr_m: 0.471294
Epoch: 689 loss: 0.000019, pauc: 0.908295, paupr: 0.428288, paupr_m: 0.516212, dauc: 0.866710, daupr: 0.370529, daupr_m: 0.469636
Epoch: 699 loss: 0.000020, pauc: 0.921928, paupr: 0.439998, paupr_m: 0.513472, dauc: 0.866453, daupr: 0.370569, daupr_m: 0.465900
Epoch: 709 loss: 0.000019, pauc: 0.898619, paupr: 0.418158, paupr_m: 0.514398, dauc: 0.866660, daupr: 0.371381, daupr_m: 0.465544
Epoch: 719 loss: 0.000019, pauc: 0.912321, paupr: 0.416660, paupr_m: 0.507522, dauc: 0.867172, daupr: 0.384074, daupr_m: 0.466839
Epoch: 729 loss: 0.000018, pauc: 0.921871, paupr: 0.437520, paupr_m: 0.540849, dauc: 0.866611, daupr: 0.364445, daupr_m: 0.467976
Epoch: 739 loss: 0.000019, pauc: 0.920208, paupr: 0.430874, paupr_m: 0.526635, dauc: 0.867159, daupr: 0.383085, daupr_m: 0.468207
Epoch: 749 loss: 0.000019, pauc: 0.921045, paupr: 0.418352, paupr_m: 0.507850, dauc: 0.867522, daupr: 0.385857, daupr_m: 0.474365
Epoch: 759 loss: 0.000018, pauc: 0.917520, paupr: 0.418221, paupr_m: 0.518935, dauc: 0.866755, daupr: 0.367653, daupr_m: 0.470867
Epoch: 769 loss: 0.000019, pauc: 0.885491, paupr: 0.409793, paupr_m: 0.521359, dauc: 0.867032, daupr: 0.375635, daupr_m: 0.466356
Epoch: 779 loss: 0.000018, pauc: 0.892316, paupr: 0.430021, paupr_m: 0.521788, dauc: 0.866741, daupr: 0.370199, daupr_m: 0.471225
Epoch: 789 loss: 0.000019, pauc: 0.923935, paupr: 0.424030, paupr_m: 0.529518, dauc: 0.867514, daupr: 0.379048, daupr_m: 0.474548
Epoch: 799 loss: 0.000018, pauc: 0.888910, paupr: 0.428222, paupr_m: 0.489187, dauc: 0.867063, daupr: 0.379430, daupr_m: 0.468773
Epoch: 809 loss: 0.000018, pauc: 0.918180, paupr: 0.423776, paupr_m: 0.502595, dauc: 0.867249, daupr: 0.373920, daupr_m: 0.471730
Epoch: 819 loss: 0.000019, pauc: 0.920118, paupr: 0.420955, paupr_m: 0.517110, dauc: 0.866518, daupr: 0.374778, daupr_m: 0.468171
Epoch: 829 loss: 0.000018, pauc: 0.886955, paupr: 0.415260, paupr_m: 0.501470, dauc: 0.866107, daupr: 0.365729, daupr_m: 0.475792
Epoch: 839 loss: 0.000020, pauc: 0.935275, paupr: 0.442873, paupr_m: 0.524246, dauc: 0.866423, daupr: 0.366380, daupr_m: 0.472460
Epoch: 849 loss: 0.000019, pauc: 0.895299, paupr: 0.430196, paupr_m: 0.539625, dauc: 0.866116, daupr: 0.379137, daupr_m: 0.471942
Epoch: 859 loss: 0.000018, pauc: 0.890325, paupr: 0.433898, paupr_m: 0.529151, dauc: 0.866649, daupr: 0.362515, daupr_m: 0.471390
Epoch: 869 loss: 0.000018, pauc: 0.934778, paupr: 0.426791, paupr_m: 0.516793, dauc: 0.866470, daupr: 0.367352, daupr_m: 0.473192
Epoch: 879 loss: 0.000018, pauc: 0.902882, paupr: 0.417404, paupr_m: 0.507200, dauc: 0.866518, daupr: 0.376202, daupr_m: 0.471951
Epoch: 889 loss: 0.000018, pauc: 0.914343, paupr: 0.426036, paupr_m: 0.515159, dauc: 0.867365, daupr: 0.382134, daupr_m: 0.472900
Epoch: 899 loss: 0.000018, pauc: 0.904296, paupr: 0.424097, paupr_m: 0.512441, dauc: 0.866089, daupr: 0.362089, daupr_m: 0.470564
Epoch: 909 loss: 0.000018, pauc: 0.920468, paupr: 0.424100, paupr_m: 0.527100, dauc: 0.865777, daupr: 0.365739, daupr_m: 0.471713
Epoch: 919 loss: 0.000018, pauc: 0.915709, paupr: 0.423573, paupr_m: 0.529306, dauc: 0.866871, daupr: 0.379554, daupr_m: 0.471392
Epoch: 929 loss: 0.000018, pauc: 0.907898, paupr: 0.414762, paupr_m: 0.518608, dauc: 0.866564, daupr: 0.374954, daupr_m: 0.469902
Epoch: 939 loss: 0.000018, pauc: 0.889652, paupr: 0.419090, paupr_m: 0.516447, dauc: 0.866901, daupr: 0.377937, daupr_m: 0.471199
Epoch: 949 loss: 0.000018, pauc: 0.901898, paupr: 0.419931, paupr_m: 0.514337, dauc: 0.868185, daupr: 0.387900, daupr_m: 0.470944
Epoch: 959 loss: 0.000019, pauc: 0.901393, paupr: 0.413053, paupr_m: 0.504957, dauc: 0.865334, daupr: 0.359634, daupr_m: 0.472067
Epoch: 969 loss: 0.000019, pauc: 0.921058, paupr: 0.441187, paupr_m: 0.528855, dauc: 0.866083, daupr: 0.367186, daupr_m: 0.472046
Epoch: 979 loss: 0.000018, pauc: 0.922434, paupr: 0.421007, paupr_m: 0.496066, dauc: 0.866566, daupr: 0.366758, daupr_m: 0.471422
Epoch: 989 loss: 0.000019, pauc: 0.920499, paupr: 0.435719, paupr_m: 0.523766, dauc: 0.866532, daupr: 0.374087, daupr_m: 0.471790
Epoch: 999 loss: 0.000018, pauc: 0.898470, paupr: 0.419056, paupr_m: 0.540286, dauc: 0.865800, daupr: 0.364814, daupr_m: 0.472509
Epoch: 9 loss: 0.000501, pauc: 0.890483, paupr: 0.043038, paupr_m: 0.099611, dauc: 0.849697, daupr: 0.331007, daupr_m: 0.365919
Epoch: 19 loss: 0.000332, pauc: 0.902175, paupr: 0.084990, paupr_m: 0.167410, dauc: 0.886384, daupr: 0.363751, daupr_m: 0.404434
Epoch: 29 loss: 0.000232, pauc: 0.899895, paupr: 0.104928, paupr_m: 0.195032, dauc: 0.897559, daupr: 0.333934, daupr_m: 0.364520
Epoch: 39 loss: 0.000167, pauc: 0.878703, paupr: 0.171048, paupr_m: 0.239771, dauc: 0.901323, daupr: 0.315056, daupr_m: 0.329705
Epoch: 49 loss: 0.000126, pauc: 0.887812, paupr: 0.204793, paupr_m: 0.265124, dauc: 0.905687, daupr: 0.344171, daupr_m: 0.370478
Epoch: 59 loss: 0.000098, pauc: 0.887611, paupr: 0.225685, paupr_m: 0.290806, dauc: 0.907478, daupr: 0.356686, daupr_m: 0.389190
Epoch: 69 loss: 0.000079, pauc: 0.876061, paupr: 0.235089, paupr_m: 0.291760, dauc: 0.908808, daupr: 0.351702, daupr_m: 0.377921
Epoch: 79 loss: 0.000065, pauc: 0.883772, paupr: 0.254018, paupr_m: 0.327557, dauc: 0.908792, daupr: 0.352862, daupr_m: 0.376278
Epoch: 89 loss: 0.000056, pauc: 0.897262, paupr: 0.248784, paupr_m: 0.341475, dauc: 0.909452, daupr: 0.352829, daupr_m: 0.380539
Epoch: 99 loss: 0.000050, pauc: 0.891273, paupr: 0.296277, paupr_m: 0.361223, dauc: 0.909504, daupr: 0.348115, daupr_m: 0.391432
Epoch: 109 loss: 0.000045, pauc: 0.894970, paupr: 0.284806, paupr_m: 0.358732, dauc: 0.909819, daupr: 0.350845, daupr_m: 0.384138
Epoch: 119 loss: 0.000040, pauc: 0.900374, paupr: 0.259812, paupr_m: 0.379216, dauc: 0.911359, daupr: 0.365049, daupr_m: 0.388170
Epoch: 129 loss: 0.000037, pauc: 0.899726, paupr: 0.295589, paupr_m: 0.390446, dauc: 0.911000, daupr: 0.359257, daupr_m: 0.390502
Epoch: 139 loss: 0.000035, pauc: 0.893579, paupr: 0.274743, paupr_m: 0.403191, dauc: 0.911042, daupr: 0.357780, daupr_m: 0.395994
Epoch: 149 loss: 0.000034, pauc: 0.900880, paupr: 0.288725, paupr_m: 0.405565, dauc: 0.911899, daupr: 0.365338, daupr_m: 0.398267
Epoch: 159 loss: 0.000032, pauc: 0.907021, paupr: 0.327121, paupr_m: 0.442454, dauc: 0.911070, daupr: 0.354170, daupr_m: 0.394731
Epoch: 169 loss: 0.000030, pauc: 0.892774, paupr: 0.310281, paupr_m: 0.439102, dauc: 0.911610, daupr: 0.358893, daupr_m: 0.396596
Epoch: 179 loss: 0.000029, pauc: 0.886171, paupr: 0.305355, paupr_m: 0.435595, dauc: 0.912363, daupr: 0.364263, daupr_m: 0.401216
Epoch: 189 loss: 0.000029, pauc: 0.889265, paupr: 0.312678, paupr_m: 0.433145, dauc: 0.913266, daupr: 0.379958, daupr_m: 0.407583
Epoch: 199 loss: 0.000027, pauc: 0.894796, paupr: 0.296620, paupr_m: 0.418027, dauc: 0.912112, daupr: 0.364973, daupr_m: 0.406786
Epoch: 209 loss: 0.000027, pauc: 0.905777, paupr: 0.310302, paupr_m: 0.437687, dauc: 0.912809, daupr: 0.364505, daupr_m: 0.406340
Epoch: 219 loss: 0.000026, pauc: 0.888272, paupr: 0.313011, paupr_m: 0.414973, dauc: 0.912768, daupr: 0.369929, daupr_m: 0.411680
Epoch: 229 loss: 0.000026, pauc: 0.897928, paupr: 0.306164, paupr_m: 0.440830, dauc: 0.914042, daupr: 0.375144, daupr_m: 0.409736
Epoch: 239 loss: 0.000025, pauc: 0.914988, paupr: 0.319038, paupr_m: 0.432354, dauc: 0.912901, daupr: 0.366734, daupr_m: 0.407928
Epoch: 249 loss: 0.000026, pauc: 0.890033, paupr: 0.317084, paupr_m: 0.414602, dauc: 0.912896, daupr: 0.366721, daupr_m: 0.408739
Epoch: 259 loss: 0.000024, pauc: 0.903416, paupr: 0.332706, paupr_m: 0.428856, dauc: 0.913788, daupr: 0.372501, daupr_m: 0.412623
Epoch: 269 loss: 0.000025, pauc: 0.876833, paupr: 0.319628, paupr_m: 0.423167, dauc: 0.913658, daupr: 0.374230, daupr_m: 0.409142
Epoch: 279 loss: 0.000024, pauc: 0.897545, paupr: 0.352453, paupr_m: 0.419094, dauc: 0.913476, daupr: 0.367532, daupr_m: 0.408357
Epoch: 289 loss: 0.000024, pauc: 0.905713, paupr: 0.328778, paupr_m: 0.449200, dauc: 0.913567, daupr: 0.375630, daupr_m: 0.412962
Epoch: 299 loss: 0.000023, pauc: 0.886100, paupr: 0.337845, paupr_m: 0.432209, dauc: 0.913483, daupr: 0.372044, daupr_m: 0.420117
Epoch: 309 loss: 0.000023, pauc: 0.888591, paupr: 0.317902, paupr_m: 0.427644, dauc: 0.913976, daupr: 0.372652, daupr_m: 0.423931
Epoch: 319 loss: 0.000023, pauc: 0.905406, paupr: 0.347984, paupr_m: 0.462438, dauc: 0.914246, daupr: 0.374761, daupr_m: 0.426732
Epoch: 329 loss: 0.000023, pauc: 0.886203, paupr: 0.355917, paupr_m: 0.459967, dauc: 0.914271, daupr: 0.373612, daupr_m: 0.420776
Epoch: 339 loss: 0.000022, pauc: 0.892062, paupr: 0.328869, paupr_m: 0.418870, dauc: 0.913999, daupr: 0.377216, daupr_m: 0.424191
Epoch: 349 loss: 0.000022, pauc: 0.894921, paupr: 0.342083, paupr_m: 0.450538, dauc: 0.913710, daupr: 0.367135, daupr_m: 0.420900
Epoch: 359 loss: 0.000022, pauc: 0.897611, paupr: 0.331261, paupr_m: 0.454645, dauc: 0.914535, daupr: 0.374424, daupr_m: 0.423367
Epoch: 369 loss: 0.000022, pauc: 0.885345, paupr: 0.338670, paupr_m: 0.441801, dauc: 0.914125, daupr: 0.377994, daupr_m: 0.426688
Epoch: 379 loss: 0.000021, pauc: 0.900067, paupr: 0.343403, paupr_m: 0.439247, dauc: 0.915003, daupr: 0.379025, daupr_m: 0.423898
Epoch: 389 loss: 0.000021, pauc: 0.894139, paupr: 0.328713, paupr_m: 0.428745, dauc: 0.914646, daupr: 0.380296, daupr_m: 0.427296
Epoch: 399 loss: 0.000022, pauc: 0.901691, paupr: 0.347809, paupr_m: 0.441967, dauc: 0.914148, daupr: 0.370887, daupr_m: 0.430410
Epoch: 409 loss: 0.000021, pauc: 0.901941, paupr: 0.343240, paupr_m: 0.441025, dauc: 0.915592, daupr: 0.388984, daupr_m: 0.435448
Epoch: 419 loss: 0.000021, pauc: 0.896725, paupr: 0.340810, paupr_m: 0.435032, dauc: 0.914904, daupr: 0.383991, daupr_m: 0.429101
Epoch: 429 loss: 0.000021, pauc: 0.900613, paupr: 0.347376, paupr_m: 0.434209, dauc: 0.914590, daupr: 0.383286, daupr_m: 0.428802
Epoch: 439 loss: 0.000021, pauc: 0.885051, paupr: 0.340297, paupr_m: 0.442629, dauc: 0.914597, daupr: 0.376142, daupr_m: 0.432102
Epoch: 449 loss: 0.000020, pauc: 0.899913, paupr: 0.348678, paupr_m: 0.449098, dauc: 0.914405, daupr: 0.373959, daupr_m: 0.431670
Epoch: 459 loss: 0.000022, pauc: 0.900026, paupr: 0.325736, paupr_m: 0.436845, dauc: 0.914304, daupr: 0.379448, daupr_m: 0.434384
Epoch: 469 loss: 0.000021, pauc: 0.904331, paupr: 0.349995, paupr_m: 0.439330, dauc: 0.915084, daupr: 0.395146, daupr_m: 0.434577
Epoch: 479 loss: 0.000021, pauc: 0.898024, paupr: 0.331818, paupr_m: 0.431949, dauc: 0.913805, daupr: 0.364414, daupr_m: 0.441996
Epoch: 489 loss: 0.000020, pauc: 0.894854, paupr: 0.339180, paupr_m: 0.454066, dauc: 0.914007, daupr: 0.368276, daupr_m: 0.439702
Epoch: 499 loss: 0.000020, pauc: 0.883751, paupr: 0.343951, paupr_m: 0.459800, dauc: 0.915717, daupr: 0.398277, daupr_m: 0.437032
Epoch: 509 loss: 0.000021, pauc: 0.899789, paupr: 0.336312, paupr_m: 0.437893, dauc: 0.915002, daupr: 0.384761, daupr_m: 0.437036
Epoch: 519 loss: 0.000020, pauc: 0.911827, paupr: 0.364036, paupr_m: 0.445850, dauc: 0.914855, daupr: 0.378301, daupr_m: 0.433785
Epoch: 529 loss: 0.000020, pauc: 0.890577, paupr: 0.352931, paupr_m: 0.449784, dauc: 0.915147, daupr: 0.399648, daupr_m: 0.437832
Epoch: 539 loss: 0.000020, pauc: 0.901559, paupr: 0.336397, paupr_m: 0.448770, dauc: 0.914697, daupr: 0.376381, daupr_m: 0.442316
Epoch: 549 loss: 0.000020, pauc: 0.895987, paupr: 0.354409, paupr_m: 0.452057, dauc: 0.915435, daupr: 0.392234, daupr_m: 0.436903
Epoch: 559 loss: 0.000020, pauc: 0.901407, paupr: 0.348156, paupr_m: 0.431721, dauc: 0.914118, daupr: 0.364535, daupr_m: 0.438014
Epoch: 569 loss: 0.000020, pauc: 0.893609, paupr: 0.353313, paupr_m: 0.438341, dauc: 0.914465, daupr: 0.380704, daupr_m: 0.440731
Epoch: 579 loss: 0.000019, pauc: 0.890943, paupr: 0.345188, paupr_m: 0.442813, dauc: 0.915475, daupr: 0.398912, daupr_m: 0.439775
Epoch: 589 loss: 0.000019, pauc: 0.885392, paupr: 0.343174, paupr_m: 0.418279, dauc: 0.915548, daupr: 0.393644, daupr_m: 0.439099
Epoch: 599 loss: 0.000020, pauc: 0.886678, paupr: 0.359056, paupr_m: 0.440020, dauc: 0.913730, daupr: 0.364826, daupr_m: 0.439284
Epoch: 609 loss: 0.000021, pauc: 0.889437, paupr: 0.345579, paupr_m: 0.440942, dauc: 0.914537, daupr: 0.385656, daupr_m: 0.440060
Epoch: 619 loss: 0.000020, pauc: 0.888265, paupr: 0.368673, paupr_m: 0.461736, dauc: 0.914826, daupr: 0.378737, daupr_m: 0.443939
Epoch: 629 loss: 0.000019, pauc: 0.890747, paupr: 0.353033, paupr_m: 0.452730, dauc: 0.915032, daupr: 0.392912, daupr_m: 0.444539
Epoch: 639 loss: 0.000019, pauc: 0.902259, paupr: 0.366643, paupr_m: 0.449913, dauc: 0.914899, daupr: 0.395780, daupr_m: 0.440004
Epoch: 649 loss: 0.000019, pauc: 0.892538, paupr: 0.354243, paupr_m: 0.438165, dauc: 0.914504, daupr: 0.373297, daupr_m: 0.443478
Epoch: 659 loss: 0.000019, pauc: 0.893519, paupr: 0.354772, paupr_m: 0.447865, dauc: 0.913650, daupr: 0.362196, daupr_m: 0.443367
Epoch: 669 loss: 0.000019, pauc: 0.908102, paupr: 0.332172, paupr_m: 0.441624, dauc: 0.915527, daupr: 0.388603, daupr_m: 0.446009
Epoch: 679 loss: 0.000019, pauc: 0.900835, paupr: 0.340194, paupr_m: 0.431581, dauc: 0.915084, daupr: 0.391576, daupr_m: 0.444226
Epoch: 689 loss: 0.000019, pauc: 0.896169, paupr: 0.346270, paupr_m: 0.441691, dauc: 0.913726, daupr: 0.368343, daupr_m: 0.443682
Epoch: 699 loss: 0.000019, pauc: 0.885614, paupr: 0.348458, paupr_m: 0.436656, dauc: 0.915020, daupr: 0.388908, daupr_m: 0.445482
Epoch: 709 loss: 0.000019, pauc: 0.905067, paupr: 0.361205, paupr_m: 0.449534, dauc: 0.915146, daupr: 0.388539, daupr_m: 0.442571
Epoch: 719 loss: 0.000019, pauc: 0.899212, paupr: 0.345236, paupr_m: 0.431210, dauc: 0.915255, daupr: 0.387474, daupr_m: 0.444947
Epoch: 729 loss: 0.000019, pauc: 0.886016, paupr: 0.345627, paupr_m: 0.438341, dauc: 0.915025, daupr: 0.386008, daupr_m: 0.444042
Epoch: 739 loss: 0.000019, pauc: 0.884760, paupr: 0.347282, paupr_m: 0.431224, dauc: 0.915228, daupr: 0.393052, daupr_m: 0.447598
Epoch: 749 loss: 0.000019, pauc: 0.885111, paupr: 0.356086, paupr_m: 0.447867, dauc: 0.914946, daupr: 0.387983, daupr_m: 0.445927
Epoch: 759 loss: 0.000019, pauc: 0.895136, paupr: 0.340717, paupr_m: 0.441862, dauc: 0.915139, daupr: 0.387426, daupr_m: 0.445020
Epoch: 769 loss: 0.000020, pauc: 0.884367, paupr: 0.344980, paupr_m: 0.451283, dauc: 0.916325, daupr: 0.415356, daupr_m: 0.447355
Epoch: 779 loss: 0.000019, pauc: 0.895342, paupr: 0.363467, paupr_m: 0.458751, dauc: 0.913867, daupr: 0.367869, daupr_m: 0.448419
Epoch: 789 loss: 0.000020, pauc: 0.912616, paupr: 0.340657, paupr_m: 0.427254, dauc: 0.915267, daupr: 0.396440, daupr_m: 0.443837
Epoch: 799 loss: 0.000020, pauc: 0.893491, paupr: 0.354887, paupr_m: 0.432096, dauc: 0.914745, daupr: 0.390659, daupr_m: 0.444994
Epoch: 809 loss: 0.000019, pauc: 0.905284, paupr: 0.358768, paupr_m: 0.453319, dauc: 0.914813, daupr: 0.389302, daupr_m: 0.445108
Epoch: 819 loss: 0.000020, pauc: 0.889867, paupr: 0.358640, paupr_m: 0.443637, dauc: 0.914370, daupr: 0.378113, daupr_m: 0.445883
Epoch: 829 loss: 0.000019, pauc: 0.891887, paupr: 0.349401, paupr_m: 0.441351, dauc: 0.914755, daupr: 0.378969, daupr_m: 0.444879
Epoch: 839 loss: 0.000019, pauc: 0.903613, paupr: 0.364575, paupr_m: 0.433202, dauc: 0.914337, daupr: 0.377048, daupr_m: 0.444933
Epoch: 849 loss: 0.000018, pauc: 0.899118, paupr: 0.329685, paupr_m: 0.434331, dauc: 0.914309, daupr: 0.387177, daupr_m: 0.445208
Epoch: 859 loss: 0.000019, pauc: 0.894180, paupr: 0.349152, paupr_m: 0.456045, dauc: 0.914085, daupr: 0.373687, daupr_m: 0.446237
Epoch: 869 loss: 0.000020, pauc: 0.893220, paupr: 0.347498, paupr_m: 0.448756, dauc: 0.914609, daupr: 0.380327, daupr_m: 0.444798
Epoch: 879 loss: 0.000019, pauc: 0.884943, paupr: 0.350150, paupr_m: 0.433768, dauc: 0.914842, daupr: 0.389253, daupr_m: 0.445340
Epoch: 889 loss: 0.000019, pauc: 0.893610, paupr: 0.351855, paupr_m: 0.444704, dauc: 0.914488, daupr: 0.382981, daupr_m: 0.445359
Epoch: 899 loss: 0.000019, pauc: 0.890367, paupr: 0.355074, paupr_m: 0.439811, dauc: 0.914943, daupr: 0.381973, daupr_m: 0.445368
Epoch: 909 loss: 0.000019, pauc: 0.902389, paupr: 0.345859, paupr_m: 0.443806, dauc: 0.914024, daupr: 0.373799, daupr_m: 0.446698
Epoch: 919 loss: 0.000018, pauc: 0.910440, paupr: 0.341525, paupr_m: 0.432209, dauc: 0.914259, daupr: 0.377416, daupr_m: 0.445712
Epoch: 929 loss: 0.000019, pauc: 0.907642, paupr: 0.361992, paupr_m: 0.448889, dauc: 0.914770, daupr: 0.382332, daupr_m: 0.445093
Epoch: 939 loss: 0.000018, pauc: 0.897775, paupr: 0.344736, paupr_m: 0.448460, dauc: 0.914522, daupr: 0.382972, daupr_m: 0.445281
Epoch: 949 loss: 0.000020, pauc: 0.895526, paupr: 0.351158, paupr_m: 0.450215, dauc: 0.914544, daupr: 0.380184, daupr_m: 0.445303
Epoch: 959 loss: 0.000018, pauc: 0.902554, paupr: 0.352942, paupr_m: 0.453567, dauc: 0.914543, daupr: 0.384054, daupr_m: 0.446113
Epoch: 969 loss: 0.000020, pauc: 0.890881, paupr: 0.366033, paupr_m: 0.445520, dauc: 0.914740, daupr: 0.383444, daupr_m: 0.445846
Epoch: 979 loss: 0.000018, pauc: 0.893681, paupr: 0.358954, paupr_m: 0.465850, dauc: 0.914518, daupr: 0.379456, daupr_m: 0.446663
Epoch: 989 loss: 0.000018, pauc: 0.889707, paupr: 0.345793, paupr_m: 0.444557, dauc: 0.915768, daupr: 0.396263, daupr_m: 0.445343
Epoch: 999 loss: 0.000019, pauc: 0.895204, paupr: 0.355751, paupr_m: 0.450681, dauc: 0.915042, daupr: 0.386497, daupr_m: 0.446349
Epoch: 9 loss: 0.000512, pauc: 0.906203, paupr: 0.025311, paupr_m: 0.076767, dauc: 0.844201, daupr: 0.342104, daupr_m: 0.392824
Epoch: 19 loss: 0.000339, pauc: 0.907467, paupr: 0.075364, paupr_m: 0.154169, dauc: 0.880504, daupr: 0.374574, daupr_m: 0.433268
Epoch: 29 loss: 0.000239, pauc: 0.911247, paupr: 0.103213, paupr_m: 0.181038, dauc: 0.894654, daupr: 0.358822, daupr_m: 0.396341
Epoch: 39 loss: 0.000170, pauc: 0.917845, paupr: 0.157993, paupr_m: 0.256207, dauc: 0.898055, daupr: 0.334646, daupr_m: 0.364671
Epoch: 49 loss: 0.000128, pauc: 0.913753, paupr: 0.199170, paupr_m: 0.306733, dauc: 0.900920, daupr: 0.354185, daupr_m: 0.401897
Epoch: 59 loss: 0.000099, pauc: 0.908203, paupr: 0.240688, paupr_m: 0.323457, dauc: 0.904298, daupr: 0.371496, daupr_m: 0.432562
Epoch: 69 loss: 0.000080, pauc: 0.897401, paupr: 0.262938, paupr_m: 0.353298, dauc: 0.904358, daupr: 0.363931, daupr_m: 0.420525
Epoch: 79 loss: 0.000066, pauc: 0.908817, paupr: 0.285936, paupr_m: 0.394339, dauc: 0.906843, daupr: 0.365389, daupr_m: 0.412986
Epoch: 89 loss: 0.000057, pauc: 0.913719, paupr: 0.298360, paupr_m: 0.386399, dauc: 0.907200, daupr: 0.376439, daupr_m: 0.419450
Epoch: 99 loss: 0.000049, pauc: 0.889805, paupr: 0.293851, paupr_m: 0.391196, dauc: 0.907112, daupr: 0.372849, daupr_m: 0.422569
Epoch: 109 loss: 0.000045, pauc: 0.901297, paupr: 0.319840, paupr_m: 0.393908, dauc: 0.907450, daupr: 0.376627, daupr_m: 0.427041
Epoch: 119 loss: 0.000041, pauc: 0.895844, paupr: 0.334489, paupr_m: 0.402133, dauc: 0.907465, daupr: 0.370309, daupr_m: 0.422683
Epoch: 129 loss: 0.000037, pauc: 0.894469, paupr: 0.305099, paupr_m: 0.427570, dauc: 0.907726, daupr: 0.375795, daupr_m: 0.425533
Epoch: 139 loss: 0.000035, pauc: 0.906510, paupr: 0.351177, paupr_m: 0.438950, dauc: 0.907982, daupr: 0.377816, daupr_m: 0.429530
Epoch: 149 loss: 0.000033, pauc: 0.871994, paupr: 0.328707, paupr_m: 0.435023, dauc: 0.908645, daupr: 0.382875, daupr_m: 0.426809
Epoch: 159 loss: 0.000032, pauc: 0.897159, paupr: 0.324641, paupr_m: 0.437739, dauc: 0.909101, daupr: 0.381139, daupr_m: 0.428379
Epoch: 169 loss: 0.000031, pauc: 0.896906, paupr: 0.326669, paupr_m: 0.448229, dauc: 0.908263, daupr: 0.371521, daupr_m: 0.432271
Epoch: 179 loss: 0.000029, pauc: 0.887876, paupr: 0.357947, paupr_m: 0.459286, dauc: 0.909285, daupr: 0.386400, daupr_m: 0.435806
Epoch: 189 loss: 0.000029, pauc: 0.895983, paupr: 0.356043, paupr_m: 0.428777, dauc: 0.909663, daupr: 0.385378, daupr_m: 0.438460
Epoch: 199 loss: 0.000028, pauc: 0.903388, paupr: 0.359587, paupr_m: 0.461368, dauc: 0.909596, daupr: 0.381845, daupr_m: 0.436179
Epoch: 209 loss: 0.000027, pauc: 0.882243, paupr: 0.346854, paupr_m: 0.418004, dauc: 0.910372, daupr: 0.391256, daupr_m: 0.438491
Epoch: 219 loss: 0.000028, pauc: 0.890131, paupr: 0.334113, paupr_m: 0.440806, dauc: 0.909985, daupr: 0.384741, daupr_m: 0.439901
Epoch: 229 loss: 0.000027, pauc: 0.905379, paupr: 0.375684, paupr_m: 0.435005, dauc: 0.908924, daupr: 0.374737, daupr_m: 0.440053
Epoch: 239 loss: 0.000028, pauc: 0.877729, paupr: 0.365470, paupr_m: 0.433410, dauc: 0.909808, daupr: 0.387283, daupr_m: 0.448071
Epoch: 249 loss: 0.000026, pauc: 0.892554, paupr: 0.375224, paupr_m: 0.438110, dauc: 0.910858, daupr: 0.390894, daupr_m: 0.442327
Epoch: 259 loss: 0.000025, pauc: 0.900271, paupr: 0.363053, paupr_m: 0.449783, dauc: 0.910263, daupr: 0.383660, daupr_m: 0.442304
Epoch: 269 loss: 0.000025, pauc: 0.904000, paupr: 0.381020, paupr_m: 0.443727, dauc: 0.910317, daupr: 0.392858, daupr_m: 0.448580
Epoch: 279 loss: 0.000024, pauc: 0.876273, paupr: 0.366844, paupr_m: 0.448994, dauc: 0.910337, daupr: 0.383020, daupr_m: 0.449855
Epoch: 289 loss: 0.000023, pauc: 0.876682, paupr: 0.365084, paupr_m: 0.414618, dauc: 0.911320, daupr: 0.395698, daupr_m: 0.449307
Epoch: 299 loss: 0.000024, pauc: 0.886807, paupr: 0.375065, paupr_m: 0.449966, dauc: 0.910698, daupr: 0.396245, daupr_m: 0.452207
Epoch: 309 loss: 0.000024, pauc: 0.884511, paupr: 0.385708, paupr_m: 0.453835, dauc: 0.910921, daupr: 0.392831, daupr_m: 0.452451
Epoch: 319 loss: 0.000024, pauc: 0.902896, paupr: 0.373731, paupr_m: 0.443342, dauc: 0.911275, daupr: 0.391998, daupr_m: 0.451858
Epoch: 329 loss: 0.000024, pauc: 0.920462, paupr: 0.379475, paupr_m: 0.458092, dauc: 0.911336, daupr: 0.392535, daupr_m: 0.452155
Epoch: 339 loss: 0.000022, pauc: 0.904828, paupr: 0.366561, paupr_m: 0.435704, dauc: 0.910796, daupr: 0.385353, daupr_m: 0.456705
Epoch: 349 loss: 0.000022, pauc: 0.871086, paupr: 0.383037, paupr_m: 0.467411, dauc: 0.910415, daupr: 0.379449, daupr_m: 0.454582
Epoch: 359 loss: 0.000022, pauc: 0.874016, paupr: 0.360509, paupr_m: 0.437077, dauc: 0.912369, daupr: 0.404628, daupr_m: 0.455528
Epoch: 369 loss: 0.000022, pauc: 0.899090, paupr: 0.383165, paupr_m: 0.449487, dauc: 0.912650, daupr: 0.414004, daupr_m: 0.460402
Epoch: 379 loss: 0.000023, pauc: 0.888168, paupr: 0.375454, paupr_m: 0.468891, dauc: 0.911664, daupr: 0.400838, daupr_m: 0.461931
Epoch: 389 loss: 0.000022, pauc: 0.883751, paupr: 0.382267, paupr_m: 0.449412, dauc: 0.911421, daupr: 0.393208, daupr_m: 0.455783
Epoch: 399 loss: 0.000021, pauc: 0.896300, paupr: 0.378599, paupr_m: 0.440881, dauc: 0.912286, daupr: 0.400335, daupr_m: 0.459675
Epoch: 409 loss: 0.000021, pauc: 0.901152, paupr: 0.367210, paupr_m: 0.442519, dauc: 0.911616, daupr: 0.392505, daupr_m: 0.461727
Epoch: 419 loss: 0.000021, pauc: 0.888790, paupr: 0.374410, paupr_m: 0.447133, dauc: 0.911926, daupr: 0.401803, daupr_m: 0.462808
Epoch: 429 loss: 0.000021, pauc: 0.905296, paupr: 0.389086, paupr_m: 0.451523, dauc: 0.911678, daupr: 0.394086, daupr_m: 0.459865
Epoch: 439 loss: 0.000021, pauc: 0.904786, paupr: 0.388722, paupr_m: 0.456295, dauc: 0.912418, daupr: 0.408882, daupr_m: 0.469208
Epoch: 449 loss: 0.000021, pauc: 0.892402, paupr: 0.392322, paupr_m: 0.430801, dauc: 0.912174, daupr: 0.403851, daupr_m: 0.465745
Epoch: 459 loss: 0.000021, pauc: 0.898524, paupr: 0.382335, paupr_m: 0.464960, dauc: 0.911848, daupr: 0.395247, daupr_m: 0.463119
Epoch: 469 loss: 0.000022, pauc: 0.892146, paupr: 0.389074, paupr_m: 0.457740, dauc: 0.910832, daupr: 0.391006, daupr_m: 0.465681
Epoch: 479 loss: 0.000021, pauc: 0.901433, paupr: 0.384946, paupr_m: 0.450265, dauc: 0.911461, daupr: 0.387224, daupr_m: 0.463045
Epoch: 489 loss: 0.000021, pauc: 0.907249, paupr: 0.391397, paupr_m: 0.461567, dauc: 0.911171, daupr: 0.386553, daupr_m: 0.467005
Epoch: 499 loss: 0.000020, pauc: 0.890968, paupr: 0.382405, paupr_m: 0.433448, dauc: 0.911638, daupr: 0.392820, daupr_m: 0.468209
Epoch: 509 loss: 0.000021, pauc: 0.886458, paupr: 0.383913, paupr_m: 0.457646, dauc: 0.912400, daupr: 0.400422, daupr_m: 0.467155
Epoch: 519 loss: 0.000020, pauc: 0.901505, paupr: 0.385415, paupr_m: 0.454324, dauc: 0.911601, daupr: 0.395389, daupr_m: 0.465728
Epoch: 529 loss: 0.000020, pauc: 0.883599, paupr: 0.371519, paupr_m: 0.447088, dauc: 0.911815, daupr: 0.395304, daupr_m: 0.469598
Epoch: 539 loss: 0.000020, pauc: 0.895174, paupr: 0.386511, paupr_m: 0.454191, dauc: 0.911996, daupr: 0.393607, daupr_m: 0.471386
Epoch: 549 loss: 0.000020, pauc: 0.887212, paupr: 0.385068, paupr_m: 0.458643, dauc: 0.911099, daupr: 0.389723, daupr_m: 0.472557
Epoch: 559 loss: 0.000020, pauc: 0.896052, paupr: 0.388846, paupr_m: 0.452248, dauc: 0.911656, daupr: 0.402807, daupr_m: 0.470840
Epoch: 569 loss: 0.000021, pauc: 0.871613, paupr: 0.399932, paupr_m: 0.485991, dauc: 0.912826, daupr: 0.407493, daupr_m: 0.472157
Epoch: 579 loss: 0.000020, pauc: 0.902317, paupr: 0.391628, paupr_m: 0.460386, dauc: 0.912036, daupr: 0.408483, daupr_m: 0.470273
Epoch: 589 loss: 0.000020, pauc: 0.895620, paupr: 0.388321, paupr_m: 0.464539, dauc: 0.912734, daupr: 0.419893, daupr_m: 0.470957
Epoch: 599 loss: 0.000021, pauc: 0.881931, paupr: 0.392088, paupr_m: 0.465171, dauc: 0.912250, daupr: 0.404971, daupr_m: 0.471864
Epoch: 609 loss: 0.000019, pauc: 0.874865, paupr: 0.387785, paupr_m: 0.453315, dauc: 0.912179, daupr: 0.408115, daupr_m: 0.473153
Epoch: 619 loss: 0.000019, pauc: 0.887086, paupr: 0.396782, paupr_m: 0.450548, dauc: 0.912229, daupr: 0.403523, daupr_m: 0.475562
Epoch: 629 loss: 0.000021, pauc: 0.885552, paupr: 0.386374, paupr_m: 0.447692, dauc: 0.911138, daupr: 0.381232, daupr_m: 0.475669
Epoch: 639 loss: 0.000020, pauc: 0.893902, paupr: 0.381526, paupr_m: 0.450664, dauc: 0.911469, daupr: 0.392986, daupr_m: 0.474765
Epoch: 649 loss: 0.000020, pauc: 0.888466, paupr: 0.385343, paupr_m: 0.458488, dauc: 0.911377, daupr: 0.390429, daupr_m: 0.477102
Epoch: 659 loss: 0.000020, pauc: 0.900807, paupr: 0.380989, paupr_m: 0.454151, dauc: 0.911107, daupr: 0.394820, daupr_m: 0.472752
Epoch: 669 loss: 0.000020, pauc: 0.893214, paupr: 0.395564, paupr_m: 0.469959, dauc: 0.913454, daupr: 0.419503, daupr_m: 0.475115
Epoch: 679 loss: 0.000019, pauc: 0.894751, paupr: 0.399470, paupr_m: 0.473844, dauc: 0.912724, daupr: 0.410396, daupr_m: 0.474002
Epoch: 689 loss: 0.000019, pauc: 0.886681, paupr: 0.385529, paupr_m: 0.435679, dauc: 0.912361, daupr: 0.409012, daupr_m: 0.475250
Epoch: 699 loss: 0.000019, pauc: 0.881663, paupr: 0.394610, paupr_m: 0.459660, dauc: 0.911312, daupr: 0.390101, daupr_m: 0.474432
Epoch: 709 loss: 0.000019, pauc: 0.874702, paupr: 0.393592, paupr_m: 0.454701, dauc: 0.911839, daupr: 0.395096, daupr_m: 0.473358
Epoch: 719 loss: 0.000019, pauc: 0.869709, paupr: 0.385431, paupr_m: 0.448208, dauc: 0.910963, daupr: 0.387632, daupr_m: 0.475586
Epoch: 729 loss: 0.000020, pauc: 0.874018, paupr: 0.398418, paupr_m: 0.472301, dauc: 0.911622, daupr: 0.407056, daupr_m: 0.481277
Epoch: 739 loss: 0.000020, pauc: 0.889533, paupr: 0.382107, paupr_m: 0.471603, dauc: 0.911764, daupr: 0.394972, daupr_m: 0.477761
Epoch: 749 loss: 0.000019, pauc: 0.878811, paupr: 0.390809, paupr_m: 0.462392, dauc: 0.912164, daupr: 0.402815, daupr_m: 0.475314
Epoch: 759 loss: 0.000019, pauc: 0.881007, paupr: 0.395291, paupr_m: 0.486614, dauc: 0.912225, daupr: 0.412756, daupr_m: 0.476646
Epoch: 769 loss: 0.000022, pauc: 0.890228, paupr: 0.385334, paupr_m: 0.463482, dauc: 0.912193, daupr: 0.407419, daupr_m: 0.476158
Epoch: 779 loss: 0.000019, pauc: 0.878540, paupr: 0.395913, paupr_m: 0.457874, dauc: 0.911717, daupr: 0.399533, daupr_m: 0.477870
Epoch: 789 loss: 0.000020, pauc: 0.890327, paupr: 0.400392, paupr_m: 0.490000, dauc: 0.911818, daupr: 0.400035, daupr_m: 0.476286
Epoch: 799 loss: 0.000019, pauc: 0.877346, paupr: 0.410723, paupr_m: 0.496317, dauc: 0.912413, daupr: 0.405410, daupr_m: 0.475463
Epoch: 809 loss: 0.000019, pauc: 0.884369, paupr: 0.393540, paupr_m: 0.463127, dauc: 0.912632, daupr: 0.411352, daupr_m: 0.477279
Epoch: 819 loss: 0.000019, pauc: 0.905725, paupr: 0.389131, paupr_m: 0.471601, dauc: 0.911864, daupr: 0.399333, daupr_m: 0.476152
Epoch: 829 loss: 0.000018, pauc: 0.865944, paupr: 0.397365, paupr_m: 0.495044, dauc: 0.911761, daupr: 0.399950, daupr_m: 0.476869
Epoch: 839 loss: 0.000019, pauc: 0.893948, paupr: 0.407476, paupr_m: 0.488843, dauc: 0.912458, daupr: 0.409684, daupr_m: 0.478393
Epoch: 849 loss: 0.000021, pauc: 0.883210, paupr: 0.401574, paupr_m: 0.472084, dauc: 0.911899, daupr: 0.409856, daupr_m: 0.480364
Epoch: 859 loss: 0.000019, pauc: 0.892266, paupr: 0.390765, paupr_m: 0.475310, dauc: 0.911431, daupr: 0.394328, daupr_m: 0.477578
Epoch: 869 loss: 0.000019, pauc: 0.908288, paupr: 0.394812, paupr_m: 0.468037, dauc: 0.912065, daupr: 0.399015, daupr_m: 0.479501
Epoch: 879 loss: 0.000019, pauc: 0.891040, paupr: 0.396984, paupr_m: 0.490489, dauc: 0.911731, daupr: 0.400993, daupr_m: 0.477640
Epoch: 889 loss: 0.000019, pauc: 0.885986, paupr: 0.394636, paupr_m: 0.453527, dauc: 0.912233, daupr: 0.415225, daupr_m: 0.476446
Epoch: 899 loss: 0.000019, pauc: 0.884736, paupr: 0.384717, paupr_m: 0.477881, dauc: 0.911886, daupr: 0.401421, daupr_m: 0.478524
Epoch: 909 loss: 0.000019, pauc: 0.906591, paupr: 0.399204, paupr_m: 0.479690, dauc: 0.911722, daupr: 0.389565, daupr_m: 0.479073
Epoch: 919 loss: 0.000019, pauc: 0.882625, paupr: 0.405403, paupr_m: 0.476895, dauc: 0.911064, daupr: 0.394488, daupr_m: 0.478800
Epoch: 929 loss: 0.000020, pauc: 0.884159, paupr: 0.390594, paupr_m: 0.472858, dauc: 0.911899, daupr: 0.393605, daupr_m: 0.478299
Epoch: 939 loss: 0.000019, pauc: 0.855884, paupr: 0.391658, paupr_m: 0.460947, dauc: 0.911367, daupr: 0.396194, daupr_m: 0.477846
Epoch: 949 loss: 0.000019, pauc: 0.888909, paupr: 0.399331, paupr_m: 0.464005, dauc: 0.911437, daupr: 0.391094, daupr_m: 0.477895
Epoch: 959 loss: 0.000020, pauc: 0.894821, paupr: 0.397644, paupr_m: 0.465139, dauc: 0.911756, daupr: 0.396576, daupr_m: 0.477599
Epoch: 969 loss: 0.000019, pauc: 0.900721, paupr: 0.398970, paupr_m: 0.468855, dauc: 0.912012, daupr: 0.402802, daupr_m: 0.479224
Epoch: 979 loss: 0.000019, pauc: 0.892445, paupr: 0.389529, paupr_m: 0.457377, dauc: 0.911563, daupr: 0.393393, daupr_m: 0.478162
Epoch: 989 loss: 0.000020, pauc: 0.879831, paupr: 0.395045, paupr_m: 0.465358, dauc: 0.911996, daupr: 0.396695, daupr_m: 0.478178
Epoch: 999 loss: 0.000018, pauc: 0.886231, paupr: 0.397052, paupr_m: 0.465058, dauc: 0.911668, daupr: 0.397931, daupr_m: 0.477368
