{'epoch': 1000, 'lr': 8e-05, 'wd': 0, 'sim_threshold': 0.7, 'loss_p_weight': 0.993, 'loss_d_weight': 0.994, 'loss_weight': 0.002, 'a1': 1e-08, 'a2': 1e-08, 'dropout': 0, 'graph_dropout': 0, 'fr_dim': [4096, [1426, 1024], [681, 256], 4447], 'fd_dim': [2048, [1426, 1024], [681, 256], 4447]}
Epoch: 9 loss: 0.002177, pauc: 0.952042, paupr: 0.519440, paupr_m: 0.537007, dauc: 0.813824, daupr: 0.075549, daupr_m: 0.158486
Epoch: 19 loss: 0.000832, pauc: 0.976342, paupr: 0.800597, paupr_m: 0.746561, dauc: 0.828193, daupr: 0.139029, daupr_m: 0.243088
Epoch: 29 loss: 0.000476, pauc: 0.980917, paupr: 0.861344, paupr_m: 0.809995, dauc: 0.842158, daupr: 0.120916, daupr_m: 0.208118
Epoch: 39 loss: 0.000341, pauc: 0.980982, paupr: 0.875221, paupr_m: 0.832460, dauc: 0.848309, daupr: 0.172416, daupr_m: 0.247446
Epoch: 49 loss: 0.000282, pauc: 0.983059, paupr: 0.886348, paupr_m: 0.845011, dauc: 0.857489, daupr: 0.213301, daupr_m: 0.296952
Epoch: 59 loss: 0.000251, pauc: 0.982312, paupr: 0.893349, paupr_m: 0.860711, dauc: 0.866197, daupr: 0.223054, daupr_m: 0.291659
Epoch: 69 loss: 0.000234, pauc: 0.982637, paupr: 0.898897, paupr_m: 0.864107, dauc: 0.871798, daupr: 0.256420, daupr_m: 0.336111
Epoch: 79 loss: 0.000222, pauc: 0.982214, paupr: 0.901792, paupr_m: 0.865683, dauc: 0.877353, daupr: 0.277468, daupr_m: 0.347238
Epoch: 89 loss: 0.000215, pauc: 0.982230, paupr: 0.903556, paupr_m: 0.867952, dauc: 0.882597, daupr: 0.301325, daupr_m: 0.368439
Epoch: 99 loss: 0.000209, pauc: 0.982161, paupr: 0.904743, paupr_m: 0.868713, dauc: 0.886970, daupr: 0.321180, daupr_m: 0.380433
Epoch: 109 loss: 0.000204, pauc: 0.982114, paupr: 0.905431, paupr_m: 0.868748, dauc: 0.890769, daupr: 0.338654, daupr_m: 0.385683
Epoch: 119 loss: 0.000200, pauc: 0.981944, paupr: 0.905999, paupr_m: 0.868792, dauc: 0.894260, daupr: 0.354956, daupr_m: 0.394846
Epoch: 129 loss: 0.000197, pauc: 0.981793, paupr: 0.906522, paupr_m: 0.869392, dauc: 0.897299, daupr: 0.366425, daupr_m: 0.412498
Epoch: 139 loss: 0.000194, pauc: 0.981425, paupr: 0.906715, paupr_m: 0.869063, dauc: 0.899989, daupr: 0.374911, daupr_m: 0.421602
Epoch: 149 loss: 0.000192, pauc: 0.980990, paupr: 0.906833, paupr_m: 0.869285, dauc: 0.902364, daupr: 0.381995, daupr_m: 0.424906
Epoch: 159 loss: 0.000190, pauc: 0.980554, paupr: 0.906928, paupr_m: 0.869709, dauc: 0.904368, daupr: 0.388910, daupr_m: 0.428675
Epoch: 169 loss: 0.000188, pauc: 0.980227, paupr: 0.906965, paupr_m: 0.869549, dauc: 0.906046, daupr: 0.394106, daupr_m: 0.439201
Epoch: 179 loss: 0.000187, pauc: 0.979987, paupr: 0.906986, paupr_m: 0.869274, dauc: 0.907542, daupr: 0.398507, daupr_m: 0.444093
Epoch: 189 loss: 0.000186, pauc: 0.979656, paupr: 0.906974, paupr_m: 0.869071, dauc: 0.908899, daupr: 0.402817, daupr_m: 0.449819
Epoch: 199 loss: 0.000184, pauc: 0.979316, paupr: 0.906851, paupr_m: 0.869809, dauc: 0.910126, daupr: 0.405559, daupr_m: 0.451540
Epoch: 209 loss: 0.000183, pauc: 0.978820, paupr: 0.906723, paupr_m: 0.869782, dauc: 0.911229, daupr: 0.408653, daupr_m: 0.456103
Epoch: 219 loss: 0.000182, pauc: 0.978380, paupr: 0.906538, paupr_m: 0.869587, dauc: 0.912241, daupr: 0.410707, daupr_m: 0.465944
Epoch: 229 loss: 0.000182, pauc: 0.977992, paupr: 0.906482, paupr_m: 0.869448, dauc: 0.913153, daupr: 0.413275, daupr_m: 0.469531
Epoch: 239 loss: 0.000181, pauc: 0.977765, paupr: 0.906414, paupr_m: 0.869322, dauc: 0.914031, daupr: 0.415275, daupr_m: 0.474212
Epoch: 249 loss: 0.000180, pauc: 0.977487, paupr: 0.906415, paupr_m: 0.869729, dauc: 0.914852, daupr: 0.417317, daupr_m: 0.472245
Epoch: 259 loss: 0.000179, pauc: 0.977087, paupr: 0.906376, paupr_m: 0.869657, dauc: 0.915668, daupr: 0.419320, daupr_m: 0.470864
Epoch: 269 loss: 0.000179, pauc: 0.976862, paupr: 0.906347, paupr_m: 0.869564, dauc: 0.916411, daupr: 0.420445, daupr_m: 0.466154
Epoch: 279 loss: 0.000178, pauc: 0.976496, paupr: 0.906274, paupr_m: 0.869689, dauc: 0.917134, daupr: 0.422544, daupr_m: 0.464948
Epoch: 289 loss: 0.000178, pauc: 0.976135, paupr: 0.906195, paupr_m: 0.869595, dauc: 0.917781, daupr: 0.423982, daupr_m: 0.467393
Epoch: 299 loss: 0.000177, pauc: 0.975964, paupr: 0.906190, paupr_m: 0.869573, dauc: 0.918381, daupr: 0.425000, daupr_m: 0.468381
Epoch: 309 loss: 0.000177, pauc: 0.975608, paupr: 0.906089, paupr_m: 0.869306, dauc: 0.918969, daupr: 0.425376, daupr_m: 0.470773
Epoch: 319 loss: 0.000176, pauc: 0.975282, paupr: 0.906044, paupr_m: 0.869362, dauc: 0.919519, daupr: 0.426309, daupr_m: 0.472890
Epoch: 329 loss: 0.000176, pauc: 0.975172, paupr: 0.906013, paupr_m: 0.869169, dauc: 0.920019, daupr: 0.427753, daupr_m: 0.472232
Epoch: 339 loss: 0.000176, pauc: 0.974836, paupr: 0.905897, paupr_m: 0.868869, dauc: 0.920505, daupr: 0.427928, daupr_m: 0.473306
Epoch: 349 loss: 0.000175, pauc: 0.974666, paupr: 0.905814, paupr_m: 0.868614, dauc: 0.920983, daupr: 0.429131, daupr_m: 0.474075
Epoch: 359 loss: 0.000175, pauc: 0.974475, paupr: 0.905699, paupr_m: 0.868095, dauc: 0.921395, daupr: 0.429451, daupr_m: 0.475265
Epoch: 369 loss: 0.000175, pauc: 0.974375, paupr: 0.905563, paupr_m: 0.868006, dauc: 0.921820, daupr: 0.430665, daupr_m: 0.476988
Epoch: 379 loss: 0.000174, pauc: 0.974435, paupr: 0.905610, paupr_m: 0.867915, dauc: 0.922182, daupr: 0.431629, daupr_m: 0.478740
Epoch: 389 loss: 0.000174, pauc: 0.974388, paupr: 0.905500, paupr_m: 0.868023, dauc: 0.922549, daupr: 0.432573, daupr_m: 0.479425
Epoch: 399 loss: 0.000174, pauc: 0.974331, paupr: 0.905389, paupr_m: 0.867934, dauc: 0.922889, daupr: 0.433752, daupr_m: 0.481756
Epoch: 409 loss: 0.000174, pauc: 0.973761, paupr: 0.905261, paupr_m: 0.868088, dauc: 0.923212, daupr: 0.435812, daupr_m: 0.483154
Epoch: 419 loss: 0.000173, pauc: 0.973742, paupr: 0.905233, paupr_m: 0.868021, dauc: 0.923519, daupr: 0.437053, daupr_m: 0.483872
Epoch: 429 loss: 0.000173, pauc: 0.973585, paupr: 0.905258, paupr_m: 0.867812, dauc: 0.923814, daupr: 0.437603, daupr_m: 0.485175
Epoch: 439 loss: 0.000173, pauc: 0.973315, paupr: 0.905153, paupr_m: 0.867962, dauc: 0.924104, daupr: 0.438618, daupr_m: 0.485108
Epoch: 449 loss: 0.000173, pauc: 0.973206, paupr: 0.904975, paupr_m: 0.867963, dauc: 0.924385, daupr: 0.439266, daupr_m: 0.492238
Epoch: 459 loss: 0.000173, pauc: 0.973287, paupr: 0.905099, paupr_m: 0.868147, dauc: 0.924651, daupr: 0.440318, daupr_m: 0.492489
Epoch: 469 loss: 0.000172, pauc: 0.972955, paupr: 0.905142, paupr_m: 0.868055, dauc: 0.924908, daupr: 0.440990, daupr_m: 0.492889
Epoch: 479 loss: 0.000173, pauc: 0.972691, paupr: 0.904810, paupr_m: 0.871354, dauc: 0.925133, daupr: 0.441672, daupr_m: 0.494197
Epoch: 489 loss: 0.000173, pauc: 0.972617, paupr: 0.904821, paupr_m: 0.868342, dauc: 0.925356, daupr: 0.442370, daupr_m: 0.494903
Epoch: 499 loss: 0.000172, pauc: 0.972726, paupr: 0.904727, paupr_m: 0.868464, dauc: 0.925567, daupr: 0.443099, daupr_m: 0.495173
Epoch: 509 loss: 0.000172, pauc: 0.972568, paupr: 0.904694, paupr_m: 0.868536, dauc: 0.925775, daupr: 0.443650, daupr_m: 0.495632
Epoch: 519 loss: 0.000172, pauc: 0.972283, paupr: 0.904743, paupr_m: 0.868524, dauc: 0.925974, daupr: 0.444413, daupr_m: 0.489490
Epoch: 529 loss: 0.000172, pauc: 0.972232, paupr: 0.904798, paupr_m: 0.868442, dauc: 0.926161, daupr: 0.445077, daupr_m: 0.488147
Epoch: 539 loss: 0.000172, pauc: 0.971993, paupr: 0.904836, paupr_m: 0.868230, dauc: 0.926326, daupr: 0.445665, daupr_m: 0.489986
Epoch: 549 loss: 0.000172, pauc: 0.971966, paupr: 0.904596, paupr_m: 0.871300, dauc: 0.926482, daupr: 0.446189, daupr_m: 0.492015
Epoch: 559 loss: 0.000172, pauc: 0.971648, paupr: 0.904561, paupr_m: 0.867983, dauc: 0.926640, daupr: 0.447218, daupr_m: 0.493511
Epoch: 569 loss: 0.000172, pauc: 0.971644, paupr: 0.904525, paupr_m: 0.871275, dauc: 0.926794, daupr: 0.447328, daupr_m: 0.494656
Epoch: 579 loss: 0.000172, pauc: 0.971875, paupr: 0.904714, paupr_m: 0.867921, dauc: 0.926912, daupr: 0.447880, daupr_m: 0.494447
Epoch: 589 loss: 0.000172, pauc: 0.971683, paupr: 0.904686, paupr_m: 0.871232, dauc: 0.927033, daupr: 0.448187, daupr_m: 0.493345
Epoch: 599 loss: 0.000171, pauc: 0.971746, paupr: 0.904704, paupr_m: 0.871241, dauc: 0.927166, daupr: 0.448769, daupr_m: 0.493570
Epoch: 609 loss: 0.000171, pauc: 0.971376, paupr: 0.904566, paupr_m: 0.871308, dauc: 0.927248, daupr: 0.449280, daupr_m: 0.493856
Epoch: 619 loss: 0.000171, pauc: 0.971569, paupr: 0.904546, paupr_m: 0.871355, dauc: 0.927328, daupr: 0.449407, daupr_m: 0.494392
Epoch: 629 loss: 0.000171, pauc: 0.971283, paupr: 0.904419, paupr_m: 0.871277, dauc: 0.927417, daupr: 0.449902, daupr_m: 0.496597
Epoch: 639 loss: 0.000171, pauc: 0.971192, paupr: 0.904547, paupr_m: 0.868103, dauc: 0.927465, daupr: 0.450259, daupr_m: 0.498255
Epoch: 649 loss: 0.000171, pauc: 0.971504, paupr: 0.904569, paupr_m: 0.867547, dauc: 0.927531, daupr: 0.450628, daupr_m: 0.499546
Epoch: 659 loss: 0.000171, pauc: 0.971242, paupr: 0.904650, paupr_m: 0.867784, dauc: 0.927577, daupr: 0.451017, daupr_m: 0.501182
Epoch: 669 loss: 0.000171, pauc: 0.971350, paupr: 0.904725, paupr_m: 0.866240, dauc: 0.927636, daupr: 0.451137, daupr_m: 0.501117
Epoch: 679 loss: 0.000171, pauc: 0.971319, paupr: 0.904628, paupr_m: 0.869698, dauc: 0.927699, daupr: 0.451722, daupr_m: 0.500880
Epoch: 689 loss: 0.000171, pauc: 0.970932, paupr: 0.904607, paupr_m: 0.869473, dauc: 0.927707, daupr: 0.451736, daupr_m: 0.501278
Epoch: 699 loss: 0.000171, pauc: 0.970909, paupr: 0.904515, paupr_m: 0.869321, dauc: 0.927743, daupr: 0.452049, daupr_m: 0.498899
Epoch: 709 loss: 0.000171, pauc: 0.971012, paupr: 0.904650, paupr_m: 0.869945, dauc: 0.927747, daupr: 0.452427, daupr_m: 0.499085
Epoch: 719 loss: 0.000171, pauc: 0.971397, paupr: 0.904464, paupr_m: 0.869595, dauc: 0.927778, daupr: 0.452718, daupr_m: 0.499058
Epoch: 729 loss: 0.000171, pauc: 0.971135, paupr: 0.904703, paupr_m: 0.869837, dauc: 0.927772, daupr: 0.453068, daupr_m: 0.499111
Epoch: 739 loss: 0.000171, pauc: 0.970884, paupr: 0.904643, paupr_m: 0.869700, dauc: 0.927775, daupr: 0.453395, daupr_m: 0.506032
Epoch: 749 loss: 0.000171, pauc: 0.970719, paupr: 0.904529, paupr_m: 0.869642, dauc: 0.927791, daupr: 0.453692, daupr_m: 0.506365
Epoch: 759 loss: 0.000171, pauc: 0.970832, paupr: 0.904701, paupr_m: 0.870143, dauc: 0.927805, daupr: 0.454103, daupr_m: 0.506245
Epoch: 769 loss: 0.000171, pauc: 0.971133, paupr: 0.904843, paupr_m: 0.870292, dauc: 0.927820, daupr: 0.454445, daupr_m: 0.507231
Epoch: 779 loss: 0.000171, pauc: 0.970609, paupr: 0.904676, paupr_m: 0.869537, dauc: 0.927801, daupr: 0.454766, daupr_m: 0.507289
Epoch: 789 loss: 0.000171, pauc: 0.970923, paupr: 0.904647, paupr_m: 0.869397, dauc: 0.927808, daupr: 0.455123, daupr_m: 0.506777
Epoch: 799 loss: 0.000171, pauc: 0.971427, paupr: 0.904784, paupr_m: 0.866236, dauc: 0.927797, daupr: 0.455095, daupr_m: 0.507452
Epoch: 809 loss: 0.000170, pauc: 0.971277, paupr: 0.905021, paupr_m: 0.869996, dauc: 0.927810, daupr: 0.455296, daupr_m: 0.508049
Epoch: 819 loss: 0.000171, pauc: 0.971022, paupr: 0.904728, paupr_m: 0.869364, dauc: 0.927786, daupr: 0.455670, daupr_m: 0.509188
Epoch: 829 loss: 0.000170, pauc: 0.970988, paupr: 0.904750, paupr_m: 0.869692, dauc: 0.927771, daupr: 0.455821, daupr_m: 0.510659
Epoch: 839 loss: 0.000171, pauc: 0.971209, paupr: 0.904752, paupr_m: 0.869977, dauc: 0.927783, daupr: 0.456031, daupr_m: 0.510795
Epoch: 849 loss: 0.000170, pauc: 0.970958, paupr: 0.904592, paupr_m: 0.870255, dauc: 0.927773, daupr: 0.456232, daupr_m: 0.511836
Epoch: 859 loss: 0.000170, pauc: 0.970807, paupr: 0.904672, paupr_m: 0.869573, dauc: 0.927761, daupr: 0.456783, daupr_m: 0.512962
Epoch: 869 loss: 0.000171, pauc: 0.970960, paupr: 0.904956, paupr_m: 0.869501, dauc: 0.927748, daupr: 0.456925, daupr_m: 0.512917
Epoch: 879 loss: 0.000171, pauc: 0.970824, paupr: 0.904783, paupr_m: 0.869707, dauc: 0.927719, daupr: 0.457114, daupr_m: 0.513268
Epoch: 889 loss: 0.000171, pauc: 0.971256, paupr: 0.904691, paupr_m: 0.869436, dauc: 0.927712, daupr: 0.457287, daupr_m: 0.513253
Epoch: 899 loss: 0.000170, pauc: 0.971284, paupr: 0.904922, paupr_m: 0.869824, dauc: 0.927665, daupr: 0.457308, daupr_m: 0.511940
Epoch: 909 loss: 0.000170, pauc: 0.971395, paupr: 0.904976, paupr_m: 0.870151, dauc: 0.927606, daupr: 0.457473, daupr_m: 0.512415
Epoch: 919 loss: 0.000170, pauc: 0.971252, paupr: 0.904751, paupr_m: 0.870236, dauc: 0.927545, daupr: 0.457564, daupr_m: 0.512534
Epoch: 929 loss: 0.000170, pauc: 0.970985, paupr: 0.904806, paupr_m: 0.870188, dauc: 0.927501, daupr: 0.457815, daupr_m: 0.512504
Epoch: 939 loss: 0.000170, pauc: 0.971118, paupr: 0.904833, paupr_m: 0.870187, dauc: 0.927445, daupr: 0.458063, daupr_m: 0.512674
Epoch: 949 loss: 0.000170, pauc: 0.971138, paupr: 0.904720, paupr_m: 0.870049, dauc: 0.927379, daupr: 0.458407, daupr_m: 0.515800
Epoch: 959 loss: 0.000170, pauc: 0.971294, paupr: 0.904863, paupr_m: 0.870092, dauc: 0.927311, daupr: 0.458809, daupr_m: 0.515924
Epoch: 969 loss: 0.000170, pauc: 0.971597, paupr: 0.904950, paupr_m: 0.870164, dauc: 0.927256, daupr: 0.459006, daupr_m: 0.515951
Epoch: 979 loss: 0.000170, pauc: 0.971503, paupr: 0.904948, paupr_m: 0.870047, dauc: 0.927199, daupr: 0.459278, daupr_m: 0.515927
Epoch: 989 loss: 0.000170, pauc: 0.971302, paupr: 0.904842, paupr_m: 0.870498, dauc: 0.927095, daupr: 0.459511, daupr_m: 0.515770
Epoch: 999 loss: 0.000170, pauc: 0.971621, paupr: 0.905054, paupr_m: 0.870367, dauc: 0.927028, daupr: 0.459594, daupr_m: 0.515770
Epoch: 9 loss: 0.002178, pauc: 0.850122, paupr: 0.298935, paupr_m: 0.413074, dauc: 0.683711, daupr: 0.037649, daupr_m: 0.109652
Epoch: 19 loss: 0.000838, pauc: 0.905917, paupr: 0.586635, paupr_m: 0.639716, dauc: 0.701223, daupr: 0.087970, daupr_m: 0.138141
Epoch: 29 loss: 0.000486, pauc: 0.918781, paupr: 0.667892, paupr_m: 0.732655, dauc: 0.710181, daupr: 0.056543, daupr_m: 0.135586
Epoch: 39 loss: 0.000348, pauc: 0.918964, paupr: 0.693663, paupr_m: 0.753243, dauc: 0.716771, daupr: 0.093231, daupr_m: 0.155618
Epoch: 49 loss: 0.000289, pauc: 0.921183, paupr: 0.716708, paupr_m: 0.775102, dauc: 0.726582, daupr: 0.128262, daupr_m: 0.180223
Epoch: 59 loss: 0.000258, pauc: 0.921540, paupr: 0.729770, paupr_m: 0.780497, dauc: 0.735520, daupr: 0.133727, daupr_m: 0.184261
Epoch: 69 loss: 0.000240, pauc: 0.921913, paupr: 0.738346, paupr_m: 0.785354, dauc: 0.742973, daupr: 0.169388, daupr_m: 0.206313
Epoch: 79 loss: 0.000228, pauc: 0.921811, paupr: 0.744980, paupr_m: 0.787564, dauc: 0.749997, daupr: 0.189468, daupr_m: 0.212204
Epoch: 89 loss: 0.000220, pauc: 0.921470, paupr: 0.750411, paupr_m: 0.792761, dauc: 0.757082, daupr: 0.209806, daupr_m: 0.226118
Epoch: 99 loss: 0.000214, pauc: 0.921661, paupr: 0.754807, paupr_m: 0.794670, dauc: 0.763065, daupr: 0.225060, daupr_m: 0.237823
Epoch: 109 loss: 0.000209, pauc: 0.921320, paupr: 0.757827, paupr_m: 0.795661, dauc: 0.768263, daupr: 0.238397, daupr_m: 0.255759
Epoch: 119 loss: 0.000205, pauc: 0.920881, paupr: 0.760547, paupr_m: 0.796549, dauc: 0.772987, daupr: 0.249116, daupr_m: 0.264753
Epoch: 129 loss: 0.000202, pauc: 0.920461, paupr: 0.762903, paupr_m: 0.798048, dauc: 0.777147, daupr: 0.259626, daupr_m: 0.270862
Epoch: 139 loss: 0.000199, pauc: 0.920180, paupr: 0.764949, paupr_m: 0.798936, dauc: 0.780841, daupr: 0.267481, daupr_m: 0.277000
Epoch: 149 loss: 0.000197, pauc: 0.919958, paupr: 0.766813, paupr_m: 0.799359, dauc: 0.783927, daupr: 0.276527, daupr_m: 0.284843
Epoch: 159 loss: 0.000195, pauc: 0.919785, paupr: 0.768454, paupr_m: 0.799804, dauc: 0.786692, daupr: 0.283782, daupr_m: 0.288933
Epoch: 169 loss: 0.000193, pauc: 0.919625, paupr: 0.769916, paupr_m: 0.800446, dauc: 0.789291, daupr: 0.290185, daupr_m: 0.293784
Epoch: 179 loss: 0.000191, pauc: 0.919443, paupr: 0.771129, paupr_m: 0.800775, dauc: 0.791612, daupr: 0.295774, daupr_m: 0.299715
Epoch: 189 loss: 0.000190, pauc: 0.919246, paupr: 0.772189, paupr_m: 0.801177, dauc: 0.793812, daupr: 0.299380, daupr_m: 0.302292
Epoch: 199 loss: 0.000189, pauc: 0.919012, paupr: 0.773157, paupr_m: 0.802027, dauc: 0.795935, daupr: 0.303269, daupr_m: 0.307693
Epoch: 209 loss: 0.000188, pauc: 0.919002, paupr: 0.773999, paupr_m: 0.802159, dauc: 0.797902, daupr: 0.307127, daupr_m: 0.310575
Epoch: 219 loss: 0.000186, pauc: 0.918744, paupr: 0.774873, paupr_m: 0.802597, dauc: 0.799647, daupr: 0.310501, daupr_m: 0.314043
Epoch: 229 loss: 0.000185, pauc: 0.918564, paupr: 0.775632, paupr_m: 0.803179, dauc: 0.801323, daupr: 0.313350, daupr_m: 0.317168
Epoch: 239 loss: 0.000185, pauc: 0.918466, paupr: 0.776274, paupr_m: 0.802930, dauc: 0.802960, daupr: 0.316034, daupr_m: 0.319010
Epoch: 249 loss: 0.000184, pauc: 0.918489, paupr: 0.776936, paupr_m: 0.803206, dauc: 0.804521, daupr: 0.318299, daupr_m: 0.320310
Epoch: 259 loss: 0.000183, pauc: 0.918240, paupr: 0.777487, paupr_m: 0.803444, dauc: 0.805959, daupr: 0.320404, daupr_m: 0.325594
Epoch: 269 loss: 0.000183, pauc: 0.918228, paupr: 0.778158, paupr_m: 0.804351, dauc: 0.807330, daupr: 0.322168, daupr_m: 0.327382
Epoch: 279 loss: 0.000182, pauc: 0.918168, paupr: 0.778774, paupr_m: 0.804995, dauc: 0.808604, daupr: 0.323240, daupr_m: 0.327258
Epoch: 289 loss: 0.000181, pauc: 0.918028, paupr: 0.779210, paupr_m: 0.805028, dauc: 0.809780, daupr: 0.324382, daupr_m: 0.333757
Epoch: 299 loss: 0.000181, pauc: 0.918072, paupr: 0.779693, paupr_m: 0.805628, dauc: 0.810885, daupr: 0.325451, daupr_m: 0.334692
Epoch: 309 loss: 0.000181, pauc: 0.918169, paupr: 0.780161, paupr_m: 0.807519, dauc: 0.811924, daupr: 0.327364, daupr_m: 0.334735
Epoch: 319 loss: 0.000180, pauc: 0.918276, paupr: 0.780616, paupr_m: 0.809225, dauc: 0.812899, daupr: 0.328294, daupr_m: 0.337519
Epoch: 329 loss: 0.000180, pauc: 0.918068, paupr: 0.781088, paupr_m: 0.809711, dauc: 0.813818, daupr: 0.329289, daupr_m: 0.341990
Epoch: 339 loss: 0.000180, pauc: 0.917924, paupr: 0.781489, paupr_m: 0.809724, dauc: 0.814695, daupr: 0.330327, daupr_m: 0.343062
Epoch: 349 loss: 0.000179, pauc: 0.918080, paupr: 0.781892, paupr_m: 0.809892, dauc: 0.815566, daupr: 0.331524, daupr_m: 0.345638
Epoch: 359 loss: 0.000179, pauc: 0.917961, paupr: 0.782097, paupr_m: 0.810415, dauc: 0.816396, daupr: 0.332129, daupr_m: 0.348512
Epoch: 369 loss: 0.000178, pauc: 0.918118, paupr: 0.782540, paupr_m: 0.812301, dauc: 0.817103, daupr: 0.333162, daupr_m: 0.353106
Epoch: 379 loss: 0.000178, pauc: 0.918111, paupr: 0.783078, paupr_m: 0.812759, dauc: 0.817813, daupr: 0.333408, daupr_m: 0.353435
Epoch: 389 loss: 0.000178, pauc: 0.917914, paupr: 0.783383, paupr_m: 0.812707, dauc: 0.818515, daupr: 0.334023, daupr_m: 0.353941
Epoch: 399 loss: 0.000178, pauc: 0.918093, paupr: 0.783819, paupr_m: 0.812903, dauc: 0.819152, daupr: 0.334334, daupr_m: 0.354755
Epoch: 409 loss: 0.000177, pauc: 0.918159, paupr: 0.784340, paupr_m: 0.813225, dauc: 0.819730, daupr: 0.334902, daupr_m: 0.354865
Epoch: 419 loss: 0.000177, pauc: 0.918108, paupr: 0.784573, paupr_m: 0.813462, dauc: 0.820309, daupr: 0.335738, daupr_m: 0.355801
Epoch: 429 loss: 0.000177, pauc: 0.918048, paupr: 0.784994, paupr_m: 0.813610, dauc: 0.820858, daupr: 0.336304, daupr_m: 0.356818
Epoch: 439 loss: 0.000177, pauc: 0.917888, paupr: 0.785330, paupr_m: 0.814418, dauc: 0.821395, daupr: 0.336718, daupr_m: 0.357799
Epoch: 449 loss: 0.000177, pauc: 0.917827, paupr: 0.785686, paupr_m: 0.815038, dauc: 0.821871, daupr: 0.336839, daupr_m: 0.358348
Epoch: 459 loss: 0.000176, pauc: 0.917950, paupr: 0.785946, paupr_m: 0.815202, dauc: 0.822324, daupr: 0.337053, daupr_m: 0.360294
Epoch: 469 loss: 0.000176, pauc: 0.917883, paupr: 0.786314, paupr_m: 0.815359, dauc: 0.822781, daupr: 0.337115, daupr_m: 0.359922
Epoch: 479 loss: 0.000176, pauc: 0.918195, paupr: 0.786435, paupr_m: 0.815762, dauc: 0.823278, daupr: 0.337348, daupr_m: 0.364286
Epoch: 489 loss: 0.000176, pauc: 0.918312, paupr: 0.786695, paupr_m: 0.815002, dauc: 0.823684, daupr: 0.337510, daupr_m: 0.362844
Epoch: 499 loss: 0.000176, pauc: 0.917998, paupr: 0.786979, paupr_m: 0.815372, dauc: 0.824061, daupr: 0.337919, daupr_m: 0.360261
Epoch: 509 loss: 0.000176, pauc: 0.917983, paupr: 0.787318, paupr_m: 0.816014, dauc: 0.824449, daupr: 0.338057, daupr_m: 0.362275
Epoch: 519 loss: 0.000176, pauc: 0.918221, paupr: 0.787526, paupr_m: 0.815830, dauc: 0.824732, daupr: 0.338432, daupr_m: 0.364427
Epoch: 529 loss: 0.000175, pauc: 0.917767, paupr: 0.787711, paupr_m: 0.816359, dauc: 0.825059, daupr: 0.338480, daupr_m: 0.364507
Epoch: 539 loss: 0.000175, pauc: 0.917822, paupr: 0.787806, paupr_m: 0.816696, dauc: 0.825367, daupr: 0.338937, daupr_m: 0.363724
Epoch: 549 loss: 0.000175, pauc: 0.917939, paupr: 0.788141, paupr_m: 0.816944, dauc: 0.825643, daupr: 0.339075, daupr_m: 0.364046
Epoch: 559 loss: 0.000175, pauc: 0.918128, paupr: 0.788616, paupr_m: 0.817304, dauc: 0.825914, daupr: 0.339689, daupr_m: 0.364335
Epoch: 569 loss: 0.000175, pauc: 0.917976, paupr: 0.788711, paupr_m: 0.817278, dauc: 0.826202, daupr: 0.340011, daupr_m: 0.367507
Epoch: 579 loss: 0.000175, pauc: 0.918275, paupr: 0.788732, paupr_m: 0.817595, dauc: 0.826510, daupr: 0.340498, daupr_m: 0.367724
Epoch: 589 loss: 0.000175, pauc: 0.917740, paupr: 0.789059, paupr_m: 0.817992, dauc: 0.826821, daupr: 0.340386, daupr_m: 0.368073
Epoch: 599 loss: 0.000175, pauc: 0.917705, paupr: 0.789291, paupr_m: 0.817574, dauc: 0.827120, daupr: 0.340757, daupr_m: 0.368298
Epoch: 609 loss: 0.000175, pauc: 0.918265, paupr: 0.789548, paupr_m: 0.817874, dauc: 0.827379, daupr: 0.340914, daupr_m: 0.369812
Epoch: 619 loss: 0.000175, pauc: 0.918063, paupr: 0.789792, paupr_m: 0.818331, dauc: 0.827662, daupr: 0.340916, daupr_m: 0.370678
Epoch: 629 loss: 0.000175, pauc: 0.917809, paupr: 0.789777, paupr_m: 0.818076, dauc: 0.827942, daupr: 0.340646, daupr_m: 0.370974
Epoch: 639 loss: 0.000175, pauc: 0.918181, paupr: 0.790344, paupr_m: 0.818806, dauc: 0.828229, daupr: 0.340639, daupr_m: 0.371005
Epoch: 649 loss: 0.000175, pauc: 0.918059, paupr: 0.790381, paupr_m: 0.818800, dauc: 0.828470, daupr: 0.340724, daupr_m: 0.371437
Epoch: 659 loss: 0.000174, pauc: 0.917995, paupr: 0.790488, paupr_m: 0.818628, dauc: 0.828753, daupr: 0.340676, daupr_m: 0.371487
Epoch: 669 loss: 0.000175, pauc: 0.918008, paupr: 0.790408, paupr_m: 0.818472, dauc: 0.828981, daupr: 0.340818, daupr_m: 0.372167
Epoch: 679 loss: 0.000174, pauc: 0.918039, paupr: 0.790593, paupr_m: 0.818922, dauc: 0.829197, daupr: 0.340708, daupr_m: 0.373252
Epoch: 689 loss: 0.000175, pauc: 0.917997, paupr: 0.790769, paupr_m: 0.818612, dauc: 0.829425, daupr: 0.340706, daupr_m: 0.373323
Epoch: 699 loss: 0.000174, pauc: 0.917651, paupr: 0.790915, paupr_m: 0.818894, dauc: 0.829651, daupr: 0.340558, daupr_m: 0.373171
Epoch: 709 loss: 0.000175, pauc: 0.918093, paupr: 0.791238, paupr_m: 0.818829, dauc: 0.829846, daupr: 0.340687, daupr_m: 0.373288
Epoch: 719 loss: 0.000174, pauc: 0.917923, paupr: 0.791358, paupr_m: 0.819443, dauc: 0.830074, daupr: 0.340566, daupr_m: 0.373311
Epoch: 729 loss: 0.000174, pauc: 0.918005, paupr: 0.791319, paupr_m: 0.819051, dauc: 0.830301, daupr: 0.340903, daupr_m: 0.373657
Epoch: 739 loss: 0.000174, pauc: 0.918154, paupr: 0.791426, paupr_m: 0.819547, dauc: 0.830476, daupr: 0.341269, daupr_m: 0.373604
Epoch: 749 loss: 0.000174, pauc: 0.918196, paupr: 0.791758, paupr_m: 0.820173, dauc: 0.830695, daupr: 0.341578, daupr_m: 0.373610
Epoch: 759 loss: 0.000174, pauc: 0.918016, paupr: 0.792055, paupr_m: 0.819601, dauc: 0.830900, daupr: 0.341539, daupr_m: 0.373716
Epoch: 769 loss: 0.000174, pauc: 0.918133, paupr: 0.791824, paupr_m: 0.819343, dauc: 0.831085, daupr: 0.341425, daupr_m: 0.373364
Epoch: 779 loss: 0.000174, pauc: 0.918112, paupr: 0.792116, paupr_m: 0.819927, dauc: 0.831261, daupr: 0.341173, daupr_m: 0.373387
Epoch: 789 loss: 0.000174, pauc: 0.917688, paupr: 0.792081, paupr_m: 0.819950, dauc: 0.831466, daupr: 0.341101, daupr_m: 0.373412
Epoch: 799 loss: 0.000174, pauc: 0.917899, paupr: 0.792139, paupr_m: 0.819565, dauc: 0.831624, daupr: 0.340982, daupr_m: 0.373372
Epoch: 809 loss: 0.000174, pauc: 0.918588, paupr: 0.792618, paupr_m: 0.820623, dauc: 0.831776, daupr: 0.340674, daupr_m: 0.372459
Epoch: 819 loss: 0.000174, pauc: 0.918665, paupr: 0.792629, paupr_m: 0.820558, dauc: 0.831964, daupr: 0.340152, daupr_m: 0.372888
Epoch: 829 loss: 0.000174, pauc: 0.918022, paupr: 0.792734, paupr_m: 0.820661, dauc: 0.832144, daupr: 0.340286, daupr_m: 0.372904
Epoch: 839 loss: 0.000174, pauc: 0.917640, paupr: 0.792567, paupr_m: 0.820303, dauc: 0.832308, daupr: 0.340271, daupr_m: 0.379233
Epoch: 849 loss: 0.000174, pauc: 0.918474, paupr: 0.792916, paupr_m: 0.820707, dauc: 0.832404, daupr: 0.340230, daupr_m: 0.379274
Epoch: 859 loss: 0.000174, pauc: 0.918165, paupr: 0.792825, paupr_m: 0.820315, dauc: 0.832574, daupr: 0.340199, daupr_m: 0.379103
Epoch: 869 loss: 0.000174, pauc: 0.918354, paupr: 0.793003, paupr_m: 0.821281, dauc: 0.832689, daupr: 0.339963, daupr_m: 0.381242
Epoch: 879 loss: 0.000173, pauc: 0.918196, paupr: 0.792960, paupr_m: 0.821187, dauc: 0.832787, daupr: 0.339831, daupr_m: 0.381634
Epoch: 889 loss: 0.000174, pauc: 0.917776, paupr: 0.793034, paupr_m: 0.821171, dauc: 0.832911, daupr: 0.339959, daupr_m: 0.381548
Epoch: 899 loss: 0.000173, pauc: 0.918063, paupr: 0.793170, paupr_m: 0.821063, dauc: 0.833059, daupr: 0.340036, daupr_m: 0.381587
Epoch: 909 loss: 0.000173, pauc: 0.917908, paupr: 0.793316, paupr_m: 0.821368, dauc: 0.833142, daupr: 0.340130, daupr_m: 0.381588
Epoch: 919 loss: 0.000173, pauc: 0.917837, paupr: 0.793620, paupr_m: 0.820943, dauc: 0.833249, daupr: 0.340163, daupr_m: 0.381233
Epoch: 929 loss: 0.000174, pauc: 0.917702, paupr: 0.793654, paupr_m: 0.821263, dauc: 0.833354, daupr: 0.340016, daupr_m: 0.381042
Epoch: 939 loss: 0.000173, pauc: 0.917583, paupr: 0.793539, paupr_m: 0.821294, dauc: 0.833451, daupr: 0.340040, daupr_m: 0.381692
Epoch: 949 loss: 0.000173, pauc: 0.918013, paupr: 0.793685, paupr_m: 0.819119, dauc: 0.833523, daupr: 0.340223, daupr_m: 0.381679
Epoch: 959 loss: 0.000173, pauc: 0.918016, paupr: 0.793738, paupr_m: 0.819224, dauc: 0.833614, daupr: 0.340311, daupr_m: 0.381720
Epoch: 969 loss: 0.000173, pauc: 0.918278, paupr: 0.793554, paupr_m: 0.820772, dauc: 0.833670, daupr: 0.340210, daupr_m: 0.381138
Epoch: 979 loss: 0.000173, pauc: 0.918322, paupr: 0.793798, paupr_m: 0.821621, dauc: 0.833701, daupr: 0.339964, daupr_m: 0.381327
Epoch: 989 loss: 0.000173, pauc: 0.917939, paupr: 0.793716, paupr_m: 0.821182, dauc: 0.833780, daupr: 0.339622, daupr_m: 0.381353
Epoch: 999 loss: 0.000173, pauc: 0.918192, paupr: 0.794180, paupr_m: 0.821677, dauc: 0.833832, daupr: 0.339760, daupr_m: 0.381422
Epoch: 9 loss: 0.002176, pauc: 0.866767, paupr: 0.373551, paupr_m: 0.522846, dauc: 0.770116, daupr: 0.075730, daupr_m: 0.129919
Epoch: 19 loss: 0.000846, pauc: 0.906484, paupr: 0.688855, paupr_m: 0.759367, dauc: 0.784230, daupr: 0.218624, daupr_m: 0.222036
Epoch: 29 loss: 0.000482, pauc: 0.916530, paupr: 0.737661, paupr_m: 0.841748, dauc: 0.801640, daupr: 0.120344, daupr_m: 0.175628
Epoch: 39 loss: 0.000344, pauc: 0.917220, paupr: 0.750122, paupr_m: 0.850188, dauc: 0.810208, daupr: 0.223926, daupr_m: 0.233081
Epoch: 49 loss: 0.000284, pauc: 0.919270, paupr: 0.763332, paupr_m: 0.857224, dauc: 0.819154, daupr: 0.254931, daupr_m: 0.258637
Epoch: 59 loss: 0.000252, pauc: 0.916835, paupr: 0.771808, paupr_m: 0.865352, dauc: 0.828016, daupr: 0.264298, daupr_m: 0.271330
Epoch: 69 loss: 0.000235, pauc: 0.915717, paupr: 0.776183, paupr_m: 0.867376, dauc: 0.834911, daupr: 0.290065, daupr_m: 0.304190
Epoch: 79 loss: 0.000223, pauc: 0.915393, paupr: 0.779242, paupr_m: 0.867980, dauc: 0.841359, daupr: 0.305461, daupr_m: 0.317823
Epoch: 89 loss: 0.000215, pauc: 0.914820, paupr: 0.781746, paupr_m: 0.866450, dauc: 0.846667, daupr: 0.316469, daupr_m: 0.330211
Epoch: 99 loss: 0.000209, pauc: 0.914850, paupr: 0.783526, paupr_m: 0.871085, dauc: 0.850873, daupr: 0.336162, daupr_m: 0.356484
Epoch: 109 loss: 0.000205, pauc: 0.914742, paupr: 0.784780, paupr_m: 0.871546, dauc: 0.855000, daupr: 0.351409, daupr_m: 0.375300
Epoch: 119 loss: 0.000201, pauc: 0.914565, paupr: 0.785541, paupr_m: 0.871470, dauc: 0.858583, daupr: 0.364105, daupr_m: 0.384552
Epoch: 129 loss: 0.000198, pauc: 0.914399, paupr: 0.786163, paupr_m: 0.871170, dauc: 0.861752, daupr: 0.375068, daupr_m: 0.396637
Epoch: 139 loss: 0.000195, pauc: 0.914253, paupr: 0.786927, paupr_m: 0.869774, dauc: 0.864657, daupr: 0.385561, daupr_m: 0.414411
Epoch: 149 loss: 0.000193, pauc: 0.914008, paupr: 0.787445, paupr_m: 0.869366, dauc: 0.867379, daupr: 0.394264, daupr_m: 0.425266
Epoch: 159 loss: 0.000191, pauc: 0.913781, paupr: 0.787946, paupr_m: 0.868989, dauc: 0.869728, daupr: 0.401634, daupr_m: 0.433092
Epoch: 169 loss: 0.000189, pauc: 0.913573, paupr: 0.788499, paupr_m: 0.868751, dauc: 0.871791, daupr: 0.408953, daupr_m: 0.436989
Epoch: 179 loss: 0.000187, pauc: 0.913383, paupr: 0.788983, paupr_m: 0.868836, dauc: 0.873594, daupr: 0.412297, daupr_m: 0.441449
Epoch: 189 loss: 0.000186, pauc: 0.913299, paupr: 0.789381, paupr_m: 0.868103, dauc: 0.875363, daupr: 0.415335, daupr_m: 0.446697
Epoch: 199 loss: 0.000184, pauc: 0.913173, paupr: 0.789697, paupr_m: 0.868141, dauc: 0.876983, daupr: 0.417787, daupr_m: 0.452715
Epoch: 209 loss: 0.000183, pauc: 0.913123, paupr: 0.789950, paupr_m: 0.868598, dauc: 0.878360, daupr: 0.420322, daupr_m: 0.456581
Epoch: 219 loss: 0.000182, pauc: 0.913162, paupr: 0.790203, paupr_m: 0.868964, dauc: 0.879583, daupr: 0.422329, daupr_m: 0.472120
Epoch: 229 loss: 0.000181, pauc: 0.913289, paupr: 0.790458, paupr_m: 0.869162, dauc: 0.880815, daupr: 0.423512, daupr_m: 0.471521
Epoch: 239 loss: 0.000181, pauc: 0.913371, paupr: 0.790666, paupr_m: 0.869502, dauc: 0.881971, daupr: 0.423974, daupr_m: 0.472223
Epoch: 249 loss: 0.000180, pauc: 0.913402, paupr: 0.790803, paupr_m: 0.869207, dauc: 0.882976, daupr: 0.425332, daupr_m: 0.475707
Epoch: 259 loss: 0.000179, pauc: 0.913411, paupr: 0.790879, paupr_m: 0.869284, dauc: 0.883962, daupr: 0.426169, daupr_m: 0.478485
Epoch: 269 loss: 0.000179, pauc: 0.913472, paupr: 0.791025, paupr_m: 0.869514, dauc: 0.884896, daupr: 0.426522, daupr_m: 0.478721
Epoch: 279 loss: 0.000178, pauc: 0.913684, paupr: 0.791183, paupr_m: 0.869768, dauc: 0.885741, daupr: 0.426904, daupr_m: 0.479826
Epoch: 289 loss: 0.000178, pauc: 0.913869, paupr: 0.791426, paupr_m: 0.869700, dauc: 0.886539, daupr: 0.426858, daupr_m: 0.483227
Epoch: 299 loss: 0.000177, pauc: 0.913686, paupr: 0.791476, paupr_m: 0.869649, dauc: 0.887275, daupr: 0.426684, daupr_m: 0.484257
Epoch: 309 loss: 0.000177, pauc: 0.913899, paupr: 0.791396, paupr_m: 0.869348, dauc: 0.887960, daupr: 0.426054, daupr_m: 0.485115
Epoch: 319 loss: 0.000176, pauc: 0.913726, paupr: 0.791601, paupr_m: 0.869284, dauc: 0.888607, daupr: 0.426348, daupr_m: 0.479954
Epoch: 329 loss: 0.000176, pauc: 0.913964, paupr: 0.791678, paupr_m: 0.869222, dauc: 0.889237, daupr: 0.426105, daupr_m: 0.482183
Epoch: 339 loss: 0.000175, pauc: 0.913943, paupr: 0.791648, paupr_m: 0.869135, dauc: 0.889774, daupr: 0.426350, daupr_m: 0.481836
Epoch: 349 loss: 0.000175, pauc: 0.913990, paupr: 0.791773, paupr_m: 0.869503, dauc: 0.890300, daupr: 0.425713, daupr_m: 0.483136
Epoch: 359 loss: 0.000175, pauc: 0.914226, paupr: 0.791817, paupr_m: 0.869215, dauc: 0.890765, daupr: 0.425521, daupr_m: 0.481915
Epoch: 369 loss: 0.000174, pauc: 0.914191, paupr: 0.791924, paupr_m: 0.869622, dauc: 0.891161, daupr: 0.425539, daupr_m: 0.481482
Epoch: 379 loss: 0.000174, pauc: 0.914193, paupr: 0.791875, paupr_m: 0.869295, dauc: 0.891553, daupr: 0.425465, daupr_m: 0.485415
Epoch: 389 loss: 0.000174, pauc: 0.914281, paupr: 0.792077, paupr_m: 0.869406, dauc: 0.891924, daupr: 0.425571, daupr_m: 0.485948
Epoch: 399 loss: 0.000174, pauc: 0.914046, paupr: 0.791788, paupr_m: 0.869319, dauc: 0.892300, daupr: 0.425873, daupr_m: 0.489200
Epoch: 409 loss: 0.000173, pauc: 0.914220, paupr: 0.792048, paupr_m: 0.869409, dauc: 0.892622, daupr: 0.426175, daupr_m: 0.496573
Epoch: 419 loss: 0.000173, pauc: 0.914283, paupr: 0.792205, paupr_m: 0.869270, dauc: 0.892933, daupr: 0.426178, daupr_m: 0.496838
Epoch: 429 loss: 0.000173, pauc: 0.913897, paupr: 0.792128, paupr_m: 0.869377, dauc: 0.893235, daupr: 0.426058, daupr_m: 0.496796
Epoch: 439 loss: 0.000173, pauc: 0.914031, paupr: 0.791951, paupr_m: 0.869550, dauc: 0.893499, daupr: 0.426371, daupr_m: 0.498257
Epoch: 449 loss: 0.000173, pauc: 0.914117, paupr: 0.791956, paupr_m: 0.869576, dauc: 0.893736, daupr: 0.426756, daupr_m: 0.497748
Epoch: 459 loss: 0.000172, pauc: 0.913818, paupr: 0.791983, paupr_m: 0.869623, dauc: 0.893959, daupr: 0.426348, daupr_m: 0.497551
Epoch: 469 loss: 0.000172, pauc: 0.913917, paupr: 0.792005, paupr_m: 0.869446, dauc: 0.894175, daupr: 0.426506, daupr_m: 0.491450
Epoch: 479 loss: 0.000172, pauc: 0.914006, paupr: 0.791936, paupr_m: 0.869849, dauc: 0.894332, daupr: 0.426642, daupr_m: 0.491338
Epoch: 489 loss: 0.000172, pauc: 0.913913, paupr: 0.792004, paupr_m: 0.869646, dauc: 0.894489, daupr: 0.426662, daupr_m: 0.490331
Epoch: 499 loss: 0.000172, pauc: 0.914056, paupr: 0.791963, paupr_m: 0.869607, dauc: 0.894622, daupr: 0.426837, daupr_m: 0.490039
Epoch: 509 loss: 0.000172, pauc: 0.914007, paupr: 0.791863, paupr_m: 0.869715, dauc: 0.894733, daupr: 0.427537, daupr_m: 0.490001
Epoch: 519 loss: 0.000171, pauc: 0.913871, paupr: 0.792012, paupr_m: 0.869786, dauc: 0.894818, daupr: 0.427628, daupr_m: 0.490029
Epoch: 529 loss: 0.000171, pauc: 0.914061, paupr: 0.791807, paupr_m: 0.869644, dauc: 0.894906, daupr: 0.427823, daupr_m: 0.490374
Epoch: 539 loss: 0.000171, pauc: 0.914197, paupr: 0.791532, paupr_m: 0.869436, dauc: 0.894960, daupr: 0.428218, daupr_m: 0.490050
Epoch: 549 loss: 0.000171, pauc: 0.913825, paupr: 0.791607, paupr_m: 0.869690, dauc: 0.894982, daupr: 0.428562, daupr_m: 0.489696
Epoch: 559 loss: 0.000171, pauc: 0.913901, paupr: 0.791519, paupr_m: 0.869521, dauc: 0.894994, daupr: 0.428454, daupr_m: 0.489072
Epoch: 569 loss: 0.000171, pauc: 0.913976, paupr: 0.791543, paupr_m: 0.869392, dauc: 0.895008, daupr: 0.428665, daupr_m: 0.489110
Epoch: 579 loss: 0.000171, pauc: 0.913813, paupr: 0.791468, paupr_m: 0.869135, dauc: 0.895013, daupr: 0.428162, daupr_m: 0.490533
Epoch: 589 loss: 0.000171, pauc: 0.913722, paupr: 0.791587, paupr_m: 0.869113, dauc: 0.895017, daupr: 0.428348, daupr_m: 0.490530
Epoch: 599 loss: 0.000171, pauc: 0.914024, paupr: 0.791571, paupr_m: 0.869033, dauc: 0.894969, daupr: 0.428406, daupr_m: 0.490696
Epoch: 609 loss: 0.000171, pauc: 0.913655, paupr: 0.791488, paupr_m: 0.868959, dauc: 0.894926, daupr: 0.428012, daupr_m: 0.490329
Epoch: 619 loss: 0.000171, pauc: 0.913964, paupr: 0.791503, paupr_m: 0.868983, dauc: 0.894887, daupr: 0.428216, daupr_m: 0.490203
Epoch: 629 loss: 0.000171, pauc: 0.914208, paupr: 0.791299, paupr_m: 0.868635, dauc: 0.894832, daupr: 0.428916, daupr_m: 0.490428
Epoch: 639 loss: 0.000170, pauc: 0.913774, paupr: 0.791396, paupr_m: 0.869301, dauc: 0.894796, daupr: 0.428936, daupr_m: 0.490255
Epoch: 649 loss: 0.000170, pauc: 0.914077, paupr: 0.791355, paupr_m: 0.868634, dauc: 0.894759, daupr: 0.429229, daupr_m: 0.490446
Epoch: 659 loss: 0.000170, pauc: 0.914012, paupr: 0.791613, paupr_m: 0.869076, dauc: 0.894682, daupr: 0.429439, daupr_m: 0.490529
Epoch: 669 loss: 0.000170, pauc: 0.913598, paupr: 0.791367, paupr_m: 0.869196, dauc: 0.894628, daupr: 0.429871, daupr_m: 0.489613
Epoch: 679 loss: 0.000170, pauc: 0.914286, paupr: 0.791569, paupr_m: 0.869841, dauc: 0.894520, daupr: 0.430031, daupr_m: 0.489365
Epoch: 689 loss: 0.000170, pauc: 0.913895, paupr: 0.791532, paupr_m: 0.868761, dauc: 0.894460, daupr: 0.429910, daupr_m: 0.489418
Epoch: 699 loss: 0.000170, pauc: 0.914057, paupr: 0.791257, paupr_m: 0.869075, dauc: 0.894357, daupr: 0.430092, daupr_m: 0.489472
Epoch: 709 loss: 0.000170, pauc: 0.913802, paupr: 0.791390, paupr_m: 0.869205, dauc: 0.894251, daupr: 0.430484, daupr_m: 0.489390
Epoch: 719 loss: 0.000170, pauc: 0.913622, paupr: 0.791427, paupr_m: 0.868991, dauc: 0.894152, daupr: 0.430414, daupr_m: 0.489491
Epoch: 729 loss: 0.000170, pauc: 0.914242, paupr: 0.791418, paupr_m: 0.869574, dauc: 0.894048, daupr: 0.430498, daupr_m: 0.486508
Epoch: 739 loss: 0.000170, pauc: 0.913954, paupr: 0.791684, paupr_m: 0.870017, dauc: 0.893921, daupr: 0.431253, daupr_m: 0.486498
Epoch: 749 loss: 0.000169, pauc: 0.913551, paupr: 0.791464, paupr_m: 0.869727, dauc: 0.893783, daupr: 0.431463, daupr_m: 0.486282
Epoch: 759 loss: 0.000169, pauc: 0.913514, paupr: 0.791531, paupr_m: 0.869728, dauc: 0.893673, daupr: 0.431675, daupr_m: 0.486244
Epoch: 769 loss: 0.000170, pauc: 0.914052, paupr: 0.791221, paupr_m: 0.869694, dauc: 0.893569, daupr: 0.431617, daupr_m: 0.486157
Epoch: 779 loss: 0.000169, pauc: 0.913955, paupr: 0.791239, paupr_m: 0.869765, dauc: 0.893465, daupr: 0.431727, daupr_m: 0.485116
Epoch: 789 loss: 0.000170, pauc: 0.914168, paupr: 0.790934, paupr_m: 0.869568, dauc: 0.893361, daupr: 0.431682, daupr_m: 0.485056
Epoch: 799 loss: 0.000169, pauc: 0.913583, paupr: 0.791167, paupr_m: 0.869829, dauc: 0.893244, daupr: 0.431907, daupr_m: 0.484927
Epoch: 809 loss: 0.000169, pauc: 0.913502, paupr: 0.791076, paupr_m: 0.869507, dauc: 0.893099, daupr: 0.432021, daupr_m: 0.484753
Epoch: 819 loss: 0.000169, pauc: 0.913616, paupr: 0.791259, paupr_m: 0.869612, dauc: 0.892969, daupr: 0.432459, daupr_m: 0.485280
Epoch: 829 loss: 0.000169, pauc: 0.913209, paupr: 0.791271, paupr_m: 0.869721, dauc: 0.892842, daupr: 0.432777, daupr_m: 0.485126
Epoch: 839 loss: 0.000169, pauc: 0.914319, paupr: 0.791249, paupr_m: 0.869725, dauc: 0.892701, daupr: 0.433193, daupr_m: 0.484589
Epoch: 849 loss: 0.000169, pauc: 0.912995, paupr: 0.790887, paupr_m: 0.869411, dauc: 0.892562, daupr: 0.433283, daupr_m: 0.484569
Epoch: 859 loss: 0.000169, pauc: 0.913210, paupr: 0.791073, paupr_m: 0.869638, dauc: 0.892434, daupr: 0.433504, daupr_m: 0.484576
Epoch: 869 loss: 0.000169, pauc: 0.913833, paupr: 0.791008, paupr_m: 0.870011, dauc: 0.892278, daupr: 0.433874, daupr_m: 0.484840
Epoch: 879 loss: 0.000169, pauc: 0.913441, paupr: 0.791268, paupr_m: 0.869545, dauc: 0.892148, daupr: 0.433765, daupr_m: 0.484797
Epoch: 889 loss: 0.000170, pauc: 0.913868, paupr: 0.791040, paupr_m: 0.869531, dauc: 0.892025, daupr: 0.434068, daupr_m: 0.484899
Epoch: 899 loss: 0.000169, pauc: 0.913527, paupr: 0.791075, paupr_m: 0.870031, dauc: 0.891875, daupr: 0.434261, daupr_m: 0.485923
Epoch: 909 loss: 0.000169, pauc: 0.913464, paupr: 0.790892, paupr_m: 0.869118, dauc: 0.891727, daupr: 0.434632, daupr_m: 0.485777
Epoch: 919 loss: 0.000169, pauc: 0.913502, paupr: 0.791056, paupr_m: 0.869804, dauc: 0.891579, daupr: 0.434699, daupr_m: 0.485770
Epoch: 929 loss: 0.000169, pauc: 0.913644, paupr: 0.791156, paupr_m: 0.870145, dauc: 0.891449, daupr: 0.434850, daupr_m: 0.485795
Epoch: 939 loss: 0.000169, pauc: 0.913993, paupr: 0.791397, paupr_m: 0.870156, dauc: 0.891283, daupr: 0.435041, daupr_m: 0.486677
Epoch: 949 loss: 0.000169, pauc: 0.913298, paupr: 0.791018, paupr_m: 0.870116, dauc: 0.891136, daupr: 0.435155, daupr_m: 0.486965
Epoch: 959 loss: 0.000169, pauc: 0.913259, paupr: 0.790843, paupr_m: 0.869829, dauc: 0.890971, daupr: 0.435316, daupr_m: 0.486855
Epoch: 969 loss: 0.000169, pauc: 0.913457, paupr: 0.791098, paupr_m: 0.869969, dauc: 0.890838, daupr: 0.435569, daupr_m: 0.486881
Epoch: 979 loss: 0.000169, pauc: 0.913328, paupr: 0.790990, paupr_m: 0.869528, dauc: 0.890710, daupr: 0.435535, daupr_m: 0.486839
Epoch: 989 loss: 0.000169, pauc: 0.913163, paupr: 0.790788, paupr_m: 0.869777, dauc: 0.890561, daupr: 0.435843, daupr_m: 0.486848
Epoch: 999 loss: 0.000169, pauc: 0.913116, paupr: 0.790859, paupr_m: 0.870097, dauc: 0.890421, daupr: 0.435878, daupr_m: 0.486885
Epoch: 9 loss: 0.002207, pauc: 0.879546, paupr: 0.347544, paupr_m: 0.424711, dauc: 0.715967, daupr: 0.043465, daupr_m: 0.104711
Epoch: 19 loss: 0.000849, pauc: 0.925568, paupr: 0.599466, paupr_m: 0.670847, dauc: 0.730383, daupr: 0.087738, daupr_m: 0.128878
Epoch: 29 loss: 0.000483, pauc: 0.938566, paupr: 0.682391, paupr_m: 0.769481, dauc: 0.747422, daupr: 0.058861, daupr_m: 0.127560
Epoch: 39 loss: 0.000342, pauc: 0.941820, paupr: 0.718077, paupr_m: 0.795657, dauc: 0.758532, daupr: 0.108376, daupr_m: 0.159108
Epoch: 49 loss: 0.000283, pauc: 0.942870, paupr: 0.738843, paupr_m: 0.806428, dauc: 0.771450, daupr: 0.102742, daupr_m: 0.165087
Epoch: 59 loss: 0.000252, pauc: 0.943018, paupr: 0.751347, paupr_m: 0.809985, dauc: 0.783762, daupr: 0.124169, daupr_m: 0.178567
Epoch: 69 loss: 0.000235, pauc: 0.943489, paupr: 0.761176, paupr_m: 0.819780, dauc: 0.793461, daupr: 0.133013, daupr_m: 0.188341
Epoch: 79 loss: 0.000223, pauc: 0.944641, paupr: 0.768985, paupr_m: 0.820985, dauc: 0.802342, daupr: 0.147222, daupr_m: 0.208615
Epoch: 89 loss: 0.000215, pauc: 0.944778, paupr: 0.774861, paupr_m: 0.823184, dauc: 0.810121, daupr: 0.158904, daupr_m: 0.229316
Epoch: 99 loss: 0.000209, pauc: 0.944716, paupr: 0.779819, paupr_m: 0.824549, dauc: 0.817012, daupr: 0.171080, daupr_m: 0.241747
Epoch: 109 loss: 0.000205, pauc: 0.944574, paupr: 0.783728, paupr_m: 0.825315, dauc: 0.823003, daupr: 0.183671, daupr_m: 0.243963
Epoch: 119 loss: 0.000201, pauc: 0.944395, paupr: 0.786986, paupr_m: 0.825570, dauc: 0.828322, daupr: 0.195482, daupr_m: 0.252764
Epoch: 129 loss: 0.000198, pauc: 0.944159, paupr: 0.789666, paupr_m: 0.826398, dauc: 0.832708, daupr: 0.205569, daupr_m: 0.270211
Epoch: 139 loss: 0.000195, pauc: 0.944088, paupr: 0.791972, paupr_m: 0.827029, dauc: 0.836357, daupr: 0.215101, daupr_m: 0.278018
Epoch: 149 loss: 0.000193, pauc: 0.944026, paupr: 0.794013, paupr_m: 0.827179, dauc: 0.839591, daupr: 0.223330, daupr_m: 0.285563
Epoch: 159 loss: 0.000191, pauc: 0.943954, paupr: 0.795703, paupr_m: 0.828188, dauc: 0.842201, daupr: 0.230128, daupr_m: 0.291928
Epoch: 169 loss: 0.000189, pauc: 0.943864, paupr: 0.797195, paupr_m: 0.828777, dauc: 0.844396, daupr: 0.235491, daupr_m: 0.305322
Epoch: 179 loss: 0.000188, pauc: 0.943850, paupr: 0.798580, paupr_m: 0.829154, dauc: 0.846234, daupr: 0.240574, daupr_m: 0.312486
Epoch: 189 loss: 0.000186, pauc: 0.943949, paupr: 0.799770, paupr_m: 0.829502, dauc: 0.847911, daupr: 0.244879, daupr_m: 0.318774
Epoch: 199 loss: 0.000185, pauc: 0.944054, paupr: 0.800636, paupr_m: 0.829947, dauc: 0.849568, daupr: 0.248635, daupr_m: 0.323274
Epoch: 209 loss: 0.000184, pauc: 0.944315, paupr: 0.801687, paupr_m: 0.830167, dauc: 0.850991, daupr: 0.251859, daupr_m: 0.327704
Epoch: 219 loss: 0.000183, pauc: 0.944462, paupr: 0.802546, paupr_m: 0.830355, dauc: 0.852283, daupr: 0.254585, daupr_m: 0.340370
Epoch: 229 loss: 0.000182, pauc: 0.944580, paupr: 0.803315, paupr_m: 0.830473, dauc: 0.853519, daupr: 0.257138, daupr_m: 0.345094
Epoch: 239 loss: 0.000181, pauc: 0.944754, paupr: 0.804064, paupr_m: 0.830589, dauc: 0.854619, daupr: 0.259122, daupr_m: 0.349331
Epoch: 249 loss: 0.000180, pauc: 0.944533, paupr: 0.804788, paupr_m: 0.830919, dauc: 0.855635, daupr: 0.261643, daupr_m: 0.352850
Epoch: 259 loss: 0.000180, pauc: 0.944843, paupr: 0.805256, paupr_m: 0.830874, dauc: 0.856494, daupr: 0.264257, daupr_m: 0.361561
Epoch: 269 loss: 0.000179, pauc: 0.944761, paupr: 0.805799, paupr_m: 0.831251, dauc: 0.857228, daupr: 0.265732, daupr_m: 0.366492
Epoch: 279 loss: 0.000178, pauc: 0.944670, paupr: 0.806376, paupr_m: 0.831514, dauc: 0.857926, daupr: 0.267186, daupr_m: 0.368753
Epoch: 289 loss: 0.000178, pauc: 0.944846, paupr: 0.806876, paupr_m: 0.832322, dauc: 0.858656, daupr: 0.268477, daupr_m: 0.376359
Epoch: 299 loss: 0.000178, pauc: 0.944613, paupr: 0.807216, paupr_m: 0.832437, dauc: 0.859209, daupr: 0.270006, daupr_m: 0.379218
Epoch: 309 loss: 0.000177, pauc: 0.944640, paupr: 0.807673, paupr_m: 0.833169, dauc: 0.859670, daupr: 0.271047, daupr_m: 0.383011
Epoch: 319 loss: 0.000177, pauc: 0.944499, paupr: 0.808078, paupr_m: 0.833202, dauc: 0.860121, daupr: 0.272217, daupr_m: 0.385982
Epoch: 329 loss: 0.000176, pauc: 0.944348, paupr: 0.808255, paupr_m: 0.833434, dauc: 0.860513, daupr: 0.273279, daupr_m: 0.393507
Epoch: 339 loss: 0.000176, pauc: 0.944204, paupr: 0.808688, paupr_m: 0.833966, dauc: 0.860897, daupr: 0.274078, daupr_m: 0.395489
Epoch: 349 loss: 0.000175, pauc: 0.944106, paupr: 0.809100, paupr_m: 0.833934, dauc: 0.861232, daupr: 0.274813, daupr_m: 0.395399
Epoch: 359 loss: 0.000175, pauc: 0.944102, paupr: 0.809247, paupr_m: 0.834109, dauc: 0.861531, daupr: 0.277252, daupr_m: 0.397024
Epoch: 369 loss: 0.000175, pauc: 0.943768, paupr: 0.809393, paupr_m: 0.834268, dauc: 0.861790, daupr: 0.278578, daupr_m: 0.397524
Epoch: 379 loss: 0.000175, pauc: 0.943902, paupr: 0.809804, paupr_m: 0.834396, dauc: 0.862034, daupr: 0.279576, daupr_m: 0.399455
Epoch: 389 loss: 0.000174, pauc: 0.943760, paupr: 0.809819, paupr_m: 0.834524, dauc: 0.862202, daupr: 0.280266, daupr_m: 0.405806
Epoch: 399 loss: 0.000174, pauc: 0.943567, paupr: 0.810106, paupr_m: 0.834515, dauc: 0.862349, daupr: 0.280849, daupr_m: 0.406824
Epoch: 409 loss: 0.000174, pauc: 0.943505, paupr: 0.810355, paupr_m: 0.834634, dauc: 0.862443, daupr: 0.281477, daupr_m: 0.407300
Epoch: 419 loss: 0.000174, pauc: 0.943399, paupr: 0.810454, paupr_m: 0.834616, dauc: 0.862472, daupr: 0.282405, daupr_m: 0.407585
Epoch: 429 loss: 0.000174, pauc: 0.943209, paupr: 0.810426, paupr_m: 0.834512, dauc: 0.862477, daupr: 0.283339, daupr_m: 0.407850
Epoch: 439 loss: 0.000173, pauc: 0.943200, paupr: 0.810848, paupr_m: 0.835010, dauc: 0.862518, daupr: 0.283845, daupr_m: 0.415376
Epoch: 449 loss: 0.000173, pauc: 0.943125, paupr: 0.810866, paupr_m: 0.834796, dauc: 0.862499, daupr: 0.284748, daupr_m: 0.419484
Epoch: 459 loss: 0.000173, pauc: 0.943152, paupr: 0.810840, paupr_m: 0.835144, dauc: 0.862439, daupr: 0.285415, daupr_m: 0.420018
Epoch: 469 loss: 0.000173, pauc: 0.942759, paupr: 0.810778, paupr_m: 0.835568, dauc: 0.862382, daupr: 0.286056, daupr_m: 0.421165
Epoch: 479 loss: 0.000173, pauc: 0.942937, paupr: 0.811078, paupr_m: 0.835401, dauc: 0.862308, daupr: 0.287119, daupr_m: 0.421678
Epoch: 489 loss: 0.000172, pauc: 0.942948, paupr: 0.811298, paupr_m: 0.835362, dauc: 0.862188, daupr: 0.288078, daupr_m: 0.421999
Epoch: 499 loss: 0.000172, pauc: 0.942864, paupr: 0.811359, paupr_m: 0.835460, dauc: 0.862020, daupr: 0.289007, daupr_m: 0.422120
Epoch: 509 loss: 0.000172, pauc: 0.942684, paupr: 0.811005, paupr_m: 0.835398, dauc: 0.861872, daupr: 0.289790, daupr_m: 0.422781
Epoch: 519 loss: 0.000172, pauc: 0.942537, paupr: 0.811254, paupr_m: 0.835418, dauc: 0.861704, daupr: 0.290280, daupr_m: 0.422924
Epoch: 529 loss: 0.000172, pauc: 0.942527, paupr: 0.811289, paupr_m: 0.835783, dauc: 0.861493, daupr: 0.290730, daupr_m: 0.422815
Epoch: 539 loss: 0.000172, pauc: 0.942474, paupr: 0.811297, paupr_m: 0.835781, dauc: 0.861278, daupr: 0.291428, daupr_m: 0.422883
Epoch: 549 loss: 0.000172, pauc: 0.942264, paupr: 0.811493, paupr_m: 0.835734, dauc: 0.861071, daupr: 0.291617, daupr_m: 0.424288
Epoch: 559 loss: 0.000172, pauc: 0.942440, paupr: 0.811650, paupr_m: 0.835944, dauc: 0.860845, daupr: 0.291685, daupr_m: 0.424457
Epoch: 569 loss: 0.000172, pauc: 0.942526, paupr: 0.811585, paupr_m: 0.836212, dauc: 0.860585, daupr: 0.292571, daupr_m: 0.424985
Epoch: 579 loss: 0.000172, pauc: 0.942278, paupr: 0.811472, paupr_m: 0.836266, dauc: 0.860340, daupr: 0.293207, daupr_m: 0.424988
Epoch: 589 loss: 0.000172, pauc: 0.942291, paupr: 0.811829, paupr_m: 0.835640, dauc: 0.860101, daupr: 0.293850, daupr_m: 0.425729
Epoch: 599 loss: 0.000172, pauc: 0.942102, paupr: 0.811899, paupr_m: 0.835886, dauc: 0.859851, daupr: 0.294462, daupr_m: 0.425095
Epoch: 609 loss: 0.000172, pauc: 0.941942, paupr: 0.811447, paupr_m: 0.836644, dauc: 0.859525, daupr: 0.295066, daupr_m: 0.425953
Epoch: 619 loss: 0.000172, pauc: 0.941726, paupr: 0.811459, paupr_m: 0.836799, dauc: 0.859211, daupr: 0.295660, daupr_m: 0.425964
Epoch: 629 loss: 0.000171, pauc: 0.942282, paupr: 0.812053, paupr_m: 0.836609, dauc: 0.858908, daupr: 0.296163, daupr_m: 0.426035
Epoch: 639 loss: 0.000171, pauc: 0.941954, paupr: 0.811829, paupr_m: 0.836600, dauc: 0.858524, daupr: 0.296629, daupr_m: 0.426186
Epoch: 649 loss: 0.000171, pauc: 0.941723, paupr: 0.811854, paupr_m: 0.836552, dauc: 0.858186, daupr: 0.297332, daupr_m: 0.425987
Epoch: 659 loss: 0.000171, pauc: 0.942197, paupr: 0.812042, paupr_m: 0.836551, dauc: 0.857841, daupr: 0.297784, daupr_m: 0.426834
Epoch: 669 loss: 0.000171, pauc: 0.942097, paupr: 0.811781, paupr_m: 0.836323, dauc: 0.857474, daupr: 0.297821, daupr_m: 0.426979
Epoch: 679 loss: 0.000171, pauc: 0.941967, paupr: 0.812046, paupr_m: 0.837080, dauc: 0.857054, daupr: 0.298319, daupr_m: 0.426906
Epoch: 689 loss: 0.000171, pauc: 0.941990, paupr: 0.811956, paupr_m: 0.836695, dauc: 0.856707, daupr: 0.298580, daupr_m: 0.426912
Epoch: 699 loss: 0.000171, pauc: 0.941851, paupr: 0.812259, paupr_m: 0.837160, dauc: 0.856318, daupr: 0.299021, daupr_m: 0.426853
Epoch: 709 loss: 0.000171, pauc: 0.941571, paupr: 0.812038, paupr_m: 0.836763, dauc: 0.855899, daupr: 0.299338, daupr_m: 0.427785
Epoch: 719 loss: 0.000171, pauc: 0.941943, paupr: 0.812245, paupr_m: 0.837046, dauc: 0.855522, daupr: 0.299788, daupr_m: 0.427774
Epoch: 729 loss: 0.000171, pauc: 0.941553, paupr: 0.812355, paupr_m: 0.837313, dauc: 0.855121, daupr: 0.300234, daupr_m: 0.428333
Epoch: 739 loss: 0.000171, pauc: 0.941545, paupr: 0.812149, paupr_m: 0.837135, dauc: 0.854723, daupr: 0.300476, daupr_m: 0.428645
Epoch: 749 loss: 0.000171, pauc: 0.941893, paupr: 0.812498, paupr_m: 0.836860, dauc: 0.854366, daupr: 0.301317, daupr_m: 0.428885
Epoch: 759 loss: 0.000171, pauc: 0.941963, paupr: 0.812467, paupr_m: 0.836874, dauc: 0.853965, daupr: 0.301503, daupr_m: 0.432173
Epoch: 769 loss: 0.000171, pauc: 0.941003, paupr: 0.812148, paupr_m: 0.837018, dauc: 0.853591, daupr: 0.302094, daupr_m: 0.438687
Epoch: 779 loss: 0.000171, pauc: 0.941418, paupr: 0.812185, paupr_m: 0.837075, dauc: 0.853217, daupr: 0.302523, daupr_m: 0.438894
Epoch: 789 loss: 0.000171, pauc: 0.942011, paupr: 0.812606, paupr_m: 0.836893, dauc: 0.852834, daupr: 0.302809, daupr_m: 0.438897
Epoch: 799 loss: 0.000171, pauc: 0.941088, paupr: 0.812543, paupr_m: 0.837363, dauc: 0.852431, daupr: 0.303570, daupr_m: 0.438976
Epoch: 809 loss: 0.000170, pauc: 0.941673, paupr: 0.812334, paupr_m: 0.837024, dauc: 0.852082, daupr: 0.303592, daupr_m: 0.439301
Epoch: 819 loss: 0.000170, pauc: 0.941715, paupr: 0.812578, paupr_m: 0.837207, dauc: 0.851728, daupr: 0.303928, daupr_m: 0.439290
Epoch: 829 loss: 0.000171, pauc: 0.940705, paupr: 0.812519, paupr_m: 0.837303, dauc: 0.851362, daupr: 0.304316, daupr_m: 0.439275
Epoch: 839 loss: 0.000171, pauc: 0.941159, paupr: 0.812392, paupr_m: 0.837321, dauc: 0.850983, daupr: 0.304656, daupr_m: 0.440083
Epoch: 849 loss: 0.000171, pauc: 0.940828, paupr: 0.812407, paupr_m: 0.837510, dauc: 0.850614, daupr: 0.305217, daupr_m: 0.440031
Epoch: 859 loss: 0.000171, pauc: 0.940510, paupr: 0.812401, paupr_m: 0.837123, dauc: 0.850275, daupr: 0.305567, daupr_m: 0.440115
Epoch: 869 loss: 0.000170, pauc: 0.941477, paupr: 0.812582, paupr_m: 0.836912, dauc: 0.849942, daupr: 0.305867, daupr_m: 0.439301
Epoch: 879 loss: 0.000171, pauc: 0.940952, paupr: 0.812430, paupr_m: 0.837730, dauc: 0.849628, daupr: 0.306129, daupr_m: 0.439583
Epoch: 889 loss: 0.000170, pauc: 0.941322, paupr: 0.812715, paupr_m: 0.837298, dauc: 0.849289, daupr: 0.306240, daupr_m: 0.439491
Epoch: 899 loss: 0.000171, pauc: 0.940825, paupr: 0.812777, paupr_m: 0.838646, dauc: 0.848931, daupr: 0.306609, daupr_m: 0.439551
Epoch: 909 loss: 0.000170, pauc: 0.940962, paupr: 0.812631, paupr_m: 0.837679, dauc: 0.848595, daupr: 0.306913, daupr_m: 0.439762
Epoch: 919 loss: 0.000171, pauc: 0.941706, paupr: 0.812732, paupr_m: 0.837251, dauc: 0.848256, daupr: 0.307274, daupr_m: 0.438671
Epoch: 929 loss: 0.000170, pauc: 0.941174, paupr: 0.812908, paupr_m: 0.837325, dauc: 0.847902, daupr: 0.307453, daupr_m: 0.439608
Epoch: 939 loss: 0.000170, pauc: 0.940514, paupr: 0.812699, paupr_m: 0.837267, dauc: 0.847549, daupr: 0.307816, daupr_m: 0.438687
Epoch: 949 loss: 0.000170, pauc: 0.941428, paupr: 0.812726, paupr_m: 0.836904, dauc: 0.847245, daupr: 0.307916, daupr_m: 0.438518
Epoch: 959 loss: 0.000170, pauc: 0.941089, paupr: 0.812858, paupr_m: 0.837415, dauc: 0.846902, daupr: 0.308243, daupr_m: 0.438482
Epoch: 969 loss: 0.000170, pauc: 0.940520, paupr: 0.812860, paupr_m: 0.837561, dauc: 0.846597, daupr: 0.308582, daupr_m: 0.438447
Epoch: 979 loss: 0.000170, pauc: 0.941041, paupr: 0.813306, paupr_m: 0.837604, dauc: 0.846261, daupr: 0.308995, daupr_m: 0.438336
Epoch: 989 loss: 0.000170, pauc: 0.940281, paupr: 0.813139, paupr_m: 0.838028, dauc: 0.845905, daupr: 0.309118, daupr_m: 0.438390
Epoch: 999 loss: 0.000170, pauc: 0.940984, paupr: 0.812847, paupr_m: 0.837375, dauc: 0.845590, daupr: 0.309577, daupr_m: 0.438501
Epoch: 9 loss: 0.002149, pauc: 0.895386, paupr: 0.458496, paupr_m: 0.501976, dauc: 0.755329, daupr: 0.069253, daupr_m: 0.140489
Epoch: 19 loss: 0.000809, pauc: 0.929844, paupr: 0.690042, paupr_m: 0.704345, dauc: 0.767833, daupr: 0.178769, daupr_m: 0.238311
Epoch: 29 loss: 0.000464, pauc: 0.935104, paupr: 0.741369, paupr_m: 0.778042, dauc: 0.780117, daupr: 0.108030, daupr_m: 0.188173
Epoch: 39 loss: 0.000332, pauc: 0.936405, paupr: 0.763972, paupr_m: 0.796896, dauc: 0.786769, daupr: 0.173787, daupr_m: 0.223160
Epoch: 49 loss: 0.000276, pauc: 0.937214, paupr: 0.776263, paupr_m: 0.811997, dauc: 0.794209, daupr: 0.194252, daupr_m: 0.249570
Epoch: 59 loss: 0.000247, pauc: 0.936342, paupr: 0.782777, paupr_m: 0.818646, dauc: 0.802216, daupr: 0.202931, daupr_m: 0.253758
Epoch: 69 loss: 0.000230, pauc: 0.936155, paupr: 0.789024, paupr_m: 0.827434, dauc: 0.808681, daupr: 0.227850, daupr_m: 0.275993
Epoch: 79 loss: 0.000219, pauc: 0.936050, paupr: 0.793960, paupr_m: 0.833039, dauc: 0.814591, daupr: 0.239246, daupr_m: 0.288637
Epoch: 89 loss: 0.000211, pauc: 0.935815, paupr: 0.797917, paupr_m: 0.836437, dauc: 0.820391, daupr: 0.253109, daupr_m: 0.304080
Epoch: 99 loss: 0.000205, pauc: 0.935591, paupr: 0.800906, paupr_m: 0.839514, dauc: 0.825350, daupr: 0.263607, daupr_m: 0.308973
Epoch: 109 loss: 0.000201, pauc: 0.935375, paupr: 0.803334, paupr_m: 0.840450, dauc: 0.829560, daupr: 0.272372, daupr_m: 0.315658
Epoch: 119 loss: 0.000197, pauc: 0.935247, paupr: 0.805348, paupr_m: 0.840950, dauc: 0.833532, daupr: 0.279778, daupr_m: 0.327962
Epoch: 129 loss: 0.000194, pauc: 0.935129, paupr: 0.807016, paupr_m: 0.842511, dauc: 0.837155, daupr: 0.286516, daupr_m: 0.335201
Epoch: 139 loss: 0.000191, pauc: 0.934906, paupr: 0.808424, paupr_m: 0.843016, dauc: 0.840274, daupr: 0.292577, daupr_m: 0.340851
Epoch: 149 loss: 0.000189, pauc: 0.934665, paupr: 0.809688, paupr_m: 0.844089, dauc: 0.842956, daupr: 0.297641, daupr_m: 0.345973
Epoch: 159 loss: 0.000187, pauc: 0.934390, paupr: 0.810698, paupr_m: 0.844647, dauc: 0.845255, daupr: 0.302540, daupr_m: 0.353103
Epoch: 169 loss: 0.000185, pauc: 0.934235, paupr: 0.811611, paupr_m: 0.844990, dauc: 0.847394, daupr: 0.307126, daupr_m: 0.356990
Epoch: 179 loss: 0.000184, pauc: 0.934128, paupr: 0.812409, paupr_m: 0.845343, dauc: 0.849267, daupr: 0.310313, daupr_m: 0.358469
Epoch: 189 loss: 0.000183, pauc: 0.934112, paupr: 0.813299, paupr_m: 0.845741, dauc: 0.850837, daupr: 0.314353, daupr_m: 0.363096
Epoch: 199 loss: 0.000181, pauc: 0.934022, paupr: 0.814030, paupr_m: 0.846231, dauc: 0.852281, daupr: 0.316987, daupr_m: 0.371554
Epoch: 209 loss: 0.000180, pauc: 0.934028, paupr: 0.814663, paupr_m: 0.846165, dauc: 0.853562, daupr: 0.319183, daupr_m: 0.371559
Epoch: 219 loss: 0.000179, pauc: 0.933986, paupr: 0.815358, paupr_m: 0.846831, dauc: 0.854704, daupr: 0.321560, daupr_m: 0.380497
Epoch: 229 loss: 0.000179, pauc: 0.933914, paupr: 0.815872, paupr_m: 0.846722, dauc: 0.855691, daupr: 0.322429, daupr_m: 0.385654
Epoch: 239 loss: 0.000178, pauc: 0.933848, paupr: 0.816407, paupr_m: 0.846821, dauc: 0.856602, daupr: 0.324599, daupr_m: 0.392629
Epoch: 249 loss: 0.000177, pauc: 0.933843, paupr: 0.816829, paupr_m: 0.846912, dauc: 0.857397, daupr: 0.326614, daupr_m: 0.394023
Epoch: 259 loss: 0.000176, pauc: 0.933831, paupr: 0.817304, paupr_m: 0.847072, dauc: 0.858028, daupr: 0.327984, daupr_m: 0.393339
Epoch: 269 loss: 0.000176, pauc: 0.933822, paupr: 0.817810, paupr_m: 0.847155, dauc: 0.858610, daupr: 0.329467, daupr_m: 0.393844
Epoch: 279 loss: 0.000175, pauc: 0.933813, paupr: 0.818186, paupr_m: 0.847051, dauc: 0.859136, daupr: 0.330158, daupr_m: 0.401711
Epoch: 289 loss: 0.000175, pauc: 0.933628, paupr: 0.818596, paupr_m: 0.847034, dauc: 0.859548, daupr: 0.329551, daupr_m: 0.400023
Epoch: 299 loss: 0.000174, pauc: 0.933695, paupr: 0.819003, paupr_m: 0.847344, dauc: 0.859863, daupr: 0.330005, daupr_m: 0.400138
Epoch: 309 loss: 0.000174, pauc: 0.933589, paupr: 0.819321, paupr_m: 0.847274, dauc: 0.860083, daupr: 0.328998, daupr_m: 0.399713
Epoch: 319 loss: 0.000173, pauc: 0.933671, paupr: 0.819618, paupr_m: 0.847310, dauc: 0.860215, daupr: 0.329292, daupr_m: 0.400731
Epoch: 329 loss: 0.000173, pauc: 0.933663, paupr: 0.819882, paupr_m: 0.847214, dauc: 0.860334, daupr: 0.329673, daupr_m: 0.401479
Epoch: 339 loss: 0.000173, pauc: 0.933705, paupr: 0.820097, paupr_m: 0.847885, dauc: 0.860418, daupr: 0.329874, daupr_m: 0.401541
Epoch: 349 loss: 0.000172, pauc: 0.933768, paupr: 0.820425, paupr_m: 0.848095, dauc: 0.860430, daupr: 0.329905, daupr_m: 0.401893
Epoch: 359 loss: 0.000172, pauc: 0.933722, paupr: 0.820703, paupr_m: 0.847961, dauc: 0.860386, daupr: 0.330044, daupr_m: 0.402106
Epoch: 369 loss: 0.000172, pauc: 0.933815, paupr: 0.821136, paupr_m: 0.849058, dauc: 0.860218, daupr: 0.330411, daupr_m: 0.402891
Epoch: 379 loss: 0.000171, pauc: 0.933460, paupr: 0.821097, paupr_m: 0.848210, dauc: 0.860048, daupr: 0.329881, daupr_m: 0.404961
Epoch: 389 loss: 0.000171, pauc: 0.933693, paupr: 0.821586, paupr_m: 0.848674, dauc: 0.859849, daupr: 0.329541, daupr_m: 0.406313
Epoch: 399 loss: 0.000171, pauc: 0.933764, paupr: 0.821742, paupr_m: 0.848720, dauc: 0.859583, daupr: 0.329675, daupr_m: 0.409292
Epoch: 409 loss: 0.000171, pauc: 0.933711, paupr: 0.821974, paupr_m: 0.848980, dauc: 0.859309, daupr: 0.329256, daupr_m: 0.408055
Epoch: 419 loss: 0.000170, pauc: 0.933472, paupr: 0.822351, paupr_m: 0.849126, dauc: 0.858996, daupr: 0.329369, daupr_m: 0.407723
Epoch: 429 loss: 0.000170, pauc: 0.933516, paupr: 0.822462, paupr_m: 0.849510, dauc: 0.858650, daupr: 0.329832, daupr_m: 0.406333
Epoch: 439 loss: 0.000170, pauc: 0.933611, paupr: 0.822838, paupr_m: 0.849364, dauc: 0.858298, daupr: 0.329872, daupr_m: 0.408128
Epoch: 449 loss: 0.000170, pauc: 0.933421, paupr: 0.822986, paupr_m: 0.849402, dauc: 0.857879, daupr: 0.330032, daupr_m: 0.408740
Epoch: 459 loss: 0.000170, pauc: 0.933730, paupr: 0.823176, paupr_m: 0.849511, dauc: 0.857457, daupr: 0.330303, daupr_m: 0.409193
Epoch: 469 loss: 0.000169, pauc: 0.933413, paupr: 0.823447, paupr_m: 0.848926, dauc: 0.857052, daupr: 0.330386, daupr_m: 0.409193
Epoch: 479 loss: 0.000169, pauc: 0.933320, paupr: 0.823609, paupr_m: 0.849152, dauc: 0.856595, daupr: 0.330242, daupr_m: 0.409221
Epoch: 489 loss: 0.000169, pauc: 0.933377, paupr: 0.823715, paupr_m: 0.849726, dauc: 0.856112, daupr: 0.330247, daupr_m: 0.416223
Epoch: 499 loss: 0.000169, pauc: 0.933482, paupr: 0.824094, paupr_m: 0.848794, dauc: 0.855661, daupr: 0.330067, daupr_m: 0.416523
Epoch: 509 loss: 0.000169, pauc: 0.933394, paupr: 0.824089, paupr_m: 0.849124, dauc: 0.855224, daupr: 0.329872, daupr_m: 0.418786
Epoch: 519 loss: 0.000169, pauc: 0.933283, paupr: 0.824230, paupr_m: 0.848978, dauc: 0.854732, daupr: 0.329990, daupr_m: 0.418938
Epoch: 529 loss: 0.000169, pauc: 0.933157, paupr: 0.824452, paupr_m: 0.848669, dauc: 0.854320, daupr: 0.330109, daupr_m: 0.419019
Epoch: 539 loss: 0.000169, pauc: 0.933472, paupr: 0.824529, paupr_m: 0.848967, dauc: 0.853938, daupr: 0.329433, daupr_m: 0.412538
Epoch: 549 loss: 0.000169, pauc: 0.933712, paupr: 0.824736, paupr_m: 0.849646, dauc: 0.853552, daupr: 0.329468, daupr_m: 0.412422
Epoch: 559 loss: 0.000169, pauc: 0.933451, paupr: 0.824683, paupr_m: 0.849174, dauc: 0.853160, daupr: 0.329469, daupr_m: 0.412589
Epoch: 569 loss: 0.000169, pauc: 0.933601, paupr: 0.825126, paupr_m: 0.849357, dauc: 0.852789, daupr: 0.329459, daupr_m: 0.412830
Epoch: 579 loss: 0.000168, pauc: 0.933516, paupr: 0.825128, paupr_m: 0.849486, dauc: 0.852414, daupr: 0.329205, daupr_m: 0.412863
Epoch: 589 loss: 0.000168, pauc: 0.933317, paupr: 0.825192, paupr_m: 0.849099, dauc: 0.852038, daupr: 0.329266, daupr_m: 0.412894
Epoch: 599 loss: 0.000168, pauc: 0.933270, paupr: 0.825370, paupr_m: 0.848997, dauc: 0.851692, daupr: 0.329424, daupr_m: 0.412929
Epoch: 609 loss: 0.000168, pauc: 0.933347, paupr: 0.825464, paupr_m: 0.849295, dauc: 0.851336, daupr: 0.329737, daupr_m: 0.413014
Epoch: 619 loss: 0.000168, pauc: 0.933012, paupr: 0.825489, paupr_m: 0.849406, dauc: 0.850990, daupr: 0.329299, daupr_m: 0.416160
Epoch: 629 loss: 0.000168, pauc: 0.932946, paupr: 0.825702, paupr_m: 0.849531, dauc: 0.850635, daupr: 0.329456, daupr_m: 0.416150
Epoch: 639 loss: 0.000168, pauc: 0.932653, paupr: 0.825583, paupr_m: 0.849596, dauc: 0.850304, daupr: 0.329780, daupr_m: 0.416741
Epoch: 649 loss: 0.000168, pauc: 0.932732, paupr: 0.825496, paupr_m: 0.849164, dauc: 0.849976, daupr: 0.329986, daupr_m: 0.416713
Epoch: 659 loss: 0.000168, pauc: 0.933159, paupr: 0.825702, paupr_m: 0.849631, dauc: 0.849650, daupr: 0.330025, daupr_m: 0.416939
Epoch: 669 loss: 0.000168, pauc: 0.933015, paupr: 0.825894, paupr_m: 0.849628, dauc: 0.849354, daupr: 0.330084, daupr_m: 0.417037
Epoch: 679 loss: 0.000168, pauc: 0.933196, paupr: 0.825958, paupr_m: 0.849214, dauc: 0.849058, daupr: 0.329824, daupr_m: 0.417009
Epoch: 689 loss: 0.000168, pauc: 0.933246, paupr: 0.826005, paupr_m: 0.849717, dauc: 0.848746, daupr: 0.329423, daupr_m: 0.417670
Epoch: 699 loss: 0.000168, pauc: 0.933012, paupr: 0.826182, paupr_m: 0.849602, dauc: 0.848416, daupr: 0.329558, daupr_m: 0.417582
Epoch: 709 loss: 0.000167, pauc: 0.932838, paupr: 0.826250, paupr_m: 0.849501, dauc: 0.848154, daupr: 0.329859, daupr_m: 0.418007
Epoch: 719 loss: 0.000168, pauc: 0.932911, paupr: 0.826297, paupr_m: 0.849476, dauc: 0.847856, daupr: 0.329938, daupr_m: 0.419170
Epoch: 729 loss: 0.000168, pauc: 0.932627, paupr: 0.826378, paupr_m: 0.850134, dauc: 0.847580, daupr: 0.329772, daupr_m: 0.419372
Epoch: 739 loss: 0.000168, pauc: 0.932901, paupr: 0.826348, paupr_m: 0.849688, dauc: 0.847320, daupr: 0.329852, daupr_m: 0.425562
Epoch: 749 loss: 0.000168, pauc: 0.933431, paupr: 0.826608, paupr_m: 0.850308, dauc: 0.847016, daupr: 0.329707, daupr_m: 0.426464
Epoch: 759 loss: 0.000168, pauc: 0.933038, paupr: 0.826312, paupr_m: 0.850428, dauc: 0.846747, daupr: 0.329975, daupr_m: 0.425289
Epoch: 769 loss: 0.000167, pauc: 0.932856, paupr: 0.826646, paupr_m: 0.850372, dauc: 0.846457, daupr: 0.330158, daupr_m: 0.425083
Epoch: 779 loss: 0.000167, pauc: 0.933022, paupr: 0.826755, paupr_m: 0.850511, dauc: 0.846187, daupr: 0.330171, daupr_m: 0.424972
Epoch: 789 loss: 0.000167, pauc: 0.932899, paupr: 0.826804, paupr_m: 0.849695, dauc: 0.845904, daupr: 0.330446, daupr_m: 0.426361
Epoch: 799 loss: 0.000167, pauc: 0.932574, paupr: 0.826761, paupr_m: 0.849841, dauc: 0.845632, daupr: 0.330369, daupr_m: 0.426299
Epoch: 809 loss: 0.000167, pauc: 0.932709, paupr: 0.826665, paupr_m: 0.849821, dauc: 0.845358, daupr: 0.330256, daupr_m: 0.426240
Epoch: 819 loss: 0.000167, pauc: 0.932594, paupr: 0.827016, paupr_m: 0.850364, dauc: 0.845080, daupr: 0.330441, daupr_m: 0.426629
Epoch: 829 loss: 0.000167, pauc: 0.932591, paupr: 0.826726, paupr_m: 0.849810, dauc: 0.844812, daupr: 0.330174, daupr_m: 0.426715
Epoch: 839 loss: 0.000167, pauc: 0.933151, paupr: 0.826703, paupr_m: 0.849468, dauc: 0.844555, daupr: 0.330222, daupr_m: 0.427193
Epoch: 849 loss: 0.000167, pauc: 0.933201, paupr: 0.826923, paupr_m: 0.849717, dauc: 0.844294, daupr: 0.330079, daupr_m: 0.429413
Epoch: 859 loss: 0.000168, pauc: 0.933165, paupr: 0.827184, paupr_m: 0.850243, dauc: 0.844034, daupr: 0.330217, daupr_m: 0.429491
Epoch: 869 loss: 0.000167, pauc: 0.932809, paupr: 0.827174, paupr_m: 0.850644, dauc: 0.843806, daupr: 0.330245, daupr_m: 0.429588
Epoch: 879 loss: 0.000167, pauc: 0.932556, paupr: 0.826953, paupr_m: 0.849850, dauc: 0.843564, daupr: 0.330254, daupr_m: 0.429596
Epoch: 889 loss: 0.000167, pauc: 0.932777, paupr: 0.827027, paupr_m: 0.849777, dauc: 0.843349, daupr: 0.330547, daupr_m: 0.429547
Epoch: 899 loss: 0.000167, pauc: 0.932818, paupr: 0.827108, paupr_m: 0.849984, dauc: 0.843097, daupr: 0.330569, daupr_m: 0.429516
Epoch: 909 loss: 0.000167, pauc: 0.932334, paupr: 0.827134, paupr_m: 0.850525, dauc: 0.842869, daupr: 0.330468, daupr_m: 0.429392
Epoch: 919 loss: 0.000167, pauc: 0.932129, paupr: 0.826855, paupr_m: 0.849994, dauc: 0.842642, daupr: 0.330174, daupr_m: 0.429226
Epoch: 929 loss: 0.000167, pauc: 0.932357, paupr: 0.827118, paupr_m: 0.850667, dauc: 0.842433, daupr: 0.330073, daupr_m: 0.429190
Epoch: 939 loss: 0.000167, pauc: 0.932834, paupr: 0.827213, paupr_m: 0.850849, dauc: 0.842191, daupr: 0.330128, daupr_m: 0.427513
Epoch: 949 loss: 0.000167, pauc: 0.932774, paupr: 0.827414, paupr_m: 0.851315, dauc: 0.841993, daupr: 0.330145, daupr_m: 0.427803
Epoch: 959 loss: 0.000167, pauc: 0.932513, paupr: 0.827336, paupr_m: 0.850323, dauc: 0.841756, daupr: 0.330385, daupr_m: 0.427800
Epoch: 969 loss: 0.000167, pauc: 0.932777, paupr: 0.827264, paupr_m: 0.851040, dauc: 0.841571, daupr: 0.330382, daupr_m: 0.428118
Epoch: 979 loss: 0.000167, pauc: 0.932610, paupr: 0.827314, paupr_m: 0.850758, dauc: 0.841390, daupr: 0.330268, daupr_m: 0.428468
Epoch: 989 loss: 0.000167, pauc: 0.933347, paupr: 0.827537, paupr_m: 0.851383, dauc: 0.841215, daupr: 0.330317, daupr_m: 0.428388
Epoch: 999 loss: 0.000167, pauc: 0.932983, paupr: 0.827437, paupr_m: 0.850233, dauc: 0.841009, daupr: 0.330415, daupr_m: 0.421792
Epoch: 9 loss: 0.002195, pauc: 0.912948, paupr: 0.461630, paupr_m: 0.545886, dauc: 0.700604, daupr: 0.042004, daupr_m: 0.116333
Epoch: 19 loss: 0.000831, pauc: 0.940668, paupr: 0.713820, paupr_m: 0.754872, dauc: 0.712668, daupr: 0.113142, daupr_m: 0.208742
Epoch: 29 loss: 0.000476, pauc: 0.946624, paupr: 0.761058, paupr_m: 0.831002, dauc: 0.725975, daupr: 0.071538, daupr_m: 0.165152
Epoch: 39 loss: 0.000341, pauc: 0.949946, paupr: 0.789574, paupr_m: 0.850401, dauc: 0.732401, daupr: 0.107017, daupr_m: 0.205022
Epoch: 49 loss: 0.000282, pauc: 0.953213, paupr: 0.814000, paupr_m: 0.889548, dauc: 0.741518, daupr: 0.143922, daupr_m: 0.243288
Epoch: 59 loss: 0.000251, pauc: 0.953960, paupr: 0.823740, paupr_m: 0.898555, dauc: 0.750486, daupr: 0.145174, daupr_m: 0.245876
Epoch: 69 loss: 0.000233, pauc: 0.954137, paupr: 0.830213, paupr_m: 0.905019, dauc: 0.757792, daupr: 0.167511, daupr_m: 0.278466
Epoch: 79 loss: 0.000222, pauc: 0.954557, paupr: 0.835382, paupr_m: 0.911410, dauc: 0.764538, daupr: 0.178372, daupr_m: 0.282395
Epoch: 89 loss: 0.000214, pauc: 0.954505, paupr: 0.838806, paupr_m: 0.913659, dauc: 0.770403, daupr: 0.188103, daupr_m: 0.300821
Epoch: 99 loss: 0.000208, pauc: 0.954261, paupr: 0.841320, paupr_m: 0.917582, dauc: 0.775655, daupr: 0.199462, daupr_m: 0.324021
Epoch: 109 loss: 0.000203, pauc: 0.954103, paupr: 0.843929, paupr_m: 0.920453, dauc: 0.780784, daupr: 0.206190, daupr_m: 0.329037
Epoch: 119 loss: 0.000199, pauc: 0.953895, paupr: 0.845991, paupr_m: 0.922455, dauc: 0.785402, daupr: 0.213196, daupr_m: 0.339563
Epoch: 129 loss: 0.000196, pauc: 0.953743, paupr: 0.847677, paupr_m: 0.923603, dauc: 0.789341, daupr: 0.219085, daupr_m: 0.346666
Epoch: 139 loss: 0.000193, pauc: 0.953574, paupr: 0.849121, paupr_m: 0.924209, dauc: 0.792778, daupr: 0.223081, daupr_m: 0.350447
Epoch: 149 loss: 0.000191, pauc: 0.953453, paupr: 0.850530, paupr_m: 0.925338, dauc: 0.795940, daupr: 0.226464, daupr_m: 0.362069
Epoch: 159 loss: 0.000189, pauc: 0.953334, paupr: 0.851786, paupr_m: 0.926459, dauc: 0.799006, daupr: 0.230606, daupr_m: 0.362657
Epoch: 169 loss: 0.000187, pauc: 0.953292, paupr: 0.852915, paupr_m: 0.927617, dauc: 0.801654, daupr: 0.232701, daupr_m: 0.370666
Epoch: 179 loss: 0.000185, pauc: 0.953223, paupr: 0.853870, paupr_m: 0.928330, dauc: 0.804080, daupr: 0.235252, daupr_m: 0.364969
Epoch: 189 loss: 0.000184, pauc: 0.953146, paupr: 0.854808, paupr_m: 0.929209, dauc: 0.806291, daupr: 0.238353, daupr_m: 0.366222
Epoch: 199 loss: 0.000183, pauc: 0.953008, paupr: 0.855583, paupr_m: 0.929512, dauc: 0.808495, daupr: 0.240737, daupr_m: 0.367834
Epoch: 209 loss: 0.000182, pauc: 0.952940, paupr: 0.856317, paupr_m: 0.930158, dauc: 0.810598, daupr: 0.242953, daupr_m: 0.368776
Epoch: 219 loss: 0.000181, pauc: 0.952918, paupr: 0.856898, paupr_m: 0.930148, dauc: 0.812452, daupr: 0.245098, daupr_m: 0.371827
Epoch: 229 loss: 0.000180, pauc: 0.952810, paupr: 0.857462, paupr_m: 0.930227, dauc: 0.814029, daupr: 0.247618, daupr_m: 0.374312
Epoch: 239 loss: 0.000179, pauc: 0.952742, paupr: 0.857882, paupr_m: 0.930219, dauc: 0.815536, daupr: 0.248598, daupr_m: 0.380406
Epoch: 249 loss: 0.000178, pauc: 0.952533, paupr: 0.858342, paupr_m: 0.931199, dauc: 0.816942, daupr: 0.250060, daupr_m: 0.380443
Epoch: 259 loss: 0.000177, pauc: 0.952487, paupr: 0.858635, paupr_m: 0.931454, dauc: 0.818259, daupr: 0.250966, daupr_m: 0.380372
Epoch: 269 loss: 0.000177, pauc: 0.952332, paupr: 0.859027, paupr_m: 0.931293, dauc: 0.819470, daupr: 0.251662, daupr_m: 0.376746
Epoch: 279 loss: 0.000176, pauc: 0.952294, paupr: 0.859122, paupr_m: 0.931750, dauc: 0.820587, daupr: 0.252422, daupr_m: 0.385359
Epoch: 289 loss: 0.000176, pauc: 0.952213, paupr: 0.859473, paupr_m: 0.931120, dauc: 0.821563, daupr: 0.253722, daupr_m: 0.385289
Epoch: 299 loss: 0.000175, pauc: 0.952046, paupr: 0.859594, paupr_m: 0.931516, dauc: 0.822453, daupr: 0.254986, daupr_m: 0.387704
Epoch: 309 loss: 0.000175, pauc: 0.951889, paupr: 0.859797, paupr_m: 0.931864, dauc: 0.823332, daupr: 0.255951, daupr_m: 0.385654
Epoch: 319 loss: 0.000174, pauc: 0.951900, paupr: 0.860079, paupr_m: 0.931531, dauc: 0.824110, daupr: 0.256942, daupr_m: 0.386534
Epoch: 329 loss: 0.000174, pauc: 0.951736, paupr: 0.860273, paupr_m: 0.932231, dauc: 0.824822, daupr: 0.258049, daupr_m: 0.387373
Epoch: 339 loss: 0.000174, pauc: 0.951762, paupr: 0.860476, paupr_m: 0.932081, dauc: 0.825484, daupr: 0.259325, daupr_m: 0.388355
Epoch: 349 loss: 0.000174, pauc: 0.951590, paupr: 0.860457, paupr_m: 0.932280, dauc: 0.826067, daupr: 0.260045, daupr_m: 0.389338
Epoch: 359 loss: 0.000173, pauc: 0.951685, paupr: 0.860606, paupr_m: 0.932434, dauc: 0.826602, daupr: 0.260686, daupr_m: 0.391244
Epoch: 369 loss: 0.000173, pauc: 0.951185, paupr: 0.860724, paupr_m: 0.932403, dauc: 0.827130, daupr: 0.261509, daupr_m: 0.390375
Epoch: 379 loss: 0.000173, pauc: 0.951134, paupr: 0.860857, paupr_m: 0.932591, dauc: 0.827539, daupr: 0.261971, daupr_m: 0.391542
Epoch: 389 loss: 0.000172, pauc: 0.951226, paupr: 0.860907, paupr_m: 0.932537, dauc: 0.827931, daupr: 0.262649, daupr_m: 0.392652
Epoch: 399 loss: 0.000172, pauc: 0.951230, paupr: 0.860771, paupr_m: 0.932462, dauc: 0.828282, daupr: 0.263732, daupr_m: 0.393677
Epoch: 409 loss: 0.000172, pauc: 0.951256, paupr: 0.861054, paupr_m: 0.932785, dauc: 0.828590, daupr: 0.264634, daupr_m: 0.391218
Epoch: 419 loss: 0.000172, pauc: 0.951186, paupr: 0.860873, paupr_m: 0.932592, dauc: 0.828850, daupr: 0.265770, daupr_m: 0.393219
Epoch: 429 loss: 0.000171, pauc: 0.951112, paupr: 0.860956, paupr_m: 0.932678, dauc: 0.829084, daupr: 0.266604, daupr_m: 0.393659
Epoch: 439 loss: 0.000171, pauc: 0.951083, paupr: 0.861134, paupr_m: 0.932653, dauc: 0.829254, daupr: 0.267687, daupr_m: 0.395519
Epoch: 449 loss: 0.000171, pauc: 0.950940, paupr: 0.861086, paupr_m: 0.932578, dauc: 0.829385, daupr: 0.268381, daupr_m: 0.396779
Epoch: 459 loss: 0.000171, pauc: 0.950987, paupr: 0.860994, paupr_m: 0.932609, dauc: 0.829495, daupr: 0.269215, daupr_m: 0.398648
Epoch: 469 loss: 0.000171, pauc: 0.950644, paupr: 0.861189, paupr_m: 0.932412, dauc: 0.829593, daupr: 0.269900, daupr_m: 0.399174
Epoch: 479 loss: 0.000171, pauc: 0.950711, paupr: 0.861274, paupr_m: 0.932542, dauc: 0.829709, daupr: 0.270822, daupr_m: 0.401269
Epoch: 489 loss: 0.000171, pauc: 0.950751, paupr: 0.861222, paupr_m: 0.932277, dauc: 0.829827, daupr: 0.271858, daupr_m: 0.402743
Epoch: 499 loss: 0.000170, pauc: 0.950642, paupr: 0.861321, paupr_m: 0.932418, dauc: 0.829959, daupr: 0.272386, daupr_m: 0.403711
Epoch: 509 loss: 0.000170, pauc: 0.950368, paupr: 0.861318, paupr_m: 0.932348, dauc: 0.830039, daupr: 0.273243, daupr_m: 0.404555
Epoch: 519 loss: 0.000170, pauc: 0.950239, paupr: 0.861317, paupr_m: 0.932508, dauc: 0.830117, daupr: 0.274380, daupr_m: 0.405501
Epoch: 529 loss: 0.000170, pauc: 0.950643, paupr: 0.861334, paupr_m: 0.932301, dauc: 0.830259, daupr: 0.275000, daupr_m: 0.405855
Epoch: 539 loss: 0.000170, pauc: 0.950258, paupr: 0.861540, paupr_m: 0.932566, dauc: 0.830332, daupr: 0.275435, daupr_m: 0.405559
Epoch: 549 loss: 0.000170, pauc: 0.950220, paupr: 0.861507, paupr_m: 0.932710, dauc: 0.830423, daupr: 0.274385, daupr_m: 0.408326
Epoch: 559 loss: 0.000170, pauc: 0.950505, paupr: 0.861490, paupr_m: 0.932435, dauc: 0.830537, daupr: 0.274748, daupr_m: 0.411052
Epoch: 569 loss: 0.000170, pauc: 0.950016, paupr: 0.861512, paupr_m: 0.932454, dauc: 0.830647, daupr: 0.275873, daupr_m: 0.411142
Epoch: 579 loss: 0.000170, pauc: 0.950218, paupr: 0.861615, paupr_m: 0.932513, dauc: 0.830778, daupr: 0.276392, daupr_m: 0.412583
Epoch: 589 loss: 0.000170, pauc: 0.950213, paupr: 0.861591, paupr_m: 0.932514, dauc: 0.830885, daupr: 0.277056, daupr_m: 0.412772
Epoch: 599 loss: 0.000169, pauc: 0.950268, paupr: 0.861675, paupr_m: 0.932619, dauc: 0.831058, daupr: 0.277860, daupr_m: 0.412067
Epoch: 609 loss: 0.000169, pauc: 0.950062, paupr: 0.861787, paupr_m: 0.932710, dauc: 0.831237, daupr: 0.278545, daupr_m: 0.411797
Epoch: 619 loss: 0.000170, pauc: 0.949553, paupr: 0.861728, paupr_m: 0.932501, dauc: 0.831379, daupr: 0.279039, daupr_m: 0.412177
Epoch: 629 loss: 0.000169, pauc: 0.949862, paupr: 0.861857, paupr_m: 0.932635, dauc: 0.831541, daupr: 0.279802, daupr_m: 0.412914
Epoch: 639 loss: 0.000169, pauc: 0.949690, paupr: 0.861757, paupr_m: 0.932456, dauc: 0.831661, daupr: 0.280229, daupr_m: 0.413786
Epoch: 649 loss: 0.000169, pauc: 0.949675, paupr: 0.861869, paupr_m: 0.932537, dauc: 0.831827, daupr: 0.281170, daupr_m: 0.417631
Epoch: 659 loss: 0.000169, pauc: 0.949504, paupr: 0.861967, paupr_m: 0.932465, dauc: 0.831943, daupr: 0.282177, daupr_m: 0.417737
Epoch: 669 loss: 0.000169, pauc: 0.949829, paupr: 0.861929, paupr_m: 0.932575, dauc: 0.832060, daupr: 0.282965, daupr_m: 0.418180
Epoch: 679 loss: 0.000169, pauc: 0.949774, paupr: 0.861789, paupr_m: 0.932526, dauc: 0.832148, daupr: 0.283482, daupr_m: 0.418255
Epoch: 689 loss: 0.000169, pauc: 0.949563, paupr: 0.861884, paupr_m: 0.932559, dauc: 0.832256, daupr: 0.284019, daupr_m: 0.416746
Epoch: 699 loss: 0.000169, pauc: 0.949385, paupr: 0.862053, paupr_m: 0.932636, dauc: 0.832381, daupr: 0.284739, daupr_m: 0.415078
Epoch: 709 loss: 0.000169, pauc: 0.949431, paupr: 0.862180, paupr_m: 0.932732, dauc: 0.832453, daupr: 0.285460, daupr_m: 0.413978
Epoch: 719 loss: 0.000169, pauc: 0.949630, paupr: 0.862079, paupr_m: 0.932530, dauc: 0.832540, daupr: 0.286004, daupr_m: 0.414202
Epoch: 729 loss: 0.000169, pauc: 0.949752, paupr: 0.862023, paupr_m: 0.932844, dauc: 0.832595, daupr: 0.286893, daupr_m: 0.414870
Epoch: 739 loss: 0.000169, pauc: 0.949697, paupr: 0.862256, paupr_m: 0.932946, dauc: 0.832659, daupr: 0.287369, daupr_m: 0.414979
Epoch: 749 loss: 0.000169, pauc: 0.949611, paupr: 0.861939, paupr_m: 0.932498, dauc: 0.832712, daupr: 0.287927, daupr_m: 0.415161
Epoch: 759 loss: 0.000169, pauc: 0.949192, paupr: 0.862079, paupr_m: 0.932738, dauc: 0.832784, daupr: 0.288457, daupr_m: 0.416397
Epoch: 769 loss: 0.000169, pauc: 0.949645, paupr: 0.862295, paupr_m: 0.932634, dauc: 0.832832, daupr: 0.289060, daupr_m: 0.416790
Epoch: 779 loss: 0.000168, pauc: 0.950003, paupr: 0.862190, paupr_m: 0.932647, dauc: 0.832885, daupr: 0.289849, daupr_m: 0.417786
Epoch: 789 loss: 0.000169, pauc: 0.949690, paupr: 0.862213, paupr_m: 0.932937, dauc: 0.832915, daupr: 0.290444, daupr_m: 0.418655
Epoch: 799 loss: 0.000168, pauc: 0.949738, paupr: 0.862460, paupr_m: 0.933062, dauc: 0.832969, daupr: 0.291045, daupr_m: 0.419177
Epoch: 809 loss: 0.000168, pauc: 0.949874, paupr: 0.862394, paupr_m: 0.932890, dauc: 0.832983, daupr: 0.291558, daupr_m: 0.419400
Epoch: 819 loss: 0.000169, pauc: 0.949511, paupr: 0.862237, paupr_m: 0.932858, dauc: 0.832984, daupr: 0.292219, daupr_m: 0.419999
Epoch: 829 loss: 0.000168, pauc: 0.949297, paupr: 0.862508, paupr_m: 0.932893, dauc: 0.833024, daupr: 0.292588, daupr_m: 0.420476
Epoch: 839 loss: 0.000168, pauc: 0.949553, paupr: 0.862260, paupr_m: 0.932793, dauc: 0.833064, daupr: 0.293034, daupr_m: 0.420263
Epoch: 849 loss: 0.000168, pauc: 0.949313, paupr: 0.862374, paupr_m: 0.932924, dauc: 0.833087, daupr: 0.293797, daupr_m: 0.420488
Epoch: 859 loss: 0.000168, pauc: 0.949228, paupr: 0.862299, paupr_m: 0.933144, dauc: 0.833122, daupr: 0.294224, daupr_m: 0.421608
Epoch: 869 loss: 0.000168, pauc: 0.949583, paupr: 0.862349, paupr_m: 0.932883, dauc: 0.833135, daupr: 0.294432, daupr_m: 0.421606
Epoch: 879 loss: 0.000168, pauc: 0.948866, paupr: 0.862284, paupr_m: 0.932929, dauc: 0.833146, daupr: 0.294991, daupr_m: 0.422752
Epoch: 889 loss: 0.000168, pauc: 0.948942, paupr: 0.862331, paupr_m: 0.932862, dauc: 0.833214, daupr: 0.295453, daupr_m: 0.423281
Epoch: 899 loss: 0.000168, pauc: 0.949402, paupr: 0.862419, paupr_m: 0.932915, dauc: 0.833202, daupr: 0.295751, daupr_m: 0.423278
Epoch: 909 loss: 0.000168, pauc: 0.949756, paupr: 0.862210, paupr_m: 0.933057, dauc: 0.833183, daupr: 0.296032, daupr_m: 0.422173
Epoch: 919 loss: 0.000168, pauc: 0.949573, paupr: 0.862666, paupr_m: 0.933511, dauc: 0.833180, daupr: 0.296602, daupr_m: 0.422166
Epoch: 929 loss: 0.000168, pauc: 0.949570, paupr: 0.862528, paupr_m: 0.933446, dauc: 0.833223, daupr: 0.297024, daupr_m: 0.422278
Epoch: 939 loss: 0.000168, pauc: 0.949186, paupr: 0.862681, paupr_m: 0.932839, dauc: 0.833209, daupr: 0.297207, daupr_m: 0.423094
Epoch: 949 loss: 0.000168, pauc: 0.949935, paupr: 0.862638, paupr_m: 0.932753, dauc: 0.833199, daupr: 0.297915, daupr_m: 0.428550
Epoch: 959 loss: 0.000168, pauc: 0.949503, paupr: 0.862452, paupr_m: 0.933175, dauc: 0.833240, daupr: 0.298151, daupr_m: 0.428502
Epoch: 969 loss: 0.000168, pauc: 0.949784, paupr: 0.862552, paupr_m: 0.933245, dauc: 0.833269, daupr: 0.299055, daupr_m: 0.428508
Epoch: 979 loss: 0.000168, pauc: 0.949993, paupr: 0.862610, paupr_m: 0.933179, dauc: 0.833268, daupr: 0.299719, daupr_m: 0.428481
Epoch: 989 loss: 0.000168, pauc: 0.949653, paupr: 0.862675, paupr_m: 0.933415, dauc: 0.833252, daupr: 0.299991, daupr_m: 0.429611
Epoch: 999 loss: 0.000168, pauc: 0.950318, paupr: 0.862603, paupr_m: 0.933080, dauc: 0.833260, daupr: 0.300218, daupr_m: 0.429687
Epoch: 9 loss: 0.002159, pauc: 0.880578, paupr: 0.376287, paupr_m: 0.399264, dauc: 0.760683, daupr: 0.054248, daupr_m: 0.122996
Epoch: 19 loss: 0.000833, pauc: 0.925014, paupr: 0.653580, paupr_m: 0.594218, dauc: 0.759549, daupr: 0.116285, daupr_m: 0.140883
Epoch: 29 loss: 0.000475, pauc: 0.930673, paupr: 0.730606, paupr_m: 0.683085, dauc: 0.776161, daupr: 0.078683, daupr_m: 0.156974
Epoch: 39 loss: 0.000339, pauc: 0.933019, paupr: 0.753205, paupr_m: 0.719290, dauc: 0.786545, daupr: 0.107109, daupr_m: 0.151515
Epoch: 49 loss: 0.000280, pauc: 0.934950, paupr: 0.770509, paupr_m: 0.762400, dauc: 0.794681, daupr: 0.140138, daupr_m: 0.190045
Epoch: 59 loss: 0.000250, pauc: 0.934058, paupr: 0.782403, paupr_m: 0.777705, dauc: 0.801885, daupr: 0.139613, daupr_m: 0.191798
Epoch: 69 loss: 0.000232, pauc: 0.934430, paupr: 0.790084, paupr_m: 0.788107, dauc: 0.809097, daupr: 0.159998, daupr_m: 0.211337
Epoch: 79 loss: 0.000221, pauc: 0.934695, paupr: 0.795451, paupr_m: 0.796406, dauc: 0.815904, daupr: 0.171839, daupr_m: 0.224567
Epoch: 89 loss: 0.000213, pauc: 0.934633, paupr: 0.799794, paupr_m: 0.799426, dauc: 0.821663, daupr: 0.185285, daupr_m: 0.230834
Epoch: 99 loss: 0.000207, pauc: 0.934719, paupr: 0.802957, paupr_m: 0.801823, dauc: 0.826789, daupr: 0.198391, daupr_m: 0.245376
Epoch: 109 loss: 0.000202, pauc: 0.934757, paupr: 0.805774, paupr_m: 0.803023, dauc: 0.831495, daupr: 0.208894, daupr_m: 0.270606
Epoch: 119 loss: 0.000198, pauc: 0.934785, paupr: 0.808127, paupr_m: 0.803855, dauc: 0.835819, daupr: 0.219805, daupr_m: 0.280504
Epoch: 129 loss: 0.000195, pauc: 0.934709, paupr: 0.810102, paupr_m: 0.804821, dauc: 0.839709, daupr: 0.229688, daupr_m: 0.284912
Epoch: 139 loss: 0.000192, pauc: 0.934694, paupr: 0.811819, paupr_m: 0.805363, dauc: 0.843013, daupr: 0.234636, daupr_m: 0.292305
Epoch: 149 loss: 0.000190, pauc: 0.934615, paupr: 0.813330, paupr_m: 0.805838, dauc: 0.845725, daupr: 0.245241, daupr_m: 0.292584
Epoch: 159 loss: 0.000188, pauc: 0.934554, paupr: 0.814750, paupr_m: 0.807148, dauc: 0.848367, daupr: 0.254569, daupr_m: 0.302566
Epoch: 169 loss: 0.000186, pauc: 0.934485, paupr: 0.815829, paupr_m: 0.807537, dauc: 0.850871, daupr: 0.260515, daupr_m: 0.311056
Epoch: 179 loss: 0.000185, pauc: 0.934490, paupr: 0.816763, paupr_m: 0.807888, dauc: 0.852983, daupr: 0.264614, daupr_m: 0.315977
Epoch: 189 loss: 0.000183, pauc: 0.934525, paupr: 0.817601, paupr_m: 0.808166, dauc: 0.854810, daupr: 0.268744, daupr_m: 0.317886
Epoch: 199 loss: 0.000182, pauc: 0.934496, paupr: 0.818383, paupr_m: 0.808639, dauc: 0.856462, daupr: 0.273904, daupr_m: 0.323380
Epoch: 209 loss: 0.000181, pauc: 0.934524, paupr: 0.819055, paupr_m: 0.808849, dauc: 0.857895, daupr: 0.277415, daupr_m: 0.332842
Epoch: 219 loss: 0.000180, pauc: 0.934489, paupr: 0.819716, paupr_m: 0.809262, dauc: 0.859175, daupr: 0.280651, daupr_m: 0.340789
Epoch: 229 loss: 0.000179, pauc: 0.934490, paupr: 0.820170, paupr_m: 0.809731, dauc: 0.860306, daupr: 0.283014, daupr_m: 0.345880
Epoch: 239 loss: 0.000178, pauc: 0.934370, paupr: 0.820677, paupr_m: 0.811243, dauc: 0.861392, daupr: 0.285559, daupr_m: 0.343033
Epoch: 249 loss: 0.000177, pauc: 0.934313, paupr: 0.821090, paupr_m: 0.811500, dauc: 0.862438, daupr: 0.287336, daupr_m: 0.343571
Epoch: 259 loss: 0.000177, pauc: 0.934200, paupr: 0.821506, paupr_m: 0.811681, dauc: 0.863428, daupr: 0.289141, daupr_m: 0.354298
Epoch: 269 loss: 0.000176, pauc: 0.934000, paupr: 0.821867, paupr_m: 0.811870, dauc: 0.864359, daupr: 0.290463, daupr_m: 0.357663
Epoch: 279 loss: 0.000176, pauc: 0.933978, paupr: 0.822285, paupr_m: 0.811541, dauc: 0.865256, daupr: 0.291591, daupr_m: 0.362536
Epoch: 289 loss: 0.000175, pauc: 0.933854, paupr: 0.822600, paupr_m: 0.811872, dauc: 0.866056, daupr: 0.292968, daupr_m: 0.366416
Epoch: 299 loss: 0.000175, pauc: 0.933657, paupr: 0.822915, paupr_m: 0.812252, dauc: 0.866736, daupr: 0.294260, daupr_m: 0.369987
Epoch: 309 loss: 0.000174, pauc: 0.933616, paupr: 0.823210, paupr_m: 0.812314, dauc: 0.867398, daupr: 0.295309, daupr_m: 0.373919
Epoch: 319 loss: 0.000174, pauc: 0.933473, paupr: 0.823531, paupr_m: 0.813169, dauc: 0.868019, daupr: 0.296334, daupr_m: 0.376256
Epoch: 329 loss: 0.000173, pauc: 0.933731, paupr: 0.823778, paupr_m: 0.813321, dauc: 0.868538, daupr: 0.297236, daupr_m: 0.376858
Epoch: 339 loss: 0.000173, pauc: 0.933508, paupr: 0.824082, paupr_m: 0.813473, dauc: 0.869046, daupr: 0.298353, daupr_m: 0.378523
Epoch: 349 loss: 0.000173, pauc: 0.933535, paupr: 0.824383, paupr_m: 0.813590, dauc: 0.869571, daupr: 0.298775, daupr_m: 0.379484
Epoch: 359 loss: 0.000172, pauc: 0.933384, paupr: 0.824520, paupr_m: 0.813440, dauc: 0.870040, daupr: 0.300053, daupr_m: 0.385235
Epoch: 369 loss: 0.000172, pauc: 0.933358, paupr: 0.824861, paupr_m: 0.813837, dauc: 0.870503, daupr: 0.300691, daupr_m: 0.386552
Epoch: 379 loss: 0.000172, pauc: 0.933288, paupr: 0.824884, paupr_m: 0.813557, dauc: 0.870946, daupr: 0.301684, daupr_m: 0.388052
Epoch: 389 loss: 0.000172, pauc: 0.933419, paupr: 0.825271, paupr_m: 0.813767, dauc: 0.871333, daupr: 0.302183, daupr_m: 0.394713
Epoch: 399 loss: 0.000171, pauc: 0.933354, paupr: 0.825339, paupr_m: 0.813541, dauc: 0.871682, daupr: 0.303328, daupr_m: 0.397385
Epoch: 409 loss: 0.000171, pauc: 0.932863, paupr: 0.825555, paupr_m: 0.813416, dauc: 0.871988, daupr: 0.303862, daupr_m: 0.397689
Epoch: 419 loss: 0.000171, pauc: 0.933209, paupr: 0.825810, paupr_m: 0.813720, dauc: 0.872279, daupr: 0.304585, daupr_m: 0.401463
Epoch: 429 loss: 0.000171, pauc: 0.933170, paupr: 0.825891, paupr_m: 0.813857, dauc: 0.872567, daupr: 0.304636, daupr_m: 0.410142
Epoch: 439 loss: 0.000171, pauc: 0.933020, paupr: 0.826195, paupr_m: 0.813926, dauc: 0.872789, daupr: 0.304585, daupr_m: 0.410989
Epoch: 449 loss: 0.000170, pauc: 0.933116, paupr: 0.826220, paupr_m: 0.813869, dauc: 0.873018, daupr: 0.304861, daupr_m: 0.411519
Epoch: 459 loss: 0.000170, pauc: 0.932883, paupr: 0.826617, paupr_m: 0.814013, dauc: 0.873211, daupr: 0.305567, daupr_m: 0.428327
Epoch: 469 loss: 0.000170, pauc: 0.932882, paupr: 0.826743, paupr_m: 0.814040, dauc: 0.873364, daupr: 0.306146, daupr_m: 0.426528
Epoch: 479 loss: 0.000170, pauc: 0.932794, paupr: 0.826735, paupr_m: 0.814150, dauc: 0.873521, daupr: 0.306672, daupr_m: 0.426371
Epoch: 489 loss: 0.000170, pauc: 0.933067, paupr: 0.826796, paupr_m: 0.813886, dauc: 0.873644, daupr: 0.307109, daupr_m: 0.428034
Epoch: 499 loss: 0.000170, pauc: 0.932764, paupr: 0.827004, paupr_m: 0.813973, dauc: 0.873821, daupr: 0.307529, daupr_m: 0.428899
Epoch: 509 loss: 0.000169, pauc: 0.932935, paupr: 0.827233, paupr_m: 0.814454, dauc: 0.873940, daupr: 0.307879, daupr_m: 0.433126
Epoch: 519 loss: 0.000169, pauc: 0.932759, paupr: 0.827313, paupr_m: 0.814072, dauc: 0.874071, daupr: 0.308704, daupr_m: 0.434058
Epoch: 529 loss: 0.000169, pauc: 0.933025, paupr: 0.827450, paupr_m: 0.813787, dauc: 0.874177, daupr: 0.309550, daupr_m: 0.433488
Epoch: 539 loss: 0.000169, pauc: 0.933102, paupr: 0.827559, paupr_m: 0.813671, dauc: 0.874263, daupr: 0.311128, daupr_m: 0.432910
Epoch: 549 loss: 0.000169, pauc: 0.932917, paupr: 0.827473, paupr_m: 0.814035, dauc: 0.874360, daupr: 0.311821, daupr_m: 0.433082
Epoch: 559 loss: 0.000169, pauc: 0.932877, paupr: 0.827854, paupr_m: 0.814271, dauc: 0.874458, daupr: 0.312327, daupr_m: 0.433211
Epoch: 569 loss: 0.000169, pauc: 0.932886, paupr: 0.827807, paupr_m: 0.814068, dauc: 0.874514, daupr: 0.312326, daupr_m: 0.432695
Epoch: 579 loss: 0.000169, pauc: 0.933004, paupr: 0.827902, paupr_m: 0.814227, dauc: 0.874580, daupr: 0.312481, daupr_m: 0.433195
Epoch: 589 loss: 0.000168, pauc: 0.932863, paupr: 0.827962, paupr_m: 0.814061, dauc: 0.874634, daupr: 0.313096, daupr_m: 0.433786
Epoch: 599 loss: 0.000169, pauc: 0.933192, paupr: 0.828361, paupr_m: 0.814398, dauc: 0.874673, daupr: 0.313580, daupr_m: 0.437757
Epoch: 609 loss: 0.000169, pauc: 0.932781, paupr: 0.828306, paupr_m: 0.814935, dauc: 0.874737, daupr: 0.313916, daupr_m: 0.439378
Epoch: 619 loss: 0.000169, pauc: 0.933174, paupr: 0.828375, paupr_m: 0.814586, dauc: 0.874708, daupr: 0.314038, daupr_m: 0.441157
Epoch: 629 loss: 0.000168, pauc: 0.932855, paupr: 0.828561, paupr_m: 0.814934, dauc: 0.874689, daupr: 0.314171, daupr_m: 0.441655
Epoch: 639 loss: 0.000168, pauc: 0.932741, paupr: 0.828445, paupr_m: 0.815409, dauc: 0.874742, daupr: 0.314429, daupr_m: 0.441649
Epoch: 649 loss: 0.000168, pauc: 0.932613, paupr: 0.828468, paupr_m: 0.815411, dauc: 0.874711, daupr: 0.314648, daupr_m: 0.440625
Epoch: 659 loss: 0.000168, pauc: 0.932489, paupr: 0.828686, paupr_m: 0.815825, dauc: 0.874671, daupr: 0.314937, daupr_m: 0.440872
Epoch: 669 loss: 0.000168, pauc: 0.932645, paupr: 0.828714, paupr_m: 0.815904, dauc: 0.874655, daupr: 0.315213, daupr_m: 0.440394
Epoch: 679 loss: 0.000168, pauc: 0.932653, paupr: 0.828816, paupr_m: 0.816052, dauc: 0.874578, daupr: 0.315376, daupr_m: 0.440348
Epoch: 689 loss: 0.000168, pauc: 0.932570, paupr: 0.828821, paupr_m: 0.815754, dauc: 0.874531, daupr: 0.315525, daupr_m: 0.440221
Epoch: 699 loss: 0.000168, pauc: 0.932664, paupr: 0.828977, paupr_m: 0.816213, dauc: 0.874481, daupr: 0.315828, daupr_m: 0.440535
Epoch: 709 loss: 0.000168, pauc: 0.932572, paupr: 0.828936, paupr_m: 0.816137, dauc: 0.874411, daupr: 0.316598, daupr_m: 0.440777
Epoch: 719 loss: 0.000168, pauc: 0.932989, paupr: 0.829122, paupr_m: 0.816252, dauc: 0.874330, daupr: 0.316740, daupr_m: 0.440103
Epoch: 729 loss: 0.000168, pauc: 0.932781, paupr: 0.829167, paupr_m: 0.816483, dauc: 0.874258, daupr: 0.316886, daupr_m: 0.440174
Epoch: 739 loss: 0.000168, pauc: 0.932903, paupr: 0.829089, paupr_m: 0.816587, dauc: 0.874198, daupr: 0.317558, daupr_m: 0.440121
Epoch: 749 loss: 0.000168, pauc: 0.932701, paupr: 0.829076, paupr_m: 0.817054, dauc: 0.874097, daupr: 0.317329, daupr_m: 0.439924
Epoch: 759 loss: 0.000168, pauc: 0.932582, paupr: 0.829109, paupr_m: 0.817040, dauc: 0.874012, daupr: 0.317325, daupr_m: 0.440256
Epoch: 769 loss: 0.000168, pauc: 0.932655, paupr: 0.829158, paupr_m: 0.816693, dauc: 0.873898, daupr: 0.317204, daupr_m: 0.440828
Epoch: 779 loss: 0.000168, pauc: 0.932737, paupr: 0.829191, paupr_m: 0.817063, dauc: 0.873746, daupr: 0.317388, daupr_m: 0.441266
Epoch: 789 loss: 0.000168, pauc: 0.932733, paupr: 0.829223, paupr_m: 0.817185, dauc: 0.873622, daupr: 0.318142, daupr_m: 0.443139
Epoch: 799 loss: 0.000168, pauc: 0.932403, paupr: 0.829365, paupr_m: 0.817833, dauc: 0.873465, daupr: 0.318270, daupr_m: 0.444403
Epoch: 809 loss: 0.000168, pauc: 0.932481, paupr: 0.829157, paupr_m: 0.817176, dauc: 0.873358, daupr: 0.318295, daupr_m: 0.445686
Epoch: 819 loss: 0.000167, pauc: 0.932626, paupr: 0.829343, paupr_m: 0.817856, dauc: 0.873173, daupr: 0.318414, daupr_m: 0.445629
Epoch: 829 loss: 0.000168, pauc: 0.932764, paupr: 0.829430, paupr_m: 0.817708, dauc: 0.872977, daupr: 0.318375, daupr_m: 0.445523
Epoch: 839 loss: 0.000167, pauc: 0.932721, paupr: 0.829305, paupr_m: 0.817988, dauc: 0.872851, daupr: 0.318752, daupr_m: 0.445626
Epoch: 849 loss: 0.000167, pauc: 0.932573, paupr: 0.829198, paupr_m: 0.818717, dauc: 0.872675, daupr: 0.318673, daupr_m: 0.445539
Epoch: 859 loss: 0.000168, pauc: 0.932615, paupr: 0.829451, paupr_m: 0.817856, dauc: 0.872498, daupr: 0.319270, daupr_m: 0.445623
Epoch: 869 loss: 0.000167, pauc: 0.932636, paupr: 0.829147, paupr_m: 0.818196, dauc: 0.872362, daupr: 0.320048, daupr_m: 0.447042
Epoch: 879 loss: 0.000167, pauc: 0.932404, paupr: 0.829502, paupr_m: 0.818338, dauc: 0.872157, daupr: 0.320301, daupr_m: 0.448105
Epoch: 889 loss: 0.000167, pauc: 0.932732, paupr: 0.829491, paupr_m: 0.818614, dauc: 0.871957, daupr: 0.320474, daupr_m: 0.448107
Epoch: 899 loss: 0.000167, pauc: 0.932572, paupr: 0.829450, paupr_m: 0.819212, dauc: 0.871791, daupr: 0.320556, daupr_m: 0.448021
Epoch: 909 loss: 0.000167, pauc: 0.932605, paupr: 0.829431, paupr_m: 0.818880, dauc: 0.871576, daupr: 0.320644, daupr_m: 0.451281
Epoch: 919 loss: 0.000167, pauc: 0.932710, paupr: 0.829676, paupr_m: 0.819390, dauc: 0.871356, daupr: 0.320893, daupr_m: 0.451212
Epoch: 929 loss: 0.000168, pauc: 0.932775, paupr: 0.829579, paupr_m: 0.819511, dauc: 0.871161, daupr: 0.321143, daupr_m: 0.450966
Epoch: 939 loss: 0.000167, pauc: 0.932871, paupr: 0.829390, paupr_m: 0.818990, dauc: 0.870920, daupr: 0.321154, daupr_m: 0.453419
Epoch: 949 loss: 0.000167, pauc: 0.932704, paupr: 0.829747, paupr_m: 0.819307, dauc: 0.870717, daupr: 0.320881, daupr_m: 0.453319
Epoch: 959 loss: 0.000167, pauc: 0.932549, paupr: 0.829445, paupr_m: 0.819163, dauc: 0.870496, daupr: 0.320919, daupr_m: 0.455256
Epoch: 969 loss: 0.000167, pauc: 0.932733, paupr: 0.829500, paupr_m: 0.819332, dauc: 0.870257, daupr: 0.321093, daupr_m: 0.457499
Epoch: 979 loss: 0.000167, pauc: 0.932635, paupr: 0.829686, paupr_m: 0.819569, dauc: 0.869995, daupr: 0.321535, daupr_m: 0.459294
Epoch: 989 loss: 0.000167, pauc: 0.932534, paupr: 0.829671, paupr_m: 0.819492, dauc: 0.869761, daupr: 0.321419, daupr_m: 0.459307
Epoch: 999 loss: 0.000167, pauc: 0.932587, paupr: 0.829473, paupr_m: 0.819469, dauc: 0.869467, daupr: 0.321625, daupr_m: 0.459259
Epoch: 9 loss: 0.002181, pauc: 0.914026, paupr: 0.470871, paupr_m: 0.507587, dauc: 0.729856, daupr: 0.047942, daupr_m: 0.114485
Epoch: 19 loss: 0.000829, pauc: 0.955089, paupr: 0.690280, paupr_m: 0.688643, dauc: 0.737068, daupr: 0.097916, daupr_m: 0.177448
Epoch: 29 loss: 0.000477, pauc: 0.961884, paupr: 0.764720, paupr_m: 0.769462, dauc: 0.753708, daupr: 0.077618, daupr_m: 0.153809
Epoch: 39 loss: 0.000343, pauc: 0.962263, paupr: 0.790750, paupr_m: 0.796971, dauc: 0.760903, daupr: 0.095921, daupr_m: 0.160656
Epoch: 49 loss: 0.000283, pauc: 0.964652, paupr: 0.812358, paupr_m: 0.828298, dauc: 0.767876, daupr: 0.129879, daupr_m: 0.223004
Epoch: 59 loss: 0.000253, pauc: 0.966447, paupr: 0.823827, paupr_m: 0.838799, dauc: 0.775926, daupr: 0.135240, daupr_m: 0.217074
Epoch: 69 loss: 0.000235, pauc: 0.967248, paupr: 0.831784, paupr_m: 0.848601, dauc: 0.783760, daupr: 0.154211, daupr_m: 0.247387
Epoch: 79 loss: 0.000224, pauc: 0.967556, paupr: 0.837888, paupr_m: 0.855835, dauc: 0.790732, daupr: 0.166788, daupr_m: 0.258207
Epoch: 89 loss: 0.000216, pauc: 0.967710, paupr: 0.842159, paupr_m: 0.858185, dauc: 0.796769, daupr: 0.176379, daupr_m: 0.274988
Epoch: 99 loss: 0.000210, pauc: 0.967896, paupr: 0.845889, paupr_m: 0.860771, dauc: 0.802513, daupr: 0.187965, daupr_m: 0.289201
Epoch: 109 loss: 0.000205, pauc: 0.968030, paupr: 0.849260, paupr_m: 0.862405, dauc: 0.807900, daupr: 0.196693, daupr_m: 0.296163
Epoch: 119 loss: 0.000202, pauc: 0.968145, paupr: 0.852587, paupr_m: 0.863168, dauc: 0.812700, daupr: 0.206097, daupr_m: 0.304965
Epoch: 129 loss: 0.000198, pauc: 0.968244, paupr: 0.855293, paupr_m: 0.863517, dauc: 0.816913, daupr: 0.214492, daupr_m: 0.303366
Epoch: 139 loss: 0.000196, pauc: 0.968370, paupr: 0.857570, paupr_m: 0.866203, dauc: 0.820483, daupr: 0.220087, daupr_m: 0.309391
Epoch: 149 loss: 0.000194, pauc: 0.968527, paupr: 0.859618, paupr_m: 0.866213, dauc: 0.823833, daupr: 0.226503, daupr_m: 0.314153
Epoch: 159 loss: 0.000192, pauc: 0.968559, paupr: 0.861479, paupr_m: 0.866608, dauc: 0.826794, daupr: 0.230575, daupr_m: 0.315123
Epoch: 169 loss: 0.000190, pauc: 0.968599, paupr: 0.863225, paupr_m: 0.867043, dauc: 0.829509, daupr: 0.235321, daupr_m: 0.319539
Epoch: 179 loss: 0.000188, pauc: 0.968657, paupr: 0.864826, paupr_m: 0.867298, dauc: 0.831991, daupr: 0.239285, daupr_m: 0.320559
Epoch: 189 loss: 0.000187, pauc: 0.968695, paupr: 0.866181, paupr_m: 0.867311, dauc: 0.834178, daupr: 0.241862, daupr_m: 0.322935
Epoch: 199 loss: 0.000186, pauc: 0.968616, paupr: 0.867375, paupr_m: 0.867706, dauc: 0.836204, daupr: 0.244263, daupr_m: 0.329112
Epoch: 209 loss: 0.000185, pauc: 0.968749, paupr: 0.868425, paupr_m: 0.868054, dauc: 0.838117, daupr: 0.246732, daupr_m: 0.333271
Epoch: 219 loss: 0.000184, pauc: 0.968664, paupr: 0.869462, paupr_m: 0.868750, dauc: 0.839855, daupr: 0.247894, daupr_m: 0.335063
Epoch: 229 loss: 0.000183, pauc: 0.968622, paupr: 0.870354, paupr_m: 0.869113, dauc: 0.841465, daupr: 0.249137, daupr_m: 0.340897
Epoch: 239 loss: 0.000182, pauc: 0.968551, paupr: 0.871007, paupr_m: 0.869318, dauc: 0.842931, daupr: 0.251525, daupr_m: 0.350109
Epoch: 249 loss: 0.000182, pauc: 0.968346, paupr: 0.871739, paupr_m: 0.869504, dauc: 0.844177, daupr: 0.252576, daupr_m: 0.353097
Epoch: 259 loss: 0.000181, pauc: 0.968325, paupr: 0.872414, paupr_m: 0.869625, dauc: 0.845312, daupr: 0.252716, daupr_m: 0.359446
Epoch: 269 loss: 0.000180, pauc: 0.968216, paupr: 0.872981, paupr_m: 0.868686, dauc: 0.846397, daupr: 0.252114, daupr_m: 0.350659
Epoch: 279 loss: 0.000180, pauc: 0.967993, paupr: 0.873507, paupr_m: 0.869037, dauc: 0.847394, daupr: 0.253228, daupr_m: 0.350856
Epoch: 289 loss: 0.000179, pauc: 0.968040, paupr: 0.873908, paupr_m: 0.868860, dauc: 0.848331, daupr: 0.253346, daupr_m: 0.357512
Epoch: 299 loss: 0.000179, pauc: 0.968048, paupr: 0.874330, paupr_m: 0.868784, dauc: 0.849210, daupr: 0.253703, daupr_m: 0.358452
Epoch: 309 loss: 0.000178, pauc: 0.967860, paupr: 0.874797, paupr_m: 0.868181, dauc: 0.849986, daupr: 0.253844, daupr_m: 0.358974
Epoch: 319 loss: 0.000178, pauc: 0.967925, paupr: 0.875270, paupr_m: 0.867775, dauc: 0.850705, daupr: 0.254140, daupr_m: 0.360307
Epoch: 329 loss: 0.000177, pauc: 0.967799, paupr: 0.875510, paupr_m: 0.868250, dauc: 0.851417, daupr: 0.254068, daupr_m: 0.361616
Epoch: 339 loss: 0.000177, pauc: 0.967761, paupr: 0.875918, paupr_m: 0.868441, dauc: 0.852041, daupr: 0.253808, daupr_m: 0.362215
Epoch: 349 loss: 0.000177, pauc: 0.967883, paupr: 0.876196, paupr_m: 0.868250, dauc: 0.852597, daupr: 0.254616, daupr_m: 0.362592
Epoch: 359 loss: 0.000176, pauc: 0.967888, paupr: 0.876479, paupr_m: 0.868338, dauc: 0.853097, daupr: 0.254518, daupr_m: 0.363282
Epoch: 369 loss: 0.000176, pauc: 0.967919, paupr: 0.876633, paupr_m: 0.868202, dauc: 0.853527, daupr: 0.254297, daupr_m: 0.362873
Epoch: 379 loss: 0.000176, pauc: 0.967908, paupr: 0.876743, paupr_m: 0.868385, dauc: 0.853963, daupr: 0.254757, daupr_m: 0.363266
Epoch: 389 loss: 0.000176, pauc: 0.967975, paupr: 0.877083, paupr_m: 0.868416, dauc: 0.854367, daupr: 0.254477, daupr_m: 0.363502
Epoch: 399 loss: 0.000175, pauc: 0.967737, paupr: 0.877168, paupr_m: 0.867762, dauc: 0.854709, daupr: 0.254336, daupr_m: 0.363917
Epoch: 409 loss: 0.000175, pauc: 0.967933, paupr: 0.877493, paupr_m: 0.867665, dauc: 0.855057, daupr: 0.254524, daupr_m: 0.363548
Epoch: 419 loss: 0.000175, pauc: 0.967767, paupr: 0.877693, paupr_m: 0.867981, dauc: 0.855360, daupr: 0.256476, daupr_m: 0.364206
Epoch: 429 loss: 0.000174, pauc: 0.967955, paupr: 0.877849, paupr_m: 0.868236, dauc: 0.855639, daupr: 0.257198, daupr_m: 0.365889
Epoch: 439 loss: 0.000174, pauc: 0.967823, paupr: 0.877840, paupr_m: 0.867946, dauc: 0.855943, daupr: 0.256639, daupr_m: 0.366284
Epoch: 449 loss: 0.000174, pauc: 0.967734, paupr: 0.877992, paupr_m: 0.868344, dauc: 0.856214, daupr: 0.256354, daupr_m: 0.366397
Epoch: 459 loss: 0.000174, pauc: 0.967901, paupr: 0.878027, paupr_m: 0.868538, dauc: 0.856506, daupr: 0.256005, daupr_m: 0.366472
Epoch: 469 loss: 0.000174, pauc: 0.967910, paupr: 0.878003, paupr_m: 0.868358, dauc: 0.856735, daupr: 0.255722, daupr_m: 0.367156
Epoch: 479 loss: 0.000174, pauc: 0.967948, paupr: 0.878197, paupr_m: 0.868699, dauc: 0.856952, daupr: 0.255693, daupr_m: 0.365846
Epoch: 489 loss: 0.000174, pauc: 0.967876, paupr: 0.878165, paupr_m: 0.868712, dauc: 0.857104, daupr: 0.255551, daupr_m: 0.365970
Epoch: 499 loss: 0.000173, pauc: 0.968032, paupr: 0.878394, paupr_m: 0.869665, dauc: 0.857275, daupr: 0.255266, daupr_m: 0.364946
Epoch: 509 loss: 0.000173, pauc: 0.968120, paupr: 0.878469, paupr_m: 0.869554, dauc: 0.857435, daupr: 0.255446, daupr_m: 0.364415
Epoch: 519 loss: 0.000173, pauc: 0.968076, paupr: 0.878587, paupr_m: 0.869275, dauc: 0.857606, daupr: 0.255313, daupr_m: 0.364566
Epoch: 529 loss: 0.000173, pauc: 0.967995, paupr: 0.878562, paupr_m: 0.869318, dauc: 0.857751, daupr: 0.254879, daupr_m: 0.364428
Epoch: 539 loss: 0.000173, pauc: 0.968195, paupr: 0.878885, paupr_m: 0.868925, dauc: 0.857893, daupr: 0.254849, daupr_m: 0.365650
Epoch: 549 loss: 0.000173, pauc: 0.967961, paupr: 0.878833, paupr_m: 0.868758, dauc: 0.858024, daupr: 0.254793, daupr_m: 0.365830
Epoch: 559 loss: 0.000173, pauc: 0.968102, paupr: 0.878790, paupr_m: 0.868609, dauc: 0.858096, daupr: 0.254485, daupr_m: 0.366413
Epoch: 569 loss: 0.000173, pauc: 0.967889, paupr: 0.878992, paupr_m: 0.868812, dauc: 0.858191, daupr: 0.254615, daupr_m: 0.365539
Epoch: 579 loss: 0.000173, pauc: 0.967828, paupr: 0.878953, paupr_m: 0.868631, dauc: 0.858261, daupr: 0.255006, daupr_m: 0.365631
Epoch: 589 loss: 0.000173, pauc: 0.967915, paupr: 0.878804, paupr_m: 0.868490, dauc: 0.858227, daupr: 0.254816, daupr_m: 0.366094
Epoch: 599 loss: 0.000173, pauc: 0.967776, paupr: 0.878821, paupr_m: 0.869010, dauc: 0.858218, daupr: 0.254681, daupr_m: 0.366017
Epoch: 609 loss: 0.000173, pauc: 0.967706, paupr: 0.878553, paupr_m: 0.868541, dauc: 0.858247, daupr: 0.254480, daupr_m: 0.366030
Epoch: 619 loss: 0.000173, pauc: 0.967895, paupr: 0.878758, paupr_m: 0.868728, dauc: 0.858291, daupr: 0.254266, daupr_m: 0.367161
Epoch: 629 loss: 0.000173, pauc: 0.967794, paupr: 0.878731, paupr_m: 0.869344, dauc: 0.858267, daupr: 0.254306, daupr_m: 0.366270
Epoch: 639 loss: 0.000172, pauc: 0.968006, paupr: 0.878874, paupr_m: 0.870210, dauc: 0.858276, daupr: 0.254259, daupr_m: 0.368325
Epoch: 649 loss: 0.000172, pauc: 0.967823, paupr: 0.879129, paupr_m: 0.870469, dauc: 0.858286, daupr: 0.254355, daupr_m: 0.367658
Epoch: 659 loss: 0.000172, pauc: 0.967869, paupr: 0.878970, paupr_m: 0.870367, dauc: 0.858236, daupr: 0.254043, daupr_m: 0.367721
Epoch: 669 loss: 0.000172, pauc: 0.967794, paupr: 0.878745, paupr_m: 0.870156, dauc: 0.858236, daupr: 0.254140, daupr_m: 0.367610
Epoch: 679 loss: 0.000172, pauc: 0.967892, paupr: 0.878846, paupr_m: 0.870454, dauc: 0.858236, daupr: 0.254535, daupr_m: 0.367116
Epoch: 689 loss: 0.000172, pauc: 0.968091, paupr: 0.878751, paupr_m: 0.870267, dauc: 0.858192, daupr: 0.254450, daupr_m: 0.367122
Epoch: 699 loss: 0.000172, pauc: 0.968165, paupr: 0.878835, paupr_m: 0.870473, dauc: 0.858128, daupr: 0.254333, daupr_m: 0.367171
Epoch: 709 loss: 0.000172, pauc: 0.968030, paupr: 0.878656, paupr_m: 0.870561, dauc: 0.858064, daupr: 0.254195, daupr_m: 0.366978
Epoch: 719 loss: 0.000172, pauc: 0.967929, paupr: 0.878741, paupr_m: 0.870581, dauc: 0.857980, daupr: 0.254437, daupr_m: 0.367517
Epoch: 729 loss: 0.000172, pauc: 0.968069, paupr: 0.878668, paupr_m: 0.870706, dauc: 0.857919, daupr: 0.254397, daupr_m: 0.367459
Epoch: 739 loss: 0.000172, pauc: 0.968062, paupr: 0.878652, paupr_m: 0.870931, dauc: 0.857820, daupr: 0.254203, daupr_m: 0.367700
Epoch: 749 loss: 0.000172, pauc: 0.967562, paupr: 0.878605, paupr_m: 0.870474, dauc: 0.857735, daupr: 0.253944, daupr_m: 0.367849
Epoch: 759 loss: 0.000172, pauc: 0.967983, paupr: 0.878407, paupr_m: 0.870758, dauc: 0.857591, daupr: 0.253724, daupr_m: 0.365712
Epoch: 769 loss: 0.000172, pauc: 0.967938, paupr: 0.878668, paupr_m: 0.871331, dauc: 0.857448, daupr: 0.253747, daupr_m: 0.365852
Epoch: 779 loss: 0.000172, pauc: 0.967836, paupr: 0.878614, paupr_m: 0.871574, dauc: 0.857325, daupr: 0.253433, daupr_m: 0.366012
Epoch: 789 loss: 0.000172, pauc: 0.967866, paupr: 0.878293, paupr_m: 0.871028, dauc: 0.857152, daupr: 0.253428, daupr_m: 0.365932
Epoch: 799 loss: 0.000172, pauc: 0.967747, paupr: 0.878638, paupr_m: 0.871261, dauc: 0.856992, daupr: 0.253382, daupr_m: 0.365975
Epoch: 809 loss: 0.000172, pauc: 0.967680, paupr: 0.878807, paupr_m: 0.871312, dauc: 0.856844, daupr: 0.253551, daupr_m: 0.366165
Epoch: 819 loss: 0.000172, pauc: 0.967778, paupr: 0.878493, paupr_m: 0.871079, dauc: 0.856684, daupr: 0.253364, daupr_m: 0.365470
Epoch: 829 loss: 0.000172, pauc: 0.967626, paupr: 0.878327, paupr_m: 0.871326, dauc: 0.856485, daupr: 0.253462, daupr_m: 0.366115
Epoch: 839 loss: 0.000172, pauc: 0.967532, paupr: 0.878555, paupr_m: 0.871479, dauc: 0.856273, daupr: 0.253546, daupr_m: 0.366637
Epoch: 849 loss: 0.000171, pauc: 0.967543, paupr: 0.878475, paupr_m: 0.871446, dauc: 0.856070, daupr: 0.253629, daupr_m: 0.367696
Epoch: 859 loss: 0.000171, pauc: 0.967890, paupr: 0.878506, paupr_m: 0.871330, dauc: 0.855889, daupr: 0.253672, daupr_m: 0.367401
Epoch: 869 loss: 0.000171, pauc: 0.967580, paupr: 0.878382, paupr_m: 0.871428, dauc: 0.855682, daupr: 0.253713, daupr_m: 0.366122
Epoch: 879 loss: 0.000171, pauc: 0.967799, paupr: 0.878441, paupr_m: 0.871251, dauc: 0.855470, daupr: 0.253438, daupr_m: 0.366142
Epoch: 889 loss: 0.000171, pauc: 0.967597, paupr: 0.878329, paupr_m: 0.871498, dauc: 0.855258, daupr: 0.253561, daupr_m: 0.366163
Epoch: 899 loss: 0.000171, pauc: 0.967564, paupr: 0.878439, paupr_m: 0.871680, dauc: 0.855053, daupr: 0.253650, daupr_m: 0.366070
Epoch: 909 loss: 0.000171, pauc: 0.967282, paupr: 0.878616, paupr_m: 0.870704, dauc: 0.854823, daupr: 0.253760, daupr_m: 0.366154
Epoch: 919 loss: 0.000171, pauc: 0.967581, paupr: 0.878533, paupr_m: 0.870998, dauc: 0.854590, daupr: 0.253733, daupr_m: 0.366193
Epoch: 929 loss: 0.000171, pauc: 0.967380, paupr: 0.878511, paupr_m: 0.870501, dauc: 0.854345, daupr: 0.253477, daupr_m: 0.365191
Epoch: 939 loss: 0.000171, pauc: 0.967330, paupr: 0.878529, paupr_m: 0.870777, dauc: 0.854106, daupr: 0.253369, daupr_m: 0.365381
Epoch: 949 loss: 0.000171, pauc: 0.967484, paupr: 0.878632, paupr_m: 0.871714, dauc: 0.853858, daupr: 0.253490, daupr_m: 0.366475
Epoch: 959 loss: 0.000171, pauc: 0.967141, paupr: 0.878230, paupr_m: 0.870702, dauc: 0.853591, daupr: 0.253515, daupr_m: 0.366537
Epoch: 969 loss: 0.000171, pauc: 0.967340, paupr: 0.878236, paupr_m: 0.870752, dauc: 0.853384, daupr: 0.253521, daupr_m: 0.366533
Epoch: 979 loss: 0.000171, pauc: 0.967478, paupr: 0.878415, paupr_m: 0.871949, dauc: 0.853115, daupr: 0.253932, daupr_m: 0.366336
Epoch: 989 loss: 0.000171, pauc: 0.967113, paupr: 0.878641, paupr_m: 0.872066, dauc: 0.852857, daupr: 0.254003, daupr_m: 0.366229
Epoch: 999 loss: 0.000171, pauc: 0.966984, paupr: 0.878371, paupr_m: 0.871082, dauc: 0.852630, daupr: 0.254286, daupr_m: 0.366216
Epoch: 9 loss: 0.002147, pauc: 0.849404, paupr: 0.335790, paupr_m: 0.422038, dauc: 0.730793, daupr: 0.046197, daupr_m: 0.111926
Epoch: 19 loss: 0.000825, pauc: 0.901077, paupr: 0.588280, paupr_m: 0.644842, dauc: 0.741575, daupr: 0.121755, daupr_m: 0.176134
Epoch: 29 loss: 0.000472, pauc: 0.911254, paupr: 0.660983, paupr_m: 0.744026, dauc: 0.752891, daupr: 0.073579, daupr_m: 0.140799
Epoch: 39 loss: 0.000337, pauc: 0.912476, paupr: 0.692029, paupr_m: 0.770447, dauc: 0.760024, daupr: 0.123783, daupr_m: 0.167234
Epoch: 49 loss: 0.000279, pauc: 0.918713, paupr: 0.708827, paupr_m: 0.787972, dauc: 0.769877, daupr: 0.137102, daupr_m: 0.190486
Epoch: 59 loss: 0.000249, pauc: 0.918597, paupr: 0.716765, paupr_m: 0.795932, dauc: 0.777482, daupr: 0.150281, daupr_m: 0.194552
Epoch: 69 loss: 0.000232, pauc: 0.918902, paupr: 0.724724, paupr_m: 0.798883, dauc: 0.784010, daupr: 0.175558, daupr_m: 0.212684
Epoch: 79 loss: 0.000222, pauc: 0.918831, paupr: 0.731603, paupr_m: 0.802007, dauc: 0.790902, daupr: 0.189760, daupr_m: 0.219970
Epoch: 89 loss: 0.000214, pauc: 0.918678, paupr: 0.736279, paupr_m: 0.805573, dauc: 0.797071, daupr: 0.205757, daupr_m: 0.235169
Epoch: 99 loss: 0.000208, pauc: 0.918873, paupr: 0.740271, paupr_m: 0.808087, dauc: 0.802386, daupr: 0.219592, daupr_m: 0.241186
Epoch: 109 loss: 0.000204, pauc: 0.918691, paupr: 0.743541, paupr_m: 0.808768, dauc: 0.807048, daupr: 0.233143, daupr_m: 0.253453
Epoch: 119 loss: 0.000200, pauc: 0.918558, paupr: 0.746262, paupr_m: 0.809828, dauc: 0.811185, daupr: 0.243296, daupr_m: 0.263767
Epoch: 129 loss: 0.000197, pauc: 0.918368, paupr: 0.748445, paupr_m: 0.810552, dauc: 0.814806, daupr: 0.252692, daupr_m: 0.272815
Epoch: 139 loss: 0.000194, pauc: 0.918227, paupr: 0.750334, paupr_m: 0.811998, dauc: 0.817978, daupr: 0.260103, daupr_m: 0.287825
Epoch: 149 loss: 0.000192, pauc: 0.918063, paupr: 0.752077, paupr_m: 0.813267, dauc: 0.820737, daupr: 0.265956, daupr_m: 0.297464
Epoch: 159 loss: 0.000190, pauc: 0.917932, paupr: 0.753470, paupr_m: 0.812511, dauc: 0.823257, daupr: 0.271152, daupr_m: 0.307157
Epoch: 169 loss: 0.000188, pauc: 0.917813, paupr: 0.754779, paupr_m: 0.812687, dauc: 0.825358, daupr: 0.275465, daupr_m: 0.312433
Epoch: 179 loss: 0.000186, pauc: 0.917651, paupr: 0.755931, paupr_m: 0.813615, dauc: 0.827207, daupr: 0.279107, daupr_m: 0.321730
Epoch: 189 loss: 0.000185, pauc: 0.917527, paupr: 0.757044, paupr_m: 0.813852, dauc: 0.829000, daupr: 0.282584, daupr_m: 0.328511
Epoch: 199 loss: 0.000184, pauc: 0.917325, paupr: 0.757991, paupr_m: 0.814364, dauc: 0.830584, daupr: 0.285409, daupr_m: 0.338178
Epoch: 209 loss: 0.000183, pauc: 0.917231, paupr: 0.758790, paupr_m: 0.814493, dauc: 0.832031, daupr: 0.288733, daupr_m: 0.343169
Epoch: 219 loss: 0.000182, pauc: 0.917129, paupr: 0.759576, paupr_m: 0.815033, dauc: 0.833362, daupr: 0.291381, daupr_m: 0.348535
Epoch: 229 loss: 0.000181, pauc: 0.917073, paupr: 0.760321, paupr_m: 0.815742, dauc: 0.834526, daupr: 0.293771, daupr_m: 0.358964
Epoch: 239 loss: 0.000181, pauc: 0.916855, paupr: 0.760903, paupr_m: 0.816158, dauc: 0.835599, daupr: 0.295429, daupr_m: 0.367019
Epoch: 249 loss: 0.000180, pauc: 0.916786, paupr: 0.761424, paupr_m: 0.816061, dauc: 0.836562, daupr: 0.297315, daupr_m: 0.371899
Epoch: 259 loss: 0.000179, pauc: 0.916760, paupr: 0.762041, paupr_m: 0.816338, dauc: 0.837459, daupr: 0.298959, daupr_m: 0.377783
Epoch: 269 loss: 0.000178, pauc: 0.916551, paupr: 0.762342, paupr_m: 0.816558, dauc: 0.838276, daupr: 0.300340, daupr_m: 0.380986
Epoch: 279 loss: 0.000178, pauc: 0.916539, paupr: 0.762955, paupr_m: 0.816763, dauc: 0.838967, daupr: 0.302367, daupr_m: 0.382969
Epoch: 289 loss: 0.000177, pauc: 0.916384, paupr: 0.763323, paupr_m: 0.816877, dauc: 0.839589, daupr: 0.303228, daupr_m: 0.385190
Epoch: 299 loss: 0.000177, pauc: 0.916506, paupr: 0.763829, paupr_m: 0.817675, dauc: 0.840155, daupr: 0.305225, daupr_m: 0.389737
Epoch: 309 loss: 0.000176, pauc: 0.916364, paupr: 0.764178, paupr_m: 0.818433, dauc: 0.840701, daupr: 0.306526, daupr_m: 0.390667
Epoch: 319 loss: 0.000176, pauc: 0.916167, paupr: 0.764602, paupr_m: 0.818221, dauc: 0.841238, daupr: 0.307740, daupr_m: 0.393951
Epoch: 329 loss: 0.000176, pauc: 0.916214, paupr: 0.765144, paupr_m: 0.818700, dauc: 0.841757, daupr: 0.308544, daupr_m: 0.395951
Epoch: 339 loss: 0.000175, pauc: 0.916122, paupr: 0.765641, paupr_m: 0.819891, dauc: 0.842225, daupr: 0.310118, daupr_m: 0.407875
Epoch: 349 loss: 0.000175, pauc: 0.915973, paupr: 0.765563, paupr_m: 0.819663, dauc: 0.842674, daupr: 0.310975, daupr_m: 0.409080
Epoch: 359 loss: 0.000175, pauc: 0.916141, paupr: 0.766198, paupr_m: 0.820456, dauc: 0.843082, daupr: 0.312148, daupr_m: 0.417586
Epoch: 369 loss: 0.000174, pauc: 0.915822, paupr: 0.766337, paupr_m: 0.820027, dauc: 0.843445, daupr: 0.313236, daupr_m: 0.416531
Epoch: 379 loss: 0.000174, pauc: 0.916061, paupr: 0.766573, paupr_m: 0.820064, dauc: 0.843781, daupr: 0.314630, daupr_m: 0.418592
Epoch: 389 loss: 0.000174, pauc: 0.915994, paupr: 0.766902, paupr_m: 0.820496, dauc: 0.844136, daupr: 0.315834, daupr_m: 0.418962
Epoch: 399 loss: 0.000173, pauc: 0.915622, paupr: 0.767143, paupr_m: 0.820056, dauc: 0.844418, daupr: 0.316795, daupr_m: 0.418137
Epoch: 409 loss: 0.000173, pauc: 0.915389, paupr: 0.767646, paupr_m: 0.821384, dauc: 0.844697, daupr: 0.318237, daupr_m: 0.419364
Epoch: 419 loss: 0.000173, pauc: 0.915114, paupr: 0.767395, paupr_m: 0.820976, dauc: 0.844920, daupr: 0.319166, daupr_m: 0.421894
Epoch: 429 loss: 0.000173, pauc: 0.915123, paupr: 0.767712, paupr_m: 0.821299, dauc: 0.845101, daupr: 0.319871, daupr_m: 0.420826
Epoch: 439 loss: 0.000173, pauc: 0.915361, paupr: 0.768097, paupr_m: 0.821425, dauc: 0.845278, daupr: 0.320342, daupr_m: 0.420924
Epoch: 449 loss: 0.000173, pauc: 0.915059, paupr: 0.768048, paupr_m: 0.821333, dauc: 0.845426, daupr: 0.320734, daupr_m: 0.420915
Epoch: 459 loss: 0.000172, pauc: 0.915102, paupr: 0.768437, paupr_m: 0.821823, dauc: 0.845588, daupr: 0.322035, daupr_m: 0.421250
Epoch: 469 loss: 0.000172, pauc: 0.914779, paupr: 0.768589, paupr_m: 0.821693, dauc: 0.845721, daupr: 0.322676, daupr_m: 0.421220
Epoch: 479 loss: 0.000172, pauc: 0.914740, paupr: 0.768689, paupr_m: 0.821477, dauc: 0.845801, daupr: 0.323468, daupr_m: 0.421363
Epoch: 489 loss: 0.000172, pauc: 0.914944, paupr: 0.768359, paupr_m: 0.822395, dauc: 0.845864, daupr: 0.324169, daupr_m: 0.420974
Epoch: 499 loss: 0.000172, pauc: 0.914873, paupr: 0.769074, paupr_m: 0.822495, dauc: 0.845962, daupr: 0.324894, daupr_m: 0.421172
Epoch: 509 loss: 0.000172, pauc: 0.914738, paupr: 0.769272, paupr_m: 0.822353, dauc: 0.846015, daupr: 0.325592, daupr_m: 0.422511
Epoch: 519 loss: 0.000172, pauc: 0.914657, paupr: 0.769713, paupr_m: 0.823915, dauc: 0.846053, daupr: 0.326581, daupr_m: 0.426936
Epoch: 529 loss: 0.000171, pauc: 0.914461, paupr: 0.769755, paupr_m: 0.823732, dauc: 0.846082, daupr: 0.326959, daupr_m: 0.427943
Epoch: 539 loss: 0.000171, pauc: 0.914139, paupr: 0.769380, paupr_m: 0.823239, dauc: 0.846111, daupr: 0.327933, daupr_m: 0.429608
Epoch: 549 loss: 0.000171, pauc: 0.914406, paupr: 0.769945, paupr_m: 0.823684, dauc: 0.846128, daupr: 0.328743, daupr_m: 0.431727
Epoch: 559 loss: 0.000171, pauc: 0.914766, paupr: 0.770281, paupr_m: 0.824220, dauc: 0.846171, daupr: 0.329921, daupr_m: 0.431877
Epoch: 569 loss: 0.000171, pauc: 0.914094, paupr: 0.770016, paupr_m: 0.824365, dauc: 0.846160, daupr: 0.330413, daupr_m: 0.432171
Epoch: 579 loss: 0.000171, pauc: 0.914312, paupr: 0.769863, paupr_m: 0.824870, dauc: 0.846174, daupr: 0.331457, daupr_m: 0.435553
Epoch: 589 loss: 0.000171, pauc: 0.914404, paupr: 0.770441, paupr_m: 0.824764, dauc: 0.846111, daupr: 0.332135, daupr_m: 0.435704
Epoch: 599 loss: 0.000171, pauc: 0.914053, paupr: 0.770559, paupr_m: 0.824841, dauc: 0.846076, daupr: 0.332297, daupr_m: 0.435533
Epoch: 609 loss: 0.000171, pauc: 0.914155, paupr: 0.770886, paupr_m: 0.825355, dauc: 0.846016, daupr: 0.332826, daupr_m: 0.435529
Epoch: 619 loss: 0.000171, pauc: 0.913902, paupr: 0.770505, paupr_m: 0.825609, dauc: 0.845954, daupr: 0.333265, daupr_m: 0.435962
Epoch: 629 loss: 0.000171, pauc: 0.913820, paupr: 0.770862, paupr_m: 0.825239, dauc: 0.845871, daupr: 0.333650, daupr_m: 0.436091
Epoch: 639 loss: 0.000171, pauc: 0.913989, paupr: 0.770941, paupr_m: 0.825528, dauc: 0.845764, daupr: 0.334562, daupr_m: 0.435698
Epoch: 649 loss: 0.000170, pauc: 0.914107, paupr: 0.770998, paupr_m: 0.825319, dauc: 0.845637, daupr: 0.334543, daupr_m: 0.432567
Epoch: 659 loss: 0.000171, pauc: 0.913400, paupr: 0.770910, paupr_m: 0.825158, dauc: 0.845540, daupr: 0.334768, daupr_m: 0.432399
Epoch: 669 loss: 0.000170, pauc: 0.914027, paupr: 0.771363, paupr_m: 0.826592, dauc: 0.845411, daupr: 0.335574, daupr_m: 0.432384
Epoch: 679 loss: 0.000170, pauc: 0.913739, paupr: 0.771330, paupr_m: 0.826145, dauc: 0.845279, daupr: 0.335840, daupr_m: 0.431827
Epoch: 689 loss: 0.000170, pauc: 0.913335, paupr: 0.771337, paupr_m: 0.825392, dauc: 0.845163, daupr: 0.335996, daupr_m: 0.432144
Epoch: 699 loss: 0.000170, pauc: 0.913807, paupr: 0.771674, paupr_m: 0.826354, dauc: 0.844991, daupr: 0.336434, daupr_m: 0.432180
Epoch: 709 loss: 0.000170, pauc: 0.913481, paupr: 0.771787, paupr_m: 0.826652, dauc: 0.844869, daupr: 0.336844, daupr_m: 0.432248
Epoch: 719 loss: 0.000170, pauc: 0.913316, paupr: 0.771674, paupr_m: 0.825948, dauc: 0.844755, daupr: 0.337472, daupr_m: 0.432455
Epoch: 729 loss: 0.000170, pauc: 0.913180, paupr: 0.771804, paupr_m: 0.826214, dauc: 0.844609, daupr: 0.338087, daupr_m: 0.432447
Epoch: 739 loss: 0.000170, pauc: 0.913455, paupr: 0.771939, paupr_m: 0.826343, dauc: 0.844456, daupr: 0.338786, daupr_m: 0.432951
Epoch: 749 loss: 0.000170, pauc: 0.913447, paupr: 0.771836, paupr_m: 0.826252, dauc: 0.844293, daupr: 0.338951, daupr_m: 0.432864
Epoch: 759 loss: 0.000170, pauc: 0.912900, paupr: 0.772462, paupr_m: 0.829305, dauc: 0.844187, daupr: 0.339620, daupr_m: 0.431325
Epoch: 769 loss: 0.000170, pauc: 0.913187, paupr: 0.772020, paupr_m: 0.829463, dauc: 0.844022, daupr: 0.340131, daupr_m: 0.431157
Epoch: 779 loss: 0.000170, pauc: 0.913566, paupr: 0.772105, paupr_m: 0.829448, dauc: 0.843857, daupr: 0.340554, daupr_m: 0.431472
Epoch: 789 loss: 0.000170, pauc: 0.913215, paupr: 0.772057, paupr_m: 0.829927, dauc: 0.843686, daupr: 0.341088, daupr_m: 0.431413
Epoch: 799 loss: 0.000170, pauc: 0.913247, paupr: 0.772337, paupr_m: 0.829638, dauc: 0.843511, daupr: 0.341719, daupr_m: 0.431474
Epoch: 809 loss: 0.000170, pauc: 0.913030, paupr: 0.772420, paupr_m: 0.830170, dauc: 0.843330, daupr: 0.341945, daupr_m: 0.431433
Epoch: 819 loss: 0.000170, pauc: 0.913238, paupr: 0.772553, paupr_m: 0.829661, dauc: 0.843158, daupr: 0.342084, daupr_m: 0.431149
Epoch: 829 loss: 0.000170, pauc: 0.913100, paupr: 0.772648, paupr_m: 0.830161, dauc: 0.842951, daupr: 0.342581, daupr_m: 0.431108
Epoch: 839 loss: 0.000170, pauc: 0.913464, paupr: 0.772688, paupr_m: 0.830182, dauc: 0.842765, daupr: 0.342833, daupr_m: 0.431484
Epoch: 849 loss: 0.000170, pauc: 0.912536, paupr: 0.772455, paupr_m: 0.829162, dauc: 0.842599, daupr: 0.343258, daupr_m: 0.431135
Epoch: 859 loss: 0.000170, pauc: 0.913407, paupr: 0.772483, paupr_m: 0.830051, dauc: 0.842367, daupr: 0.343173, daupr_m: 0.437418
Epoch: 869 loss: 0.000170, pauc: 0.912846, paupr: 0.772758, paupr_m: 0.830118, dauc: 0.842173, daupr: 0.343390, daupr_m: 0.435189
Epoch: 879 loss: 0.000169, pauc: 0.912635, paupr: 0.772828, paupr_m: 0.830293, dauc: 0.841973, daupr: 0.343714, daupr_m: 0.434738
Epoch: 889 loss: 0.000169, pauc: 0.912851, paupr: 0.773008, paupr_m: 0.830001, dauc: 0.841786, daupr: 0.343878, daupr_m: 0.434856
Epoch: 899 loss: 0.000170, pauc: 0.912903, paupr: 0.772907, paupr_m: 0.830409, dauc: 0.841555, daupr: 0.344185, daupr_m: 0.434754
Epoch: 909 loss: 0.000170, pauc: 0.912549, paupr: 0.772778, paupr_m: 0.830097, dauc: 0.841379, daupr: 0.344479, daupr_m: 0.434766
Epoch: 919 loss: 0.000169, pauc: 0.912690, paupr: 0.773158, paupr_m: 0.829972, dauc: 0.841163, daupr: 0.344662, daupr_m: 0.434865
Epoch: 929 loss: 0.000169, pauc: 0.913034, paupr: 0.772951, paupr_m: 0.829939, dauc: 0.840909, daupr: 0.344932, daupr_m: 0.434865
Epoch: 939 loss: 0.000169, pauc: 0.912950, paupr: 0.772914, paupr_m: 0.830211, dauc: 0.840689, daupr: 0.345123, daupr_m: 0.434633
Epoch: 949 loss: 0.000169, pauc: 0.912866, paupr: 0.773155, paupr_m: 0.830078, dauc: 0.840486, daupr: 0.345332, daupr_m: 0.434599
Epoch: 959 loss: 0.000169, pauc: 0.912886, paupr: 0.773297, paupr_m: 0.830565, dauc: 0.840291, daupr: 0.345378, daupr_m: 0.433914
Epoch: 969 loss: 0.000170, pauc: 0.913248, paupr: 0.773282, paupr_m: 0.830392, dauc: 0.840087, daupr: 0.345544, daupr_m: 0.434889
Epoch: 979 loss: 0.000169, pauc: 0.912557, paupr: 0.773255, paupr_m: 0.830228, dauc: 0.839889, daupr: 0.345693, daupr_m: 0.434998
Epoch: 989 loss: 0.000169, pauc: 0.912848, paupr: 0.773783, paupr_m: 0.830228, dauc: 0.839669, daupr: 0.345719, daupr_m: 0.435012
Epoch: 999 loss: 0.000169, pauc: 0.912820, paupr: 0.773278, paupr_m: 0.830076, dauc: 0.839470, daupr: 0.345915, daupr_m: 0.434458
Epoch: 9 loss: 0.002228, pauc: 0.904196, paupr: 0.407032, paupr_m: 0.480773, dauc: 0.706797, daupr: 0.033583, daupr_m: 0.102815
Epoch: 19 loss: 0.000861, pauc: 0.939818, paupr: 0.705730, paupr_m: 0.721248, dauc: 0.719753, daupr: 0.103854, daupr_m: 0.161951
Epoch: 29 loss: 0.000491, pauc: 0.947429, paupr: 0.786898, paupr_m: 0.804552, dauc: 0.734096, daupr: 0.052453, daupr_m: 0.128094
Epoch: 39 loss: 0.000350, pauc: 0.948025, paupr: 0.807384, paupr_m: 0.827777, dauc: 0.741947, daupr: 0.102564, daupr_m: 0.169209
Epoch: 49 loss: 0.000289, pauc: 0.948657, paupr: 0.817504, paupr_m: 0.832916, dauc: 0.750551, daupr: 0.129885, daupr_m: 0.187470
Epoch: 59 loss: 0.000257, pauc: 0.949230, paupr: 0.824157, paupr_m: 0.839947, dauc: 0.759322, daupr: 0.140780, daupr_m: 0.191621
Epoch: 69 loss: 0.000238, pauc: 0.950099, paupr: 0.828781, paupr_m: 0.843036, dauc: 0.767652, daupr: 0.167549, daupr_m: 0.214294
Epoch: 79 loss: 0.000226, pauc: 0.950757, paupr: 0.832835, paupr_m: 0.846505, dauc: 0.774699, daupr: 0.181872, daupr_m: 0.223250
Epoch: 89 loss: 0.000218, pauc: 0.951452, paupr: 0.835869, paupr_m: 0.847520, dauc: 0.781377, daupr: 0.190961, daupr_m: 0.243513
Epoch: 99 loss: 0.000212, pauc: 0.952232, paupr: 0.838232, paupr_m: 0.848918, dauc: 0.787718, daupr: 0.199823, daupr_m: 0.255072
Epoch: 109 loss: 0.000207, pauc: 0.952348, paupr: 0.840336, paupr_m: 0.851224, dauc: 0.793012, daupr: 0.206949, daupr_m: 0.282377
Epoch: 119 loss: 0.000203, pauc: 0.952425, paupr: 0.841972, paupr_m: 0.851995, dauc: 0.797679, daupr: 0.212436, daupr_m: 0.290037
Epoch: 129 loss: 0.000200, pauc: 0.952328, paupr: 0.843185, paupr_m: 0.852869, dauc: 0.801815, daupr: 0.215911, daupr_m: 0.301521
Epoch: 139 loss: 0.000197, pauc: 0.952349, paupr: 0.844062, paupr_m: 0.853458, dauc: 0.805141, daupr: 0.219960, daupr_m: 0.305850
Epoch: 149 loss: 0.000195, pauc: 0.952412, paupr: 0.844866, paupr_m: 0.853734, dauc: 0.807965, daupr: 0.221966, daupr_m: 0.318011
Epoch: 159 loss: 0.000193, pauc: 0.952442, paupr: 0.845453, paupr_m: 0.854137, dauc: 0.810701, daupr: 0.223798, daupr_m: 0.331280
Epoch: 169 loss: 0.000191, pauc: 0.952469, paupr: 0.845821, paupr_m: 0.855174, dauc: 0.813164, daupr: 0.224027, daupr_m: 0.338383
Epoch: 179 loss: 0.000189, pauc: 0.952478, paupr: 0.846135, paupr_m: 0.854882, dauc: 0.815384, daupr: 0.227066, daupr_m: 0.355988
Epoch: 189 loss: 0.000188, pauc: 0.952492, paupr: 0.846472, paupr_m: 0.854690, dauc: 0.817420, daupr: 0.228458, daupr_m: 0.360689
Epoch: 199 loss: 0.000187, pauc: 0.952465, paupr: 0.846765, paupr_m: 0.854773, dauc: 0.819286, daupr: 0.230919, daupr_m: 0.367344
Epoch: 209 loss: 0.000185, pauc: 0.952568, paupr: 0.847052, paupr_m: 0.854795, dauc: 0.820846, daupr: 0.232713, daupr_m: 0.372601
Epoch: 219 loss: 0.000185, pauc: 0.952418, paupr: 0.847330, paupr_m: 0.855849, dauc: 0.822394, daupr: 0.234765, daupr_m: 0.369435
Epoch: 229 loss: 0.000183, pauc: 0.952684, paupr: 0.847619, paupr_m: 0.856432, dauc: 0.823844, daupr: 0.236722, daupr_m: 0.375018
Epoch: 239 loss: 0.000183, pauc: 0.952621, paupr: 0.847770, paupr_m: 0.856405, dauc: 0.825064, daupr: 0.237948, daupr_m: 0.376778
Epoch: 249 loss: 0.000182, pauc: 0.952646, paupr: 0.847944, paupr_m: 0.856212, dauc: 0.826250, daupr: 0.239456, daupr_m: 0.380164
Epoch: 259 loss: 0.000181, pauc: 0.952835, paupr: 0.848090, paupr_m: 0.856018, dauc: 0.827375, daupr: 0.241609, daupr_m: 0.391235
Epoch: 269 loss: 0.000181, pauc: 0.952817, paupr: 0.848088, paupr_m: 0.855963, dauc: 0.828313, daupr: 0.242802, daupr_m: 0.392778
Epoch: 279 loss: 0.000180, pauc: 0.953021, paupr: 0.848067, paupr_m: 0.855831, dauc: 0.829284, daupr: 0.244045, daupr_m: 0.396498
Epoch: 289 loss: 0.000180, pauc: 0.952855, paupr: 0.848044, paupr_m: 0.855767, dauc: 0.830154, daupr: 0.245611, daupr_m: 0.396592
Epoch: 299 loss: 0.000179, pauc: 0.952852, paupr: 0.847984, paupr_m: 0.855689, dauc: 0.830900, daupr: 0.247300, daupr_m: 0.403683
Epoch: 309 loss: 0.000179, pauc: 0.953003, paupr: 0.847925, paupr_m: 0.855821, dauc: 0.831572, daupr: 0.249144, daupr_m: 0.405329
Epoch: 319 loss: 0.000178, pauc: 0.952943, paupr: 0.847771, paupr_m: 0.855750, dauc: 0.832177, daupr: 0.250302, daupr_m: 0.404960
Epoch: 329 loss: 0.000178, pauc: 0.952950, paupr: 0.847690, paupr_m: 0.855785, dauc: 0.832729, daupr: 0.251912, daupr_m: 0.404645
Epoch: 339 loss: 0.000177, pauc: 0.952999, paupr: 0.847668, paupr_m: 0.855906, dauc: 0.833200, daupr: 0.252947, daupr_m: 0.414270
Epoch: 349 loss: 0.000177, pauc: 0.953057, paupr: 0.847628, paupr_m: 0.855410, dauc: 0.833613, daupr: 0.253432, daupr_m: 0.413852
Epoch: 359 loss: 0.000177, pauc: 0.952938, paupr: 0.847550, paupr_m: 0.855513, dauc: 0.833994, daupr: 0.254083, daupr_m: 0.416089
Epoch: 369 loss: 0.000176, pauc: 0.952861, paupr: 0.847469, paupr_m: 0.855239, dauc: 0.834306, daupr: 0.254819, daupr_m: 0.417294
Epoch: 379 loss: 0.000176, pauc: 0.952816, paupr: 0.847334, paupr_m: 0.855145, dauc: 0.834575, daupr: 0.255979, daupr_m: 0.417767
Epoch: 389 loss: 0.000176, pauc: 0.953090, paupr: 0.847344, paupr_m: 0.855163, dauc: 0.834760, daupr: 0.256814, daupr_m: 0.417623
Epoch: 399 loss: 0.000176, pauc: 0.953097, paupr: 0.847460, paupr_m: 0.855209, dauc: 0.835002, daupr: 0.257664, daupr_m: 0.417535
Epoch: 409 loss: 0.000175, pauc: 0.952750, paupr: 0.847367, paupr_m: 0.855164, dauc: 0.835155, daupr: 0.258180, daupr_m: 0.417138
Epoch: 419 loss: 0.000175, pauc: 0.952926, paupr: 0.847250, paupr_m: 0.855220, dauc: 0.835245, daupr: 0.259176, daupr_m: 0.416552
Epoch: 429 loss: 0.000175, pauc: 0.952917, paupr: 0.847060, paupr_m: 0.854825, dauc: 0.835312, daupr: 0.260082, daupr_m: 0.417585
Epoch: 439 loss: 0.000175, pauc: 0.953030, paupr: 0.847171, paupr_m: 0.855166, dauc: 0.835365, daupr: 0.260677, daupr_m: 0.419774
Epoch: 449 loss: 0.000175, pauc: 0.952639, paupr: 0.847096, paupr_m: 0.854856, dauc: 0.835399, daupr: 0.261409, daupr_m: 0.427107
Epoch: 459 loss: 0.000175, pauc: 0.953135, paupr: 0.847123, paupr_m: 0.854950, dauc: 0.835392, daupr: 0.262092, daupr_m: 0.427265
Epoch: 469 loss: 0.000174, pauc: 0.952748, paupr: 0.847189, paupr_m: 0.854913, dauc: 0.835396, daupr: 0.263919, daupr_m: 0.427866
Epoch: 479 loss: 0.000174, pauc: 0.952487, paupr: 0.847062, paupr_m: 0.854868, dauc: 0.835398, daupr: 0.264736, daupr_m: 0.428089
Epoch: 489 loss: 0.000174, pauc: 0.952458, paupr: 0.847103, paupr_m: 0.854541, dauc: 0.835369, daupr: 0.265614, daupr_m: 0.428025
Epoch: 499 loss: 0.000174, pauc: 0.952338, paupr: 0.847140, paupr_m: 0.854570, dauc: 0.835303, daupr: 0.266938, daupr_m: 0.428689
Epoch: 509 loss: 0.000174, pauc: 0.952270, paupr: 0.847071, paupr_m: 0.854305, dauc: 0.835260, daupr: 0.268283, daupr_m: 0.428198
Epoch: 519 loss: 0.000174, pauc: 0.952192, paupr: 0.846985, paupr_m: 0.855096, dauc: 0.835222, daupr: 0.268915, daupr_m: 0.428195
Epoch: 529 loss: 0.000174, pauc: 0.951897, paupr: 0.847114, paupr_m: 0.854773, dauc: 0.835151, daupr: 0.269247, daupr_m: 0.430577
Epoch: 539 loss: 0.000174, pauc: 0.951605, paupr: 0.847082, paupr_m: 0.854892, dauc: 0.835091, daupr: 0.269527, daupr_m: 0.430486
Epoch: 549 loss: 0.000173, pauc: 0.951593, paupr: 0.847005, paupr_m: 0.854851, dauc: 0.835033, daupr: 0.270112, daupr_m: 0.430376
Epoch: 559 loss: 0.000173, pauc: 0.951944, paupr: 0.846907, paupr_m: 0.854652, dauc: 0.834985, daupr: 0.270483, daupr_m: 0.430148
Epoch: 569 loss: 0.000173, pauc: 0.951440, paupr: 0.847059, paupr_m: 0.854679, dauc: 0.834970, daupr: 0.270848, daupr_m: 0.429441
Epoch: 579 loss: 0.000173, pauc: 0.951186, paupr: 0.846890, paupr_m: 0.854887, dauc: 0.834894, daupr: 0.271406, daupr_m: 0.429348
Epoch: 589 loss: 0.000173, pauc: 0.951063, paupr: 0.846851, paupr_m: 0.854827, dauc: 0.834820, daupr: 0.271821, daupr_m: 0.429876
Epoch: 599 loss: 0.000173, pauc: 0.950940, paupr: 0.846958, paupr_m: 0.854773, dauc: 0.834733, daupr: 0.272307, daupr_m: 0.428521
Epoch: 609 loss: 0.000173, pauc: 0.950474, paupr: 0.846987, paupr_m: 0.854921, dauc: 0.834650, daupr: 0.272669, daupr_m: 0.435106
Epoch: 619 loss: 0.000173, pauc: 0.950690, paupr: 0.846941, paupr_m: 0.854827, dauc: 0.834536, daupr: 0.273073, daupr_m: 0.435613
Epoch: 629 loss: 0.000173, pauc: 0.951023, paupr: 0.846988, paupr_m: 0.854949, dauc: 0.834416, daupr: 0.273286, daupr_m: 0.435624
Epoch: 639 loss: 0.000173, pauc: 0.950258, paupr: 0.846902, paupr_m: 0.854889, dauc: 0.834290, daupr: 0.273619, daupr_m: 0.435549
Epoch: 649 loss: 0.000173, pauc: 0.950524, paupr: 0.846942, paupr_m: 0.854774, dauc: 0.834154, daupr: 0.274221, daupr_m: 0.435514
Epoch: 659 loss: 0.000173, pauc: 0.950250, paupr: 0.846973, paupr_m: 0.854742, dauc: 0.834021, daupr: 0.274113, daupr_m: 0.435573
Epoch: 669 loss: 0.000173, pauc: 0.950325, paupr: 0.846852, paupr_m: 0.854818, dauc: 0.833910, daupr: 0.274579, daupr_m: 0.435587
Epoch: 679 loss: 0.000173, pauc: 0.950302, paupr: 0.846813, paupr_m: 0.854913, dauc: 0.833786, daupr: 0.274972, daupr_m: 0.435555
Epoch: 689 loss: 0.000172, pauc: 0.950019, paupr: 0.847038, paupr_m: 0.854851, dauc: 0.833660, daupr: 0.275100, daupr_m: 0.435566
Epoch: 699 loss: 0.000173, pauc: 0.950119, paupr: 0.846854, paupr_m: 0.854680, dauc: 0.833501, daupr: 0.275172, daupr_m: 0.435575
Epoch: 709 loss: 0.000173, pauc: 0.949993, paupr: 0.846846, paupr_m: 0.854823, dauc: 0.833349, daupr: 0.275533, daupr_m: 0.435580
Epoch: 719 loss: 0.000172, pauc: 0.949713, paupr: 0.846983, paupr_m: 0.854784, dauc: 0.833167, daupr: 0.275753, daupr_m: 0.435692
Epoch: 729 loss: 0.000172, pauc: 0.949833, paupr: 0.846708, paupr_m: 0.854450, dauc: 0.832990, daupr: 0.275955, daupr_m: 0.435796
Epoch: 739 loss: 0.000172, pauc: 0.949922, paupr: 0.846761, paupr_m: 0.854505, dauc: 0.832825, daupr: 0.276272, daupr_m: 0.435852
Epoch: 749 loss: 0.000172, pauc: 0.949903, paupr: 0.846760, paupr_m: 0.854203, dauc: 0.832641, daupr: 0.276753, daupr_m: 0.435986
Epoch: 759 loss: 0.000172, pauc: 0.950195, paupr: 0.846801, paupr_m: 0.853897, dauc: 0.832446, daupr: 0.277037, daupr_m: 0.436689
Epoch: 769 loss: 0.000172, pauc: 0.950005, paupr: 0.846829, paupr_m: 0.853857, dauc: 0.832274, daupr: 0.277502, daupr_m: 0.437034
Epoch: 779 loss: 0.000172, pauc: 0.949702, paupr: 0.846912, paupr_m: 0.854279, dauc: 0.832092, daupr: 0.277876, daupr_m: 0.437034
Epoch: 789 loss: 0.000172, pauc: 0.949836, paupr: 0.846879, paupr_m: 0.854135, dauc: 0.831882, daupr: 0.278160, daupr_m: 0.437495
Epoch: 799 loss: 0.000172, pauc: 0.950327, paupr: 0.846656, paupr_m: 0.853625, dauc: 0.831666, daupr: 0.278142, daupr_m: 0.438822
Epoch: 809 loss: 0.000172, pauc: 0.950013, paupr: 0.846628, paupr_m: 0.853260, dauc: 0.831479, daupr: 0.278506, daupr_m: 0.438986
Epoch: 819 loss: 0.000172, pauc: 0.949902, paupr: 0.846670, paupr_m: 0.853504, dauc: 0.831247, daupr: 0.278852, daupr_m: 0.438799
Epoch: 829 loss: 0.000173, pauc: 0.949449, paupr: 0.846540, paupr_m: 0.852957, dauc: 0.831012, daupr: 0.279079, daupr_m: 0.438769
Epoch: 839 loss: 0.000172, pauc: 0.949937, paupr: 0.846585, paupr_m: 0.853373, dauc: 0.830786, daupr: 0.279452, daupr_m: 0.438672
Epoch: 849 loss: 0.000172, pauc: 0.949670, paupr: 0.846658, paupr_m: 0.852812, dauc: 0.830521, daupr: 0.280284, daupr_m: 0.440455
Epoch: 859 loss: 0.000172, pauc: 0.949569, paupr: 0.846619, paupr_m: 0.853468, dauc: 0.830295, daupr: 0.280218, daupr_m: 0.440440
Epoch: 869 loss: 0.000172, pauc: 0.950039, paupr: 0.846497, paupr_m: 0.853057, dauc: 0.830055, daupr: 0.280359, daupr_m: 0.440344
Epoch: 879 loss: 0.000172, pauc: 0.949782, paupr: 0.846377, paupr_m: 0.853075, dauc: 0.829780, daupr: 0.280503, daupr_m: 0.440177
Epoch: 889 loss: 0.000172, pauc: 0.950129, paupr: 0.846535, paupr_m: 0.852746, dauc: 0.829538, daupr: 0.280842, daupr_m: 0.440292
Epoch: 899 loss: 0.000172, pauc: 0.949881, paupr: 0.846640, paupr_m: 0.852632, dauc: 0.829268, daupr: 0.281012, daupr_m: 0.440170
Epoch: 909 loss: 0.000172, pauc: 0.949755, paupr: 0.846420, paupr_m: 0.853079, dauc: 0.829022, daupr: 0.281269, daupr_m: 0.439971
Epoch: 919 loss: 0.000172, pauc: 0.949545, paupr: 0.846542, paupr_m: 0.853071, dauc: 0.828747, daupr: 0.281125, daupr_m: 0.439995
Epoch: 929 loss: 0.000172, pauc: 0.950061, paupr: 0.846552, paupr_m: 0.852826, dauc: 0.828492, daupr: 0.281157, daupr_m: 0.439957
Epoch: 939 loss: 0.000172, pauc: 0.949656, paupr: 0.846454, paupr_m: 0.852612, dauc: 0.828217, daupr: 0.281159, daupr_m: 0.439998
Epoch: 949 loss: 0.000172, pauc: 0.949476, paupr: 0.846684, paupr_m: 0.852718, dauc: 0.827912, daupr: 0.281236, daupr_m: 0.439576
Epoch: 959 loss: 0.000172, pauc: 0.949523, paupr: 0.846641, paupr_m: 0.852806, dauc: 0.827609, daupr: 0.281523, daupr_m: 0.439689
Epoch: 969 loss: 0.000171, pauc: 0.949786, paupr: 0.846655, paupr_m: 0.852744, dauc: 0.827324, daupr: 0.281798, daupr_m: 0.439771
Epoch: 979 loss: 0.000171, pauc: 0.950221, paupr: 0.846471, paupr_m: 0.852428, dauc: 0.827018, daupr: 0.281955, daupr_m: 0.440012
Epoch: 989 loss: 0.000171, pauc: 0.949836, paupr: 0.846290, paupr_m: 0.852472, dauc: 0.826715, daupr: 0.281797, daupr_m: 0.439993
Epoch: 999 loss: 0.000171, pauc: 0.950022, paupr: 0.846589, paupr_m: 0.852693, dauc: 0.826392, daupr: 0.282224, daupr_m: 0.439925
