{'epoch': 1000, 'lr': 8e-05, 'wd': 0, 'sim_threshold': 0.7, 'loss_p_weight': 0.993, 'loss_d_weight': 0.994, 'loss_weight': 0.001, 'a1': 1e-08, 'a2': 1e-08, 'dropout': 0, 'graph_dropout': 0, 'fr_dim': [4096, [1426, 1024], [681, 256], 4447], 'fd_dim': [2048, [1426, 1024], [681, 256], 4447]}
Epoch: 9 loss: 0.002196, pauc: 0.899696, paupr: 0.415639, paupr_m: 0.463574, dauc: 0.720619, daupr: 0.030937, daupr_m: 0.078647
Epoch: 19 loss: 0.000842, pauc: 0.933672, paupr: 0.677283, paupr_m: 0.680674, dauc: 0.728921, daupr: 0.050819, daupr_m: 0.097336
Epoch: 29 loss: 0.000479, pauc: 0.942044, paupr: 0.735124, paupr_m: 0.768989, dauc: 0.740371, daupr: 0.072836, daupr_m: 0.134831
Epoch: 39 loss: 0.000340, pauc: 0.943222, paupr: 0.755900, paupr_m: 0.795906, dauc: 0.748703, daupr: 0.056278, daupr_m: 0.111488
Epoch: 49 loss: 0.000280, pauc: 0.943874, paupr: 0.776019, paupr_m: 0.816605, dauc: 0.755074, daupr: 0.066198, daupr_m: 0.128186
Epoch: 59 loss: 0.000250, pauc: 0.943837, paupr: 0.785955, paupr_m: 0.826243, dauc: 0.761476, daupr: 0.094010, daupr_m: 0.150768
Epoch: 69 loss: 0.000233, pauc: 0.944795, paupr: 0.793084, paupr_m: 0.835463, dauc: 0.767641, daupr: 0.095812, daupr_m: 0.155912
Epoch: 79 loss: 0.000222, pauc: 0.945342, paupr: 0.799121, paupr_m: 0.839998, dauc: 0.773833, daupr: 0.107978, daupr_m: 0.163733
Epoch: 89 loss: 0.000214, pauc: 0.945910, paupr: 0.804527, paupr_m: 0.844594, dauc: 0.779701, daupr: 0.125249, daupr_m: 0.179625
Epoch: 99 loss: 0.000208, pauc: 0.946298, paupr: 0.809458, paupr_m: 0.846780, dauc: 0.785170, daupr: 0.138662, daupr_m: 0.189076
Epoch: 109 loss: 0.000204, pauc: 0.946709, paupr: 0.813486, paupr_m: 0.847774, dauc: 0.790613, daupr: 0.151526, daupr_m: 0.196366
Epoch: 119 loss: 0.000200, pauc: 0.947142, paupr: 0.816930, paupr_m: 0.848673, dauc: 0.795860, daupr: 0.161140, daupr_m: 0.202232
Epoch: 129 loss: 0.000197, pauc: 0.947345, paupr: 0.819789, paupr_m: 0.849339, dauc: 0.800896, daupr: 0.171900, daupr_m: 0.221706
Epoch: 139 loss: 0.000194, pauc: 0.947627, paupr: 0.822323, paupr_m: 0.849500, dauc: 0.805726, daupr: 0.181224, daupr_m: 0.226642
Epoch: 149 loss: 0.000192, pauc: 0.947792, paupr: 0.824673, paupr_m: 0.850103, dauc: 0.810364, daupr: 0.189988, daupr_m: 0.238982
Epoch: 159 loss: 0.000190, pauc: 0.947945, paupr: 0.826732, paupr_m: 0.850933, dauc: 0.814829, daupr: 0.197582, daupr_m: 0.257059
Epoch: 169 loss: 0.000188, pauc: 0.948120, paupr: 0.828688, paupr_m: 0.851064, dauc: 0.818982, daupr: 0.205500, daupr_m: 0.263064
Epoch: 179 loss: 0.000187, pauc: 0.948235, paupr: 0.830201, paupr_m: 0.851450, dauc: 0.822893, daupr: 0.212562, daupr_m: 0.268399
Epoch: 189 loss: 0.000186, pauc: 0.948383, paupr: 0.831715, paupr_m: 0.851862, dauc: 0.826553, daupr: 0.220504, daupr_m: 0.271755
Epoch: 199 loss: 0.000185, pauc: 0.948373, paupr: 0.833119, paupr_m: 0.852277, dauc: 0.830086, daupr: 0.225816, daupr_m: 0.276003
Epoch: 209 loss: 0.000183, pauc: 0.948379, paupr: 0.834386, paupr_m: 0.852481, dauc: 0.833422, daupr: 0.231009, daupr_m: 0.282295
Epoch: 219 loss: 0.000182, pauc: 0.948439, paupr: 0.835451, paupr_m: 0.852843, dauc: 0.836578, daupr: 0.236608, daupr_m: 0.288063
Epoch: 229 loss: 0.000182, pauc: 0.948414, paupr: 0.836478, paupr_m: 0.853096, dauc: 0.839492, daupr: 0.242285, daupr_m: 0.290868
Epoch: 239 loss: 0.000181, pauc: 0.948331, paupr: 0.837261, paupr_m: 0.853601, dauc: 0.842148, daupr: 0.246690, daupr_m: 0.298229
Epoch: 249 loss: 0.000180, pauc: 0.948343, paupr: 0.837963, paupr_m: 0.853739, dauc: 0.844543, daupr: 0.250327, daupr_m: 0.302237
Epoch: 259 loss: 0.000179, pauc: 0.948220, paupr: 0.838782, paupr_m: 0.854102, dauc: 0.846786, daupr: 0.253724, daupr_m: 0.307082
Epoch: 269 loss: 0.000179, pauc: 0.948305, paupr: 0.839229, paupr_m: 0.854307, dauc: 0.848906, daupr: 0.257244, daupr_m: 0.315867
Epoch: 279 loss: 0.000178, pauc: 0.948239, paupr: 0.839951, paupr_m: 0.854464, dauc: 0.850937, daupr: 0.260080, daupr_m: 0.315695
Epoch: 289 loss: 0.000177, pauc: 0.948267, paupr: 0.840431, paupr_m: 0.854488, dauc: 0.852792, daupr: 0.263055, daupr_m: 0.318851
Epoch: 299 loss: 0.000177, pauc: 0.948261, paupr: 0.840833, paupr_m: 0.854954, dauc: 0.854508, daupr: 0.265226, daupr_m: 0.326658
Epoch: 309 loss: 0.000177, pauc: 0.948080, paupr: 0.841312, paupr_m: 0.856204, dauc: 0.856132, daupr: 0.267483, daupr_m: 0.325639
Epoch: 319 loss: 0.000176, pauc: 0.948232, paupr: 0.841542, paupr_m: 0.856602, dauc: 0.857653, daupr: 0.269724, daupr_m: 0.330574
Epoch: 329 loss: 0.000176, pauc: 0.948162, paupr: 0.841936, paupr_m: 0.856562, dauc: 0.859101, daupr: 0.270679, daupr_m: 0.339901
Epoch: 339 loss: 0.000175, pauc: 0.948197, paupr: 0.842158, paupr_m: 0.857104, dauc: 0.860517, daupr: 0.272907, daupr_m: 0.346351
Epoch: 349 loss: 0.000175, pauc: 0.948265, paupr: 0.842491, paupr_m: 0.857686, dauc: 0.861838, daupr: 0.274323, daupr_m: 0.346702
Epoch: 359 loss: 0.000175, pauc: 0.948319, paupr: 0.842758, paupr_m: 0.857827, dauc: 0.863045, daupr: 0.275277, daupr_m: 0.349499
Epoch: 369 loss: 0.000174, pauc: 0.948109, paupr: 0.842984, paupr_m: 0.858143, dauc: 0.864214, daupr: 0.276380, daupr_m: 0.350618
Epoch: 379 loss: 0.000174, pauc: 0.948390, paupr: 0.842924, paupr_m: 0.858108, dauc: 0.865355, daupr: 0.276859, daupr_m: 0.352105
Epoch: 389 loss: 0.000174, pauc: 0.948206, paupr: 0.843263, paupr_m: 0.858524, dauc: 0.866422, daupr: 0.278251, daupr_m: 0.355173
Epoch: 399 loss: 0.000174, pauc: 0.948352, paupr: 0.843329, paupr_m: 0.858194, dauc: 0.867429, daupr: 0.278635, daupr_m: 0.355659
Epoch: 409 loss: 0.000173, pauc: 0.948172, paupr: 0.843750, paupr_m: 0.858583, dauc: 0.868362, daupr: 0.279497, daupr_m: 0.357400
Epoch: 419 loss: 0.000173, pauc: 0.948413, paupr: 0.843798, paupr_m: 0.858275, dauc: 0.869266, daupr: 0.280880, daupr_m: 0.358145
Epoch: 429 loss: 0.000173, pauc: 0.948142, paupr: 0.844015, paupr_m: 0.858287, dauc: 0.870136, daupr: 0.281122, daupr_m: 0.360006
Epoch: 439 loss: 0.000173, pauc: 0.948196, paupr: 0.844256, paupr_m: 0.858805, dauc: 0.870946, daupr: 0.281624, daupr_m: 0.360382
Epoch: 449 loss: 0.000173, pauc: 0.948325, paupr: 0.844185, paupr_m: 0.858621, dauc: 0.871738, daupr: 0.282328, daupr_m: 0.364778
Epoch: 459 loss: 0.000172, pauc: 0.948179, paupr: 0.844367, paupr_m: 0.858730, dauc: 0.872501, daupr: 0.283446, daupr_m: 0.364825
Epoch: 469 loss: 0.000172, pauc: 0.948322, paupr: 0.844591, paupr_m: 0.859065, dauc: 0.873189, daupr: 0.283954, daupr_m: 0.365463
Epoch: 479 loss: 0.000172, pauc: 0.948354, paupr: 0.844660, paupr_m: 0.859119, dauc: 0.873854, daupr: 0.284347, daupr_m: 0.368844
Epoch: 489 loss: 0.000172, pauc: 0.948124, paupr: 0.844605, paupr_m: 0.859033, dauc: 0.874474, daupr: 0.285080, daupr_m: 0.371204
Epoch: 499 loss: 0.000172, pauc: 0.948339, paupr: 0.844894, paupr_m: 0.858823, dauc: 0.875082, daupr: 0.285843, daupr_m: 0.374477
Epoch: 509 loss: 0.000172, pauc: 0.948229, paupr: 0.844884, paupr_m: 0.859151, dauc: 0.875661, daupr: 0.286602, daupr_m: 0.375346
Epoch: 519 loss: 0.000172, pauc: 0.948207, paupr: 0.844911, paupr_m: 0.859155, dauc: 0.876229, daupr: 0.287432, daupr_m: 0.376756
Epoch: 529 loss: 0.000171, pauc: 0.948245, paupr: 0.844943, paupr_m: 0.859047, dauc: 0.876746, daupr: 0.288005, daupr_m: 0.378133
Epoch: 539 loss: 0.000171, pauc: 0.948285, paupr: 0.844978, paupr_m: 0.858970, dauc: 0.877254, daupr: 0.289003, daupr_m: 0.378941
Epoch: 549 loss: 0.000171, pauc: 0.948429, paupr: 0.844949, paupr_m: 0.859005, dauc: 0.877736, daupr: 0.289192, daupr_m: 0.380158
Epoch: 559 loss: 0.000171, pauc: 0.948236, paupr: 0.844935, paupr_m: 0.859088, dauc: 0.878194, daupr: 0.289479, daupr_m: 0.383661
Epoch: 569 loss: 0.000171, pauc: 0.948007, paupr: 0.845176, paupr_m: 0.859389, dauc: 0.878647, daupr: 0.289497, daupr_m: 0.384416
Epoch: 579 loss: 0.000171, pauc: 0.948446, paupr: 0.844991, paupr_m: 0.859261, dauc: 0.879090, daupr: 0.290372, daupr_m: 0.383484
Epoch: 589 loss: 0.000171, pauc: 0.948288, paupr: 0.844909, paupr_m: 0.859285, dauc: 0.879521, daupr: 0.290786, daupr_m: 0.382981
Epoch: 599 loss: 0.000171, pauc: 0.948309, paupr: 0.845178, paupr_m: 0.859133, dauc: 0.879921, daupr: 0.291177, daupr_m: 0.386390
Epoch: 609 loss: 0.000171, pauc: 0.948177, paupr: 0.844994, paupr_m: 0.859194, dauc: 0.880324, daupr: 0.292239, daupr_m: 0.387291
Epoch: 619 loss: 0.000171, pauc: 0.948360, paupr: 0.844910, paupr_m: 0.859161, dauc: 0.880698, daupr: 0.292996, daupr_m: 0.388221
Epoch: 629 loss: 0.000170, pauc: 0.948442, paupr: 0.845021, paupr_m: 0.859273, dauc: 0.881050, daupr: 0.292827, daupr_m: 0.381940
Epoch: 639 loss: 0.000170, pauc: 0.948280, paupr: 0.845117, paupr_m: 0.859303, dauc: 0.881401, daupr: 0.293185, daupr_m: 0.382843
Epoch: 649 loss: 0.000170, pauc: 0.948060, paupr: 0.845077, paupr_m: 0.859511, dauc: 0.881738, daupr: 0.293765, daupr_m: 0.383627
Epoch: 659 loss: 0.000170, pauc: 0.948435, paupr: 0.845069, paupr_m: 0.859119, dauc: 0.882079, daupr: 0.294297, daupr_m: 0.383748
Epoch: 669 loss: 0.000170, pauc: 0.948330, paupr: 0.844987, paupr_m: 0.859200, dauc: 0.882358, daupr: 0.295099, daupr_m: 0.384374
Epoch: 679 loss: 0.000170, pauc: 0.948465, paupr: 0.845199, paupr_m: 0.859482, dauc: 0.882651, daupr: 0.295609, daupr_m: 0.387482
Epoch: 689 loss: 0.000170, pauc: 0.948418, paupr: 0.845171, paupr_m: 0.859614, dauc: 0.882909, daupr: 0.295848, daupr_m: 0.391997
Epoch: 699 loss: 0.000170, pauc: 0.948574, paupr: 0.844827, paupr_m: 0.859104, dauc: 0.883175, daupr: 0.296314, daupr_m: 0.392051
Epoch: 709 loss: 0.000170, pauc: 0.948129, paupr: 0.844907, paupr_m: 0.859272, dauc: 0.883438, daupr: 0.296673, daupr_m: 0.392078
Epoch: 719 loss: 0.000170, pauc: 0.948397, paupr: 0.844981, paupr_m: 0.859562, dauc: 0.883709, daupr: 0.297155, daupr_m: 0.393664
Epoch: 729 loss: 0.000170, pauc: 0.948400, paupr: 0.844922, paupr_m: 0.859631, dauc: 0.883953, daupr: 0.297520, daupr_m: 0.395439
Epoch: 739 loss: 0.000171, pauc: 0.948054, paupr: 0.844387, paupr_m: 0.859042, dauc: 0.884168, daupr: 0.297817, daupr_m: 0.396238
Epoch: 749 loss: 0.000170, pauc: 0.948648, paupr: 0.844810, paupr_m: 0.859829, dauc: 0.884396, daupr: 0.297980, daupr_m: 0.394871
Epoch: 759 loss: 0.000170, pauc: 0.948247, paupr: 0.844666, paupr_m: 0.859212, dauc: 0.884595, daupr: 0.298369, daupr_m: 0.393416
Epoch: 769 loss: 0.000170, pauc: 0.948474, paupr: 0.844979, paupr_m: 0.859468, dauc: 0.884746, daupr: 0.298800, daupr_m: 0.395731
Epoch: 779 loss: 0.000170, pauc: 0.947993, paupr: 0.844679, paupr_m: 0.859607, dauc: 0.884897, daupr: 0.299181, daupr_m: 0.397437
Epoch: 789 loss: 0.000170, pauc: 0.948390, paupr: 0.844925, paupr_m: 0.859592, dauc: 0.885053, daupr: 0.299439, daupr_m: 0.397646
Epoch: 799 loss: 0.000170, pauc: 0.948310, paupr: 0.844276, paupr_m: 0.859252, dauc: 0.885181, daupr: 0.300009, daupr_m: 0.398003
Epoch: 809 loss: 0.000169, pauc: 0.948377, paupr: 0.844491, paupr_m: 0.859252, dauc: 0.885308, daupr: 0.300893, daupr_m: 0.398403
Epoch: 819 loss: 0.000169, pauc: 0.948011, paupr: 0.844468, paupr_m: 0.858897, dauc: 0.885422, daupr: 0.301372, daupr_m: 0.398788
Epoch: 829 loss: 0.000170, pauc: 0.948419, paupr: 0.844066, paupr_m: 0.858825, dauc: 0.885529, daupr: 0.301725, daupr_m: 0.398578
Epoch: 839 loss: 0.000170, pauc: 0.948547, paupr: 0.844497, paupr_m: 0.859308, dauc: 0.885647, daupr: 0.302358, daupr_m: 0.398637
Epoch: 849 loss: 0.000169, pauc: 0.948308, paupr: 0.844307, paupr_m: 0.859087, dauc: 0.885758, daupr: 0.302719, daupr_m: 0.398896
Epoch: 859 loss: 0.000169, pauc: 0.948164, paupr: 0.844209, paupr_m: 0.859018, dauc: 0.885843, daupr: 0.302954, daupr_m: 0.399221
Epoch: 869 loss: 0.000170, pauc: 0.948112, paupr: 0.844301, paupr_m: 0.858669, dauc: 0.885924, daupr: 0.303051, daupr_m: 0.399771
Epoch: 879 loss: 0.000169, pauc: 0.948468, paupr: 0.844039, paupr_m: 0.859021, dauc: 0.885999, daupr: 0.303659, daupr_m: 0.399757
Epoch: 889 loss: 0.000169, pauc: 0.948336, paupr: 0.844152, paupr_m: 0.858697, dauc: 0.886064, daupr: 0.304161, daupr_m: 0.400350
Epoch: 899 loss: 0.000169, pauc: 0.948778, paupr: 0.843996, paupr_m: 0.858681, dauc: 0.886122, daupr: 0.304598, daupr_m: 0.400388
Epoch: 909 loss: 0.000169, pauc: 0.948497, paupr: 0.844211, paupr_m: 0.858447, dauc: 0.886175, daupr: 0.304851, daupr_m: 0.405927
Epoch: 919 loss: 0.000169, pauc: 0.947991, paupr: 0.844174, paupr_m: 0.859066, dauc: 0.886244, daupr: 0.305200, daupr_m: 0.406060
Epoch: 929 loss: 0.000169, pauc: 0.948992, paupr: 0.844207, paupr_m: 0.858996, dauc: 0.886315, daupr: 0.305551, daupr_m: 0.413729
Epoch: 939 loss: 0.000169, pauc: 0.948380, paupr: 0.843585, paupr_m: 0.858558, dauc: 0.886365, daupr: 0.306021, daupr_m: 0.414716
Epoch: 949 loss: 0.000169, pauc: 0.948645, paupr: 0.844132, paupr_m: 0.858772, dauc: 0.886427, daupr: 0.306107, daupr_m: 0.414820
Epoch: 959 loss: 0.000169, pauc: 0.948369, paupr: 0.844102, paupr_m: 0.858683, dauc: 0.886494, daupr: 0.306324, daupr_m: 0.414966
Epoch: 969 loss: 0.000169, pauc: 0.948384, paupr: 0.843723, paupr_m: 0.858589, dauc: 0.886536, daupr: 0.306652, daupr_m: 0.416641
Epoch: 979 loss: 0.000169, pauc: 0.948596, paupr: 0.843947, paupr_m: 0.858645, dauc: 0.886575, daupr: 0.306557, daupr_m: 0.424421
Epoch: 989 loss: 0.000169, pauc: 0.948544, paupr: 0.843996, paupr_m: 0.858782, dauc: 0.886652, daupr: 0.306748, daupr_m: 0.424490
Epoch: 999 loss: 0.000169, pauc: 0.948494, paupr: 0.843698, paupr_m: 0.858175, dauc: 0.886713, daupr: 0.306885, daupr_m: 0.425942
Epoch: 9 loss: 0.002137, pauc: 0.865603, paupr: 0.419133, paupr_m: 0.508381, dauc: 0.708382, daupr: 0.040119, daupr_m: 0.091362
Epoch: 19 loss: 0.000814, pauc: 0.912949, paupr: 0.638596, paupr_m: 0.693619, dauc: 0.712956, daupr: 0.058736, daupr_m: 0.111946
Epoch: 29 loss: 0.000469, pauc: 0.925721, paupr: 0.707124, paupr_m: 0.766184, dauc: 0.722368, daupr: 0.072934, daupr_m: 0.143362
Epoch: 39 loss: 0.000334, pauc: 0.926347, paupr: 0.729057, paupr_m: 0.782256, dauc: 0.729622, daupr: 0.059198, daupr_m: 0.127870
Epoch: 49 loss: 0.000277, pauc: 0.928640, paupr: 0.746233, paupr_m: 0.796851, dauc: 0.734153, daupr: 0.074896, daupr_m: 0.145707
Epoch: 59 loss: 0.000247, pauc: 0.928434, paupr: 0.755864, paupr_m: 0.802332, dauc: 0.738718, daupr: 0.087646, daupr_m: 0.163620
Epoch: 69 loss: 0.000229, pauc: 0.927581, paupr: 0.762203, paupr_m: 0.810947, dauc: 0.743277, daupr: 0.091827, daupr_m: 0.169560
Epoch: 79 loss: 0.000218, pauc: 0.927033, paupr: 0.767062, paupr_m: 0.812117, dauc: 0.747755, daupr: 0.097955, daupr_m: 0.184204
Epoch: 89 loss: 0.000211, pauc: 0.926664, paupr: 0.770991, paupr_m: 0.813839, dauc: 0.752208, daupr: 0.103970, daupr_m: 0.197462
Epoch: 99 loss: 0.000205, pauc: 0.926301, paupr: 0.774104, paupr_m: 0.816191, dauc: 0.756392, daupr: 0.110578, daupr_m: 0.205661
Epoch: 109 loss: 0.000200, pauc: 0.926208, paupr: 0.776787, paupr_m: 0.818331, dauc: 0.760204, daupr: 0.116258, daupr_m: 0.215297
Epoch: 119 loss: 0.000197, pauc: 0.926195, paupr: 0.779023, paupr_m: 0.819719, dauc: 0.763812, daupr: 0.122494, daupr_m: 0.223959
Epoch: 129 loss: 0.000193, pauc: 0.926127, paupr: 0.780912, paupr_m: 0.820259, dauc: 0.767380, daupr: 0.129278, daupr_m: 0.228738
Epoch: 139 loss: 0.000191, pauc: 0.926112, paupr: 0.782595, paupr_m: 0.820739, dauc: 0.770770, daupr: 0.136302, daupr_m: 0.237153
Epoch: 149 loss: 0.000189, pauc: 0.926082, paupr: 0.784175, paupr_m: 0.821741, dauc: 0.774015, daupr: 0.142109, daupr_m: 0.244370
Epoch: 159 loss: 0.000187, pauc: 0.925954, paupr: 0.785481, paupr_m: 0.822581, dauc: 0.777056, daupr: 0.147991, daupr_m: 0.251162
Epoch: 169 loss: 0.000185, pauc: 0.925844, paupr: 0.786712, paupr_m: 0.823666, dauc: 0.780027, daupr: 0.153275, daupr_m: 0.258675
Epoch: 179 loss: 0.000184, pauc: 0.925761, paupr: 0.787797, paupr_m: 0.823977, dauc: 0.782782, daupr: 0.157118, daupr_m: 0.258009
Epoch: 189 loss: 0.000182, pauc: 0.925659, paupr: 0.788785, paupr_m: 0.824510, dauc: 0.785208, daupr: 0.161029, daupr_m: 0.264087
Epoch: 199 loss: 0.000181, pauc: 0.925574, paupr: 0.789665, paupr_m: 0.825326, dauc: 0.787515, daupr: 0.165113, daupr_m: 0.265439
Epoch: 209 loss: 0.000180, pauc: 0.925413, paupr: 0.790448, paupr_m: 0.825853, dauc: 0.789705, daupr: 0.169318, daupr_m: 0.271011
Epoch: 219 loss: 0.000179, pauc: 0.925373, paupr: 0.791161, paupr_m: 0.826457, dauc: 0.791803, daupr: 0.173331, daupr_m: 0.272040
Epoch: 229 loss: 0.000178, pauc: 0.925161, paupr: 0.791946, paupr_m: 0.827187, dauc: 0.793799, daupr: 0.177962, daupr_m: 0.274143
Epoch: 239 loss: 0.000178, pauc: 0.925385, paupr: 0.792637, paupr_m: 0.827696, dauc: 0.795622, daupr: 0.181286, daupr_m: 0.280449
Epoch: 249 loss: 0.000177, pauc: 0.925211, paupr: 0.793180, paupr_m: 0.828163, dauc: 0.797288, daupr: 0.185709, daupr_m: 0.286370
Epoch: 259 loss: 0.000176, pauc: 0.925273, paupr: 0.793754, paupr_m: 0.828517, dauc: 0.798856, daupr: 0.188586, daupr_m: 0.290398
Epoch: 269 loss: 0.000176, pauc: 0.925361, paupr: 0.794396, paupr_m: 0.828916, dauc: 0.800303, daupr: 0.191180, daupr_m: 0.297596
Epoch: 279 loss: 0.000175, pauc: 0.925071, paupr: 0.794866, paupr_m: 0.829036, dauc: 0.801646, daupr: 0.195212, daupr_m: 0.301820
Epoch: 289 loss: 0.000175, pauc: 0.925239, paupr: 0.795490, paupr_m: 0.829486, dauc: 0.802881, daupr: 0.198024, daupr_m: 0.303408
Epoch: 299 loss: 0.000174, pauc: 0.925329, paupr: 0.795923, paupr_m: 0.830129, dauc: 0.804108, daupr: 0.201251, daupr_m: 0.308358
Epoch: 309 loss: 0.000174, pauc: 0.925244, paupr: 0.796284, paupr_m: 0.830249, dauc: 0.805297, daupr: 0.203021, daupr_m: 0.312643
Epoch: 319 loss: 0.000173, pauc: 0.925444, paupr: 0.796762, paupr_m: 0.831302, dauc: 0.806391, daupr: 0.205655, daupr_m: 0.315914
Epoch: 329 loss: 0.000173, pauc: 0.925162, paupr: 0.797113, paupr_m: 0.831062, dauc: 0.807428, daupr: 0.207399, daupr_m: 0.316585
Epoch: 339 loss: 0.000172, pauc: 0.925279, paupr: 0.797346, paupr_m: 0.831033, dauc: 0.808413, daupr: 0.210042, daupr_m: 0.317984
Epoch: 349 loss: 0.000172, pauc: 0.925571, paupr: 0.797792, paupr_m: 0.830998, dauc: 0.809311, daupr: 0.211812, daupr_m: 0.320024
Epoch: 359 loss: 0.000172, pauc: 0.925117, paupr: 0.797960, paupr_m: 0.831122, dauc: 0.810124, daupr: 0.213573, daupr_m: 0.326401
Epoch: 369 loss: 0.000172, pauc: 0.924996, paupr: 0.798211, paupr_m: 0.831526, dauc: 0.810868, daupr: 0.215390, daupr_m: 0.332939
Epoch: 379 loss: 0.000171, pauc: 0.925608, paupr: 0.798493, paupr_m: 0.832010, dauc: 0.811578, daupr: 0.217426, daupr_m: 0.332838
Epoch: 389 loss: 0.000171, pauc: 0.925261, paupr: 0.798670, paupr_m: 0.831839, dauc: 0.812289, daupr: 0.218964, daupr_m: 0.339925
Epoch: 399 loss: 0.000171, pauc: 0.925085, paupr: 0.798866, paupr_m: 0.832096, dauc: 0.812936, daupr: 0.220849, daupr_m: 0.341824
Epoch: 409 loss: 0.000171, pauc: 0.925056, paupr: 0.799087, paupr_m: 0.832438, dauc: 0.813545, daupr: 0.221914, daupr_m: 0.341612
Epoch: 419 loss: 0.000170, pauc: 0.925577, paupr: 0.799528, paupr_m: 0.833014, dauc: 0.814131, daupr: 0.223194, daupr_m: 0.343610
Epoch: 429 loss: 0.000170, pauc: 0.925096, paupr: 0.799495, paupr_m: 0.833306, dauc: 0.814690, daupr: 0.224021, daupr_m: 0.343908
Epoch: 439 loss: 0.000170, pauc: 0.925232, paupr: 0.799836, paupr_m: 0.833649, dauc: 0.815235, daupr: 0.225411, daupr_m: 0.344602
Epoch: 449 loss: 0.000170, pauc: 0.924989, paupr: 0.800056, paupr_m: 0.834133, dauc: 0.815731, daupr: 0.226583, daupr_m: 0.345783
Epoch: 459 loss: 0.000170, pauc: 0.925127, paupr: 0.800052, paupr_m: 0.834369, dauc: 0.816203, daupr: 0.228194, daupr_m: 0.347072
Epoch: 469 loss: 0.000170, pauc: 0.925076, paupr: 0.800425, paupr_m: 0.834441, dauc: 0.816694, daupr: 0.229733, daupr_m: 0.349713
Epoch: 479 loss: 0.000169, pauc: 0.924714, paupr: 0.800611, paupr_m: 0.835468, dauc: 0.817134, daupr: 0.230478, daupr_m: 0.352580
Epoch: 489 loss: 0.000169, pauc: 0.924915, paupr: 0.800764, paupr_m: 0.836758, dauc: 0.817567, daupr: 0.231688, daupr_m: 0.352468
Epoch: 499 loss: 0.000169, pauc: 0.924735, paupr: 0.800742, paupr_m: 0.836850, dauc: 0.817994, daupr: 0.232608, daupr_m: 0.352020
Epoch: 509 loss: 0.000169, pauc: 0.924891, paupr: 0.801257, paupr_m: 0.837134, dauc: 0.818389, daupr: 0.233969, daupr_m: 0.351578
Epoch: 519 loss: 0.000169, pauc: 0.924387, paupr: 0.801059, paupr_m: 0.836658, dauc: 0.818741, daupr: 0.234733, daupr_m: 0.352914
Epoch: 529 loss: 0.000169, pauc: 0.924353, paupr: 0.801352, paupr_m: 0.837733, dauc: 0.819090, daupr: 0.235437, daupr_m: 0.352509
Epoch: 539 loss: 0.000169, pauc: 0.924589, paupr: 0.801574, paupr_m: 0.837882, dauc: 0.819441, daupr: 0.235924, daupr_m: 0.353484
Epoch: 549 loss: 0.000169, pauc: 0.924363, paupr: 0.801506, paupr_m: 0.837864, dauc: 0.819753, daupr: 0.236781, daupr_m: 0.353314
Epoch: 559 loss: 0.000168, pauc: 0.924537, paupr: 0.801680, paupr_m: 0.837887, dauc: 0.820021, daupr: 0.237105, daupr_m: 0.347349
Epoch: 569 loss: 0.000168, pauc: 0.924682, paupr: 0.801844, paupr_m: 0.838869, dauc: 0.820316, daupr: 0.237545, daupr_m: 0.347127
Epoch: 579 loss: 0.000169, pauc: 0.924568, paupr: 0.802062, paupr_m: 0.839403, dauc: 0.820571, daupr: 0.238196, daupr_m: 0.350036
Epoch: 589 loss: 0.000168, pauc: 0.924237, paupr: 0.802074, paupr_m: 0.838850, dauc: 0.820811, daupr: 0.238685, daupr_m: 0.350099
Epoch: 599 loss: 0.000168, pauc: 0.924329, paupr: 0.802248, paupr_m: 0.839507, dauc: 0.821014, daupr: 0.239521, daupr_m: 0.351320
Epoch: 609 loss: 0.000168, pauc: 0.924354, paupr: 0.802179, paupr_m: 0.839764, dauc: 0.821208, daupr: 0.239787, daupr_m: 0.358277
Epoch: 619 loss: 0.000168, pauc: 0.924383, paupr: 0.802430, paupr_m: 0.840013, dauc: 0.821419, daupr: 0.240407, daupr_m: 0.358359
Epoch: 629 loss: 0.000168, pauc: 0.924255, paupr: 0.802383, paupr_m: 0.840717, dauc: 0.821614, daupr: 0.240967, daupr_m: 0.358969
Epoch: 639 loss: 0.000168, pauc: 0.924592, paupr: 0.802473, paupr_m: 0.840803, dauc: 0.821788, daupr: 0.241724, daupr_m: 0.359704
Epoch: 649 loss: 0.000168, pauc: 0.924249, paupr: 0.802646, paupr_m: 0.841181, dauc: 0.821970, daupr: 0.241851, daupr_m: 0.360862
Epoch: 659 loss: 0.000168, pauc: 0.924601, paupr: 0.802785, paupr_m: 0.841500, dauc: 0.822114, daupr: 0.242399, daupr_m: 0.362528
Epoch: 669 loss: 0.000168, pauc: 0.924417, paupr: 0.803002, paupr_m: 0.841741, dauc: 0.822267, daupr: 0.242891, daupr_m: 0.362885
Epoch: 679 loss: 0.000168, pauc: 0.924338, paupr: 0.802909, paupr_m: 0.841885, dauc: 0.822405, daupr: 0.243309, daupr_m: 0.364482
Epoch: 689 loss: 0.000167, pauc: 0.924373, paupr: 0.803271, paupr_m: 0.842049, dauc: 0.822562, daupr: 0.243953, daupr_m: 0.366752
Epoch: 699 loss: 0.000168, pauc: 0.924169, paupr: 0.803113, paupr_m: 0.841828, dauc: 0.822723, daupr: 0.244272, daupr_m: 0.373645
Epoch: 709 loss: 0.000167, pauc: 0.924579, paupr: 0.803088, paupr_m: 0.842021, dauc: 0.822853, daupr: 0.244599, daupr_m: 0.377025
Epoch: 719 loss: 0.000168, pauc: 0.924519, paupr: 0.803363, paupr_m: 0.841866, dauc: 0.822994, daupr: 0.244907, daupr_m: 0.377279
Epoch: 729 loss: 0.000167, pauc: 0.924420, paupr: 0.803654, paupr_m: 0.842557, dauc: 0.823125, daupr: 0.245300, daupr_m: 0.377901
Epoch: 739 loss: 0.000168, pauc: 0.924386, paupr: 0.803476, paupr_m: 0.842762, dauc: 0.823251, daupr: 0.245715, daupr_m: 0.378480
Epoch: 749 loss: 0.000167, pauc: 0.924318, paupr: 0.803563, paupr_m: 0.842460, dauc: 0.823338, daupr: 0.245591, daupr_m: 0.381187
Epoch: 759 loss: 0.000167, pauc: 0.924242, paupr: 0.803649, paupr_m: 0.842986, dauc: 0.823450, daupr: 0.246046, daupr_m: 0.380528
Epoch: 769 loss: 0.000167, pauc: 0.924578, paupr: 0.803787, paupr_m: 0.842747, dauc: 0.823579, daupr: 0.246408, daupr_m: 0.380735
Epoch: 779 loss: 0.000167, pauc: 0.924235, paupr: 0.803696, paupr_m: 0.843168, dauc: 0.823675, daupr: 0.246672, daupr_m: 0.380890
Epoch: 789 loss: 0.000167, pauc: 0.924358, paupr: 0.803942, paupr_m: 0.843564, dauc: 0.823803, daupr: 0.246836, daupr_m: 0.380977
Epoch: 799 loss: 0.000167, pauc: 0.924380, paupr: 0.804116, paupr_m: 0.843684, dauc: 0.823882, daupr: 0.247130, daupr_m: 0.381000
Epoch: 809 loss: 0.000167, pauc: 0.924568, paupr: 0.803896, paupr_m: 0.843340, dauc: 0.823963, daupr: 0.247266, daupr_m: 0.381470
Epoch: 819 loss: 0.000167, pauc: 0.924504, paupr: 0.804052, paupr_m: 0.844173, dauc: 0.824067, daupr: 0.247597, daupr_m: 0.381605
Epoch: 829 loss: 0.000167, pauc: 0.924792, paupr: 0.804097, paupr_m: 0.844101, dauc: 0.824162, daupr: 0.247788, daupr_m: 0.384165
Epoch: 839 loss: 0.000167, pauc: 0.924386, paupr: 0.804072, paupr_m: 0.843613, dauc: 0.824232, daupr: 0.247615, daupr_m: 0.384333
Epoch: 849 loss: 0.000167, pauc: 0.924620, paupr: 0.804307, paupr_m: 0.843733, dauc: 0.824314, daupr: 0.247936, daupr_m: 0.384520
Epoch: 859 loss: 0.000167, pauc: 0.924566, paupr: 0.804342, paupr_m: 0.844200, dauc: 0.824402, daupr: 0.247862, daupr_m: 0.386894
Epoch: 869 loss: 0.000167, pauc: 0.924442, paupr: 0.804336, paupr_m: 0.844194, dauc: 0.824474, daupr: 0.248194, daupr_m: 0.387123
Epoch: 879 loss: 0.000167, pauc: 0.923946, paupr: 0.804358, paupr_m: 0.843682, dauc: 0.824534, daupr: 0.248747, daupr_m: 0.386960
Epoch: 889 loss: 0.000167, pauc: 0.924074, paupr: 0.804443, paupr_m: 0.844012, dauc: 0.824592, daupr: 0.248843, daupr_m: 0.387000
Epoch: 899 loss: 0.000167, pauc: 0.924725, paupr: 0.804492, paupr_m: 0.844161, dauc: 0.824653, daupr: 0.249038, daupr_m: 0.387011
Epoch: 909 loss: 0.000167, pauc: 0.924319, paupr: 0.804698, paupr_m: 0.844506, dauc: 0.824733, daupr: 0.249387, daupr_m: 0.387174
Epoch: 919 loss: 0.000167, pauc: 0.924661, paupr: 0.804812, paupr_m: 0.844240, dauc: 0.824822, daupr: 0.249531, daupr_m: 0.387440
Epoch: 929 loss: 0.000167, pauc: 0.924600, paupr: 0.804641, paupr_m: 0.844010, dauc: 0.824869, daupr: 0.249264, daupr_m: 0.387052
Epoch: 939 loss: 0.000167, pauc: 0.924556, paupr: 0.804927, paupr_m: 0.844575, dauc: 0.824906, daupr: 0.249544, daupr_m: 0.384959
Epoch: 949 loss: 0.000167, pauc: 0.924497, paupr: 0.804933, paupr_m: 0.844399, dauc: 0.824947, daupr: 0.249603, daupr_m: 0.384852
Epoch: 959 loss: 0.000167, pauc: 0.924088, paupr: 0.804835, paupr_m: 0.844228, dauc: 0.824982, daupr: 0.249661, daupr_m: 0.384559
Epoch: 969 loss: 0.000167, pauc: 0.924436, paupr: 0.804983, paupr_m: 0.844540, dauc: 0.825073, daupr: 0.249090, daupr_m: 0.383786
Epoch: 979 loss: 0.000167, pauc: 0.924569, paupr: 0.805078, paupr_m: 0.844733, dauc: 0.825099, daupr: 0.249227, daupr_m: 0.383980
Epoch: 989 loss: 0.000167, pauc: 0.924537, paupr: 0.805040, paupr_m: 0.844474, dauc: 0.825127, daupr: 0.249091, daupr_m: 0.384459
Epoch: 999 loss: 0.000167, pauc: 0.924651, paupr: 0.805256, paupr_m: 0.844782, dauc: 0.825215, daupr: 0.249217, daupr_m: 0.381996
Epoch: 9 loss: 0.002208, pauc: 0.890374, paupr: 0.424502, paupr_m: 0.523892, dauc: 0.744634, daupr: 0.036557, daupr_m: 0.100073
Epoch: 19 loss: 0.000840, pauc: 0.933311, paupr: 0.715929, paupr_m: 0.715038, dauc: 0.748728, daupr: 0.064268, daupr_m: 0.124755
Epoch: 29 loss: 0.000478, pauc: 0.938849, paupr: 0.768655, paupr_m: 0.757779, dauc: 0.756514, daupr: 0.078112, daupr_m: 0.165356
Epoch: 39 loss: 0.000341, pauc: 0.940445, paupr: 0.784714, paupr_m: 0.771901, dauc: 0.762527, daupr: 0.059239, daupr_m: 0.136894
Epoch: 49 loss: 0.000282, pauc: 0.942824, paupr: 0.795496, paupr_m: 0.796652, dauc: 0.769256, daupr: 0.073992, daupr_m: 0.160118
Epoch: 59 loss: 0.000252, pauc: 0.942328, paupr: 0.801655, paupr_m: 0.803712, dauc: 0.775492, daupr: 0.099706, daupr_m: 0.181935
Epoch: 69 loss: 0.000235, pauc: 0.941545, paupr: 0.805735, paupr_m: 0.807889, dauc: 0.780715, daupr: 0.097038, daupr_m: 0.182761
Epoch: 79 loss: 0.000223, pauc: 0.940663, paupr: 0.809768, paupr_m: 0.809945, dauc: 0.785881, daupr: 0.110468, daupr_m: 0.192622
Epoch: 89 loss: 0.000215, pauc: 0.939565, paupr: 0.812975, paupr_m: 0.811444, dauc: 0.791045, daupr: 0.125267, daupr_m: 0.207644
Epoch: 99 loss: 0.000209, pauc: 0.939404, paupr: 0.815471, paupr_m: 0.812126, dauc: 0.795952, daupr: 0.133550, daupr_m: 0.212120
Epoch: 109 loss: 0.000205, pauc: 0.939398, paupr: 0.817411, paupr_m: 0.813467, dauc: 0.800591, daupr: 0.141588, daupr_m: 0.219241
Epoch: 119 loss: 0.000201, pauc: 0.939533, paupr: 0.819091, paupr_m: 0.814083, dauc: 0.805070, daupr: 0.147850, daupr_m: 0.232478
Epoch: 129 loss: 0.000198, pauc: 0.939557, paupr: 0.820578, paupr_m: 0.815131, dauc: 0.809467, daupr: 0.154604, daupr_m: 0.246647
Epoch: 139 loss: 0.000196, pauc: 0.939790, paupr: 0.821869, paupr_m: 0.817446, dauc: 0.813565, daupr: 0.160011, daupr_m: 0.251079
Epoch: 149 loss: 0.000193, pauc: 0.939906, paupr: 0.822914, paupr_m: 0.817925, dauc: 0.817349, daupr: 0.165666, daupr_m: 0.255833
Epoch: 159 loss: 0.000191, pauc: 0.940073, paupr: 0.823780, paupr_m: 0.819482, dauc: 0.821055, daupr: 0.170626, daupr_m: 0.264815
Epoch: 169 loss: 0.000189, pauc: 0.940261, paupr: 0.824482, paupr_m: 0.819575, dauc: 0.824624, daupr: 0.175151, daupr_m: 0.284115
Epoch: 179 loss: 0.000188, pauc: 0.940403, paupr: 0.825126, paupr_m: 0.819601, dauc: 0.827949, daupr: 0.179502, daupr_m: 0.288673
Epoch: 189 loss: 0.000186, pauc: 0.940479, paupr: 0.825827, paupr_m: 0.820305, dauc: 0.830993, daupr: 0.183474, daupr_m: 0.297885
Epoch: 199 loss: 0.000185, pauc: 0.940673, paupr: 0.826377, paupr_m: 0.820480, dauc: 0.833840, daupr: 0.187381, daupr_m: 0.299211
Epoch: 209 loss: 0.000184, pauc: 0.940839, paupr: 0.826930, paupr_m: 0.820618, dauc: 0.836534, daupr: 0.191215, daupr_m: 0.310008
Epoch: 219 loss: 0.000183, pauc: 0.940847, paupr: 0.827383, paupr_m: 0.821009, dauc: 0.839063, daupr: 0.195732, daupr_m: 0.312119
Epoch: 229 loss: 0.000182, pauc: 0.940921, paupr: 0.827883, paupr_m: 0.821016, dauc: 0.841435, daupr: 0.199212, daupr_m: 0.318651
Epoch: 239 loss: 0.000182, pauc: 0.941163, paupr: 0.828409, paupr_m: 0.821404, dauc: 0.843651, daupr: 0.202959, daupr_m: 0.327096
Epoch: 249 loss: 0.000181, pauc: 0.940958, paupr: 0.828735, paupr_m: 0.821498, dauc: 0.845679, daupr: 0.206248, daupr_m: 0.330444
Epoch: 259 loss: 0.000180, pauc: 0.941098, paupr: 0.829171, paupr_m: 0.821584, dauc: 0.847623, daupr: 0.209458, daupr_m: 0.332934
Epoch: 269 loss: 0.000180, pauc: 0.941124, paupr: 0.829514, paupr_m: 0.821703, dauc: 0.849431, daupr: 0.212358, daupr_m: 0.335318
Epoch: 279 loss: 0.000179, pauc: 0.941175, paupr: 0.829802, paupr_m: 0.821706, dauc: 0.851116, daupr: 0.215540, daupr_m: 0.343965
Epoch: 289 loss: 0.000178, pauc: 0.941245, paupr: 0.830083, paupr_m: 0.821831, dauc: 0.852809, daupr: 0.217595, daupr_m: 0.349848
Epoch: 299 loss: 0.000178, pauc: 0.941029, paupr: 0.830208, paupr_m: 0.821442, dauc: 0.854364, daupr: 0.220229, daupr_m: 0.354700
Epoch: 309 loss: 0.000178, pauc: 0.941239, paupr: 0.830507, paupr_m: 0.821517, dauc: 0.855778, daupr: 0.223034, daupr_m: 0.365324
Epoch: 319 loss: 0.000177, pauc: 0.941305, paupr: 0.830630, paupr_m: 0.821591, dauc: 0.857044, daupr: 0.225489, daupr_m: 0.369395
Epoch: 329 loss: 0.000177, pauc: 0.941079, paupr: 0.830684, paupr_m: 0.821575, dauc: 0.858259, daupr: 0.229102, daupr_m: 0.371140
Epoch: 339 loss: 0.000176, pauc: 0.941395, paupr: 0.830995, paupr_m: 0.824118, dauc: 0.859484, daupr: 0.231221, daupr_m: 0.372330
Epoch: 349 loss: 0.000176, pauc: 0.940973, paupr: 0.830991, paupr_m: 0.823088, dauc: 0.860649, daupr: 0.233814, daupr_m: 0.374521
Epoch: 359 loss: 0.000176, pauc: 0.941253, paupr: 0.831298, paupr_m: 0.823393, dauc: 0.861743, daupr: 0.235327, daupr_m: 0.375559
Epoch: 369 loss: 0.000175, pauc: 0.941242, paupr: 0.831379, paupr_m: 0.822816, dauc: 0.862795, daupr: 0.237396, daupr_m: 0.377921
Epoch: 379 loss: 0.000175, pauc: 0.940870, paupr: 0.831379, paupr_m: 0.822666, dauc: 0.863759, daupr: 0.239002, daupr_m: 0.380048
Epoch: 389 loss: 0.000175, pauc: 0.941259, paupr: 0.831619, paupr_m: 0.824281, dauc: 0.864673, daupr: 0.240763, daupr_m: 0.381155
Epoch: 399 loss: 0.000175, pauc: 0.941042, paupr: 0.831697, paupr_m: 0.823355, dauc: 0.865550, daupr: 0.242601, daupr_m: 0.388942
Epoch: 409 loss: 0.000174, pauc: 0.940938, paupr: 0.831731, paupr_m: 0.823195, dauc: 0.866412, daupr: 0.243787, daupr_m: 0.389382
Epoch: 419 loss: 0.000174, pauc: 0.940970, paupr: 0.832073, paupr_m: 0.824712, dauc: 0.867209, daupr: 0.245044, daupr_m: 0.392545
Epoch: 429 loss: 0.000174, pauc: 0.940638, paupr: 0.832136, paupr_m: 0.824373, dauc: 0.867967, daupr: 0.245783, daupr_m: 0.393101
Epoch: 439 loss: 0.000174, pauc: 0.940357, paupr: 0.832086, paupr_m: 0.823176, dauc: 0.868706, daupr: 0.246682, daupr_m: 0.393711
Epoch: 449 loss: 0.000174, pauc: 0.940666, paupr: 0.832397, paupr_m: 0.824612, dauc: 0.869437, daupr: 0.247827, daupr_m: 0.396415
Epoch: 459 loss: 0.000173, pauc: 0.940247, paupr: 0.832461, paupr_m: 0.823187, dauc: 0.870132, daupr: 0.249404, daupr_m: 0.398329
Epoch: 469 loss: 0.000173, pauc: 0.940156, paupr: 0.832771, paupr_m: 0.824149, dauc: 0.870794, daupr: 0.250636, daupr_m: 0.396481
Epoch: 479 loss: 0.000173, pauc: 0.939687, paupr: 0.832686, paupr_m: 0.824350, dauc: 0.871399, daupr: 0.251556, daupr_m: 0.398644
Epoch: 489 loss: 0.000173, pauc: 0.940339, paupr: 0.833056, paupr_m: 0.825349, dauc: 0.871956, daupr: 0.252668, daupr_m: 0.402111
Epoch: 499 loss: 0.000173, pauc: 0.939765, paupr: 0.833204, paupr_m: 0.824081, dauc: 0.872486, daupr: 0.254016, daupr_m: 0.402108
Epoch: 509 loss: 0.000173, pauc: 0.939488, paupr: 0.833360, paupr_m: 0.824905, dauc: 0.873000, daupr: 0.254721, daupr_m: 0.403417
Epoch: 519 loss: 0.000173, pauc: 0.939106, paupr: 0.833541, paupr_m: 0.825580, dauc: 0.873488, daupr: 0.256024, daupr_m: 0.403254
Epoch: 529 loss: 0.000173, pauc: 0.938673, paupr: 0.833239, paupr_m: 0.823515, dauc: 0.873965, daupr: 0.256881, daupr_m: 0.404932
Epoch: 539 loss: 0.000172, pauc: 0.939223, paupr: 0.833695, paupr_m: 0.825231, dauc: 0.874411, daupr: 0.257909, daupr_m: 0.406210
Epoch: 549 loss: 0.000172, pauc: 0.939188, paupr: 0.833915, paupr_m: 0.825964, dauc: 0.874836, daupr: 0.258642, daupr_m: 0.407295
Epoch: 559 loss: 0.000172, pauc: 0.938735, paupr: 0.833961, paupr_m: 0.823990, dauc: 0.875268, daupr: 0.259221, daupr_m: 0.407609
Epoch: 569 loss: 0.000172, pauc: 0.938437, paupr: 0.833876, paupr_m: 0.824721, dauc: 0.875676, daupr: 0.260095, daupr_m: 0.407485
Epoch: 579 loss: 0.000172, pauc: 0.938691, paupr: 0.834474, paupr_m: 0.825537, dauc: 0.876070, daupr: 0.260792, daupr_m: 0.407454
Epoch: 589 loss: 0.000172, pauc: 0.938363, paupr: 0.834314, paupr_m: 0.825203, dauc: 0.876432, daupr: 0.261364, daupr_m: 0.408164
Epoch: 599 loss: 0.000172, pauc: 0.938192, paupr: 0.834422, paupr_m: 0.825259, dauc: 0.876780, daupr: 0.261933, daupr_m: 0.408247
Epoch: 609 loss: 0.000172, pauc: 0.938623, paupr: 0.834694, paupr_m: 0.825575, dauc: 0.877094, daupr: 0.262510, daupr_m: 0.408057
Epoch: 619 loss: 0.000172, pauc: 0.938310, paupr: 0.834834, paupr_m: 0.826213, dauc: 0.877430, daupr: 0.263871, daupr_m: 0.412214
Epoch: 629 loss: 0.000172, pauc: 0.937523, paupr: 0.834461, paupr_m: 0.825612, dauc: 0.877760, daupr: 0.265136, daupr_m: 0.413974
Epoch: 639 loss: 0.000172, pauc: 0.938634, paupr: 0.835047, paupr_m: 0.826938, dauc: 0.878084, daupr: 0.265852, daupr_m: 0.414784
Epoch: 649 loss: 0.000171, pauc: 0.938231, paupr: 0.835107, paupr_m: 0.825904, dauc: 0.878369, daupr: 0.266309, daupr_m: 0.414327
Epoch: 659 loss: 0.000171, pauc: 0.937770, paupr: 0.835271, paupr_m: 0.825687, dauc: 0.878651, daupr: 0.266925, daupr_m: 0.414493
Epoch: 669 loss: 0.000171, pauc: 0.937991, paupr: 0.835108, paupr_m: 0.825660, dauc: 0.878921, daupr: 0.268274, daupr_m: 0.414724
Epoch: 679 loss: 0.000171, pauc: 0.938070, paupr: 0.835459, paupr_m: 0.826249, dauc: 0.879166, daupr: 0.269329, daupr_m: 0.414417
Epoch: 689 loss: 0.000172, pauc: 0.937785, paupr: 0.835443, paupr_m: 0.826518, dauc: 0.879419, daupr: 0.269736, daupr_m: 0.414420
Epoch: 699 loss: 0.000171, pauc: 0.937872, paupr: 0.835722, paupr_m: 0.825981, dauc: 0.879677, daupr: 0.270113, daupr_m: 0.414528
Epoch: 709 loss: 0.000171, pauc: 0.937088, paupr: 0.835923, paupr_m: 0.826220, dauc: 0.879893, daupr: 0.270627, daupr_m: 0.414723
Epoch: 719 loss: 0.000171, pauc: 0.936716, paupr: 0.835844, paupr_m: 0.826976, dauc: 0.880110, daupr: 0.271240, daupr_m: 0.415021
Epoch: 729 loss: 0.000171, pauc: 0.937351, paupr: 0.835582, paupr_m: 0.825938, dauc: 0.880309, daupr: 0.271779, daupr_m: 0.414960
Epoch: 739 loss: 0.000171, pauc: 0.937440, paupr: 0.835737, paupr_m: 0.826349, dauc: 0.880507, daupr: 0.272219, daupr_m: 0.415153
Epoch: 749 loss: 0.000171, pauc: 0.937031, paupr: 0.835832, paupr_m: 0.825769, dauc: 0.880708, daupr: 0.272898, daupr_m: 0.415435
Epoch: 759 loss: 0.000171, pauc: 0.937324, paupr: 0.836135, paupr_m: 0.827137, dauc: 0.880886, daupr: 0.273592, daupr_m: 0.415595
Epoch: 769 loss: 0.000171, pauc: 0.937516, paupr: 0.836262, paupr_m: 0.827368, dauc: 0.881042, daupr: 0.274105, daupr_m: 0.415680
Epoch: 779 loss: 0.000171, pauc: 0.937662, paupr: 0.836043, paupr_m: 0.826585, dauc: 0.881206, daupr: 0.274582, daupr_m: 0.419206
Epoch: 789 loss: 0.000171, pauc: 0.937575, paupr: 0.836403, paupr_m: 0.827394, dauc: 0.881341, daupr: 0.274842, daupr_m: 0.419496
Epoch: 799 loss: 0.000171, pauc: 0.937279, paupr: 0.836247, paupr_m: 0.827042, dauc: 0.881476, daupr: 0.275190, daupr_m: 0.419571
Epoch: 809 loss: 0.000171, pauc: 0.937662, paupr: 0.836297, paupr_m: 0.826930, dauc: 0.881622, daupr: 0.276067, daupr_m: 0.419672
Epoch: 819 loss: 0.000170, pauc: 0.937413, paupr: 0.836506, paupr_m: 0.827154, dauc: 0.881729, daupr: 0.276735, daupr_m: 0.419976
Epoch: 829 loss: 0.000171, pauc: 0.937690, paupr: 0.836287, paupr_m: 0.827519, dauc: 0.881863, daupr: 0.277113, daupr_m: 0.419304
Epoch: 839 loss: 0.000171, pauc: 0.937337, paupr: 0.836512, paupr_m: 0.827449, dauc: 0.882001, daupr: 0.277518, daupr_m: 0.418673
Epoch: 849 loss: 0.000171, pauc: 0.937971, paupr: 0.836814, paupr_m: 0.828190, dauc: 0.882123, daupr: 0.277706, daupr_m: 0.417666
Epoch: 859 loss: 0.000171, pauc: 0.937994, paupr: 0.836681, paupr_m: 0.827389, dauc: 0.882260, daupr: 0.278157, daupr_m: 0.419471
Epoch: 869 loss: 0.000171, pauc: 0.937681, paupr: 0.836471, paupr_m: 0.826497, dauc: 0.882369, daupr: 0.278725, daupr_m: 0.419568
Epoch: 879 loss: 0.000171, pauc: 0.938162, paupr: 0.836609, paupr_m: 0.827526, dauc: 0.882475, daupr: 0.279243, daupr_m: 0.419773
Epoch: 889 loss: 0.000170, pauc: 0.937715, paupr: 0.836810, paupr_m: 0.828031, dauc: 0.882576, daupr: 0.279669, daupr_m: 0.420004
Epoch: 899 loss: 0.000170, pauc: 0.937751, paupr: 0.837009, paupr_m: 0.827568, dauc: 0.882663, daupr: 0.280099, daupr_m: 0.419861
Epoch: 909 loss: 0.000171, pauc: 0.937885, paupr: 0.837157, paupr_m: 0.829081, dauc: 0.882735, daupr: 0.280391, daupr_m: 0.420131
Epoch: 919 loss: 0.000171, pauc: 0.937409, paupr: 0.836869, paupr_m: 0.827020, dauc: 0.882815, daupr: 0.280795, daupr_m: 0.420593
Epoch: 929 loss: 0.000170, pauc: 0.937120, paupr: 0.836917, paupr_m: 0.827727, dauc: 0.882877, daupr: 0.281280, daupr_m: 0.420690
Epoch: 939 loss: 0.000170, pauc: 0.937764, paupr: 0.836952, paupr_m: 0.828274, dauc: 0.882969, daupr: 0.281498, daupr_m: 0.421239
Epoch: 949 loss: 0.000170, pauc: 0.938029, paupr: 0.837125, paupr_m: 0.827607, dauc: 0.883049, daupr: 0.281823, daupr_m: 0.421204
Epoch: 959 loss: 0.000171, pauc: 0.937634, paupr: 0.837144, paupr_m: 0.826550, dauc: 0.883110, daupr: 0.282198, daupr_m: 0.419473
Epoch: 969 loss: 0.000170, pauc: 0.938497, paupr: 0.837228, paupr_m: 0.829478, dauc: 0.883176, daupr: 0.282566, daupr_m: 0.419787
Epoch: 979 loss: 0.000170, pauc: 0.937790, paupr: 0.837143, paupr_m: 0.827659, dauc: 0.883243, daupr: 0.282991, daupr_m: 0.419793
Epoch: 989 loss: 0.000170, pauc: 0.937916, paupr: 0.837201, paupr_m: 0.827509, dauc: 0.883310, daupr: 0.283258, daupr_m: 0.419773
Epoch: 999 loss: 0.000170, pauc: 0.938089, paupr: 0.837403, paupr_m: 0.828521, dauc: 0.883377, daupr: 0.283686, daupr_m: 0.420038
Epoch: 9 loss: 0.002198, pauc: 0.891548, paupr: 0.440480, paupr_m: 0.503876, dauc: 0.782679, daupr: 0.061967, daupr_m: 0.141600
Epoch: 19 loss: 0.000835, pauc: 0.929532, paupr: 0.697556, paupr_m: 0.724530, dauc: 0.789772, daupr: 0.105240, daupr_m: 0.152893
Epoch: 29 loss: 0.000479, pauc: 0.937511, paupr: 0.752021, paupr_m: 0.793086, dauc: 0.797030, daupr: 0.123799, daupr_m: 0.179205
Epoch: 39 loss: 0.000340, pauc: 0.936423, paupr: 0.764779, paupr_m: 0.808723, dauc: 0.803087, daupr: 0.094323, daupr_m: 0.182378
Epoch: 49 loss: 0.000281, pauc: 0.935627, paupr: 0.780230, paupr_m: 0.826587, dauc: 0.808482, daupr: 0.123528, daupr_m: 0.184361
Epoch: 59 loss: 0.000251, pauc: 0.934757, paupr: 0.788733, paupr_m: 0.828046, dauc: 0.815075, daupr: 0.162703, daupr_m: 0.200548
Epoch: 69 loss: 0.000233, pauc: 0.933183, paupr: 0.794135, paupr_m: 0.827104, dauc: 0.821098, daupr: 0.158540, daupr_m: 0.211964
Epoch: 79 loss: 0.000222, pauc: 0.932879, paupr: 0.797737, paupr_m: 0.827737, dauc: 0.826356, daupr: 0.174640, daupr_m: 0.214785
Epoch: 89 loss: 0.000214, pauc: 0.932631, paupr: 0.800712, paupr_m: 0.828358, dauc: 0.831281, daupr: 0.193555, daupr_m: 0.224422
Epoch: 99 loss: 0.000208, pauc: 0.932570, paupr: 0.803336, paupr_m: 0.829035, dauc: 0.836110, daupr: 0.203429, daupr_m: 0.233336
Epoch: 109 loss: 0.000204, pauc: 0.932173, paupr: 0.805469, paupr_m: 0.831018, dauc: 0.840703, daupr: 0.215250, daupr_m: 0.242230
Epoch: 119 loss: 0.000200, pauc: 0.931974, paupr: 0.807285, paupr_m: 0.831270, dauc: 0.844908, daupr: 0.225205, daupr_m: 0.249860
Epoch: 129 loss: 0.000197, pauc: 0.931618, paupr: 0.808745, paupr_m: 0.831742, dauc: 0.848803, daupr: 0.234943, daupr_m: 0.261088
Epoch: 139 loss: 0.000194, pauc: 0.931338, paupr: 0.810077, paupr_m: 0.832155, dauc: 0.852516, daupr: 0.244536, daupr_m: 0.269127
Epoch: 149 loss: 0.000192, pauc: 0.931171, paupr: 0.811072, paupr_m: 0.832540, dauc: 0.855942, daupr: 0.252759, daupr_m: 0.271566
Epoch: 159 loss: 0.000190, pauc: 0.931040, paupr: 0.811996, paupr_m: 0.832881, dauc: 0.859120, daupr: 0.260127, daupr_m: 0.274708
Epoch: 169 loss: 0.000188, pauc: 0.930698, paupr: 0.812700, paupr_m: 0.833415, dauc: 0.862151, daupr: 0.269508, daupr_m: 0.285326
Epoch: 179 loss: 0.000187, pauc: 0.930433, paupr: 0.813379, paupr_m: 0.834363, dauc: 0.865000, daupr: 0.276092, daupr_m: 0.281210
Epoch: 189 loss: 0.000186, pauc: 0.930206, paupr: 0.813955, paupr_m: 0.834452, dauc: 0.867669, daupr: 0.282440, daupr_m: 0.292476
Epoch: 199 loss: 0.000185, pauc: 0.930021, paupr: 0.814614, paupr_m: 0.834767, dauc: 0.870202, daupr: 0.290427, daupr_m: 0.296401
Epoch: 209 loss: 0.000183, pauc: 0.929882, paupr: 0.815164, paupr_m: 0.835505, dauc: 0.872548, daupr: 0.297312, daupr_m: 0.301233
Epoch: 219 loss: 0.000183, pauc: 0.929663, paupr: 0.815708, paupr_m: 0.835597, dauc: 0.874640, daupr: 0.302927, daupr_m: 0.306456
Epoch: 229 loss: 0.000182, pauc: 0.929582, paupr: 0.816134, paupr_m: 0.835664, dauc: 0.876576, daupr: 0.308365, daupr_m: 0.310849
Epoch: 239 loss: 0.000181, pauc: 0.929642, paupr: 0.816490, paupr_m: 0.835762, dauc: 0.878384, daupr: 0.312768, daupr_m: 0.313073
Epoch: 249 loss: 0.000180, pauc: 0.929520, paupr: 0.816748, paupr_m: 0.835503, dauc: 0.880012, daupr: 0.316483, daupr_m: 0.319410
Epoch: 259 loss: 0.000179, pauc: 0.929719, paupr: 0.817068, paupr_m: 0.835757, dauc: 0.881620, daupr: 0.319982, daupr_m: 0.323251
Epoch: 269 loss: 0.000179, pauc: 0.929826, paupr: 0.817323, paupr_m: 0.835684, dauc: 0.883096, daupr: 0.324499, daupr_m: 0.326135
Epoch: 279 loss: 0.000179, pauc: 0.929766, paupr: 0.817498, paupr_m: 0.835880, dauc: 0.884522, daupr: 0.327739, daupr_m: 0.330704
Epoch: 289 loss: 0.000178, pauc: 0.930051, paupr: 0.817632, paupr_m: 0.835589, dauc: 0.885914, daupr: 0.330926, daupr_m: 0.334612
Epoch: 299 loss: 0.000177, pauc: 0.929891, paupr: 0.817731, paupr_m: 0.835203, dauc: 0.887172, daupr: 0.334493, daupr_m: 0.342073
Epoch: 309 loss: 0.000177, pauc: 0.930002, paupr: 0.817967, paupr_m: 0.834512, dauc: 0.888349, daupr: 0.337184, daupr_m: 0.345039
Epoch: 319 loss: 0.000176, pauc: 0.930167, paupr: 0.818151, paupr_m: 0.834324, dauc: 0.889476, daupr: 0.340197, daupr_m: 0.347228
Epoch: 329 loss: 0.000176, pauc: 0.930144, paupr: 0.818275, paupr_m: 0.834452, dauc: 0.890522, daupr: 0.342453, daupr_m: 0.348330
Epoch: 339 loss: 0.000176, pauc: 0.930171, paupr: 0.818454, paupr_m: 0.833805, dauc: 0.891505, daupr: 0.344469, daupr_m: 0.348851
Epoch: 349 loss: 0.000175, pauc: 0.930146, paupr: 0.818530, paupr_m: 0.834052, dauc: 0.892440, daupr: 0.346714, daupr_m: 0.350707
Epoch: 359 loss: 0.000175, pauc: 0.930221, paupr: 0.818761, paupr_m: 0.833933, dauc: 0.893306, daupr: 0.348626, daupr_m: 0.352366
Epoch: 369 loss: 0.000175, pauc: 0.930211, paupr: 0.818768, paupr_m: 0.833618, dauc: 0.894087, daupr: 0.350370, daupr_m: 0.355065
Epoch: 379 loss: 0.000174, pauc: 0.930260, paupr: 0.818953, paupr_m: 0.833706, dauc: 0.894811, daupr: 0.351762, daupr_m: 0.360315
Epoch: 389 loss: 0.000174, pauc: 0.930067, paupr: 0.819104, paupr_m: 0.833694, dauc: 0.895509, daupr: 0.353707, daupr_m: 0.361303
Epoch: 399 loss: 0.000174, pauc: 0.930191, paupr: 0.819157, paupr_m: 0.832885, dauc: 0.896195, daupr: 0.355157, daupr_m: 0.362231
Epoch: 409 loss: 0.000174, pauc: 0.930142, paupr: 0.819388, paupr_m: 0.832919, dauc: 0.896816, daupr: 0.356545, daupr_m: 0.363137
Epoch: 419 loss: 0.000173, pauc: 0.930160, paupr: 0.819434, paupr_m: 0.832766, dauc: 0.897396, daupr: 0.357539, daupr_m: 0.364707
Epoch: 429 loss: 0.000173, pauc: 0.930063, paupr: 0.819481, paupr_m: 0.831988, dauc: 0.897968, daupr: 0.358377, daupr_m: 0.365722
Epoch: 439 loss: 0.000173, pauc: 0.929991, paupr: 0.819559, paupr_m: 0.831973, dauc: 0.898530, daupr: 0.359630, daupr_m: 0.366291
Epoch: 449 loss: 0.000172, pauc: 0.929964, paupr: 0.819689, paupr_m: 0.831201, dauc: 0.899075, daupr: 0.360440, daupr_m: 0.366856
Epoch: 459 loss: 0.000172, pauc: 0.929852, paupr: 0.819583, paupr_m: 0.831247, dauc: 0.899586, daupr: 0.361410, daupr_m: 0.367147
Epoch: 469 loss: 0.000172, pauc: 0.929823, paupr: 0.820090, paupr_m: 0.831482, dauc: 0.900077, daupr: 0.361939, daupr_m: 0.367869
Epoch: 479 loss: 0.000172, pauc: 0.929655, paupr: 0.819924, paupr_m: 0.831702, dauc: 0.900546, daupr: 0.362731, daupr_m: 0.367575
Epoch: 489 loss: 0.000172, pauc: 0.929404, paupr: 0.819997, paupr_m: 0.831329, dauc: 0.901011, daupr: 0.363407, daupr_m: 0.370437
Epoch: 499 loss: 0.000172, pauc: 0.929377, paupr: 0.820140, paupr_m: 0.831857, dauc: 0.901431, daupr: 0.364028, daupr_m: 0.370276
Epoch: 509 loss: 0.000172, pauc: 0.929497, paupr: 0.820158, paupr_m: 0.830997, dauc: 0.901836, daupr: 0.364136, daupr_m: 0.371460
Epoch: 519 loss: 0.000172, pauc: 0.929458, paupr: 0.820182, paupr_m: 0.831126, dauc: 0.902225, daupr: 0.364658, daupr_m: 0.365538
Epoch: 529 loss: 0.000172, pauc: 0.929357, paupr: 0.820426, paupr_m: 0.831692, dauc: 0.902595, daupr: 0.365016, daupr_m: 0.366035
Epoch: 539 loss: 0.000172, pauc: 0.929075, paupr: 0.820341, paupr_m: 0.831250, dauc: 0.902949, daupr: 0.365491, daupr_m: 0.366859
Epoch: 549 loss: 0.000172, pauc: 0.928954, paupr: 0.820504, paupr_m: 0.831461, dauc: 0.903267, daupr: 0.365707, daupr_m: 0.368501
Epoch: 559 loss: 0.000171, pauc: 0.929161, paupr: 0.820597, paupr_m: 0.831722, dauc: 0.903543, daupr: 0.366081, daupr_m: 0.368009
Epoch: 569 loss: 0.000171, pauc: 0.929110, paupr: 0.820699, paupr_m: 0.831684, dauc: 0.903835, daupr: 0.366325, daupr_m: 0.368271
Epoch: 579 loss: 0.000171, pauc: 0.929043, paupr: 0.820641, paupr_m: 0.831710, dauc: 0.904102, daupr: 0.366557, daupr_m: 0.368432
Epoch: 589 loss: 0.000171, pauc: 0.928969, paupr: 0.820888, paupr_m: 0.831986, dauc: 0.904364, daupr: 0.366725, daupr_m: 0.368991
Epoch: 599 loss: 0.000171, pauc: 0.928879, paupr: 0.820955, paupr_m: 0.832182, dauc: 0.904622, daupr: 0.367098, daupr_m: 0.375695
Epoch: 609 loss: 0.000171, pauc: 0.928658, paupr: 0.820750, paupr_m: 0.831828, dauc: 0.904869, daupr: 0.367245, daupr_m: 0.376888
Epoch: 619 loss: 0.000171, pauc: 0.929032, paupr: 0.821074, paupr_m: 0.832092, dauc: 0.905103, daupr: 0.367198, daupr_m: 0.376776
Epoch: 629 loss: 0.000171, pauc: 0.928963, paupr: 0.821010, paupr_m: 0.831976, dauc: 0.905335, daupr: 0.367593, daupr_m: 0.376624
Epoch: 639 loss: 0.000171, pauc: 0.928696, paupr: 0.821075, paupr_m: 0.832143, dauc: 0.905523, daupr: 0.367838, daupr_m: 0.374408
Epoch: 649 loss: 0.000171, pauc: 0.928627, paupr: 0.821077, paupr_m: 0.832177, dauc: 0.905733, daupr: 0.367930, daupr_m: 0.374516
Epoch: 659 loss: 0.000171, pauc: 0.928831, paupr: 0.821173, paupr_m: 0.832334, dauc: 0.905927, daupr: 0.368256, daupr_m: 0.374414
Epoch: 669 loss: 0.000171, pauc: 0.928665, paupr: 0.821136, paupr_m: 0.832339, dauc: 0.906116, daupr: 0.368493, daupr_m: 0.374285
Epoch: 679 loss: 0.000171, pauc: 0.928807, paupr: 0.821130, paupr_m: 0.832835, dauc: 0.906313, daupr: 0.368634, daupr_m: 0.374235
Epoch: 689 loss: 0.000171, pauc: 0.928782, paupr: 0.821392, paupr_m: 0.832519, dauc: 0.906492, daupr: 0.368846, daupr_m: 0.375059
Epoch: 699 loss: 0.000171, pauc: 0.928575, paupr: 0.821646, paupr_m: 0.833149, dauc: 0.906642, daupr: 0.368908, daupr_m: 0.374821
Epoch: 709 loss: 0.000171, pauc: 0.928414, paupr: 0.821269, paupr_m: 0.833080, dauc: 0.906786, daupr: 0.369019, daupr_m: 0.375035
Epoch: 719 loss: 0.000171, pauc: 0.929210, paupr: 0.821326, paupr_m: 0.832486, dauc: 0.906923, daupr: 0.369082, daupr_m: 0.376154
Epoch: 729 loss: 0.000171, pauc: 0.928750, paupr: 0.821346, paupr_m: 0.832749, dauc: 0.907067, daupr: 0.368949, daupr_m: 0.374000
Epoch: 739 loss: 0.000170, pauc: 0.928432, paupr: 0.821267, paupr_m: 0.832591, dauc: 0.907193, daupr: 0.369186, daupr_m: 0.373006
Epoch: 749 loss: 0.000171, pauc: 0.928454, paupr: 0.821388, paupr_m: 0.832970, dauc: 0.907319, daupr: 0.369201, daupr_m: 0.370862
Epoch: 759 loss: 0.000170, pauc: 0.928616, paupr: 0.821641, paupr_m: 0.832654, dauc: 0.907436, daupr: 0.369436, daupr_m: 0.370632
Epoch: 769 loss: 0.000170, pauc: 0.928763, paupr: 0.821568, paupr_m: 0.833064, dauc: 0.907547, daupr: 0.369360, daupr_m: 0.370724
Epoch: 779 loss: 0.000170, pauc: 0.928765, paupr: 0.821654, paupr_m: 0.832869, dauc: 0.907670, daupr: 0.369207, daupr_m: 0.371043
Epoch: 789 loss: 0.000170, pauc: 0.928406, paupr: 0.821652, paupr_m: 0.833089, dauc: 0.907770, daupr: 0.369573, daupr_m: 0.371198
Epoch: 799 loss: 0.000170, pauc: 0.928745, paupr: 0.821675, paupr_m: 0.833132, dauc: 0.907874, daupr: 0.369514, daupr_m: 0.371351
Epoch: 809 loss: 0.000170, pauc: 0.928480, paupr: 0.821736, paupr_m: 0.832938, dauc: 0.907992, daupr: 0.369785, daupr_m: 0.371257
Epoch: 819 loss: 0.000170, pauc: 0.928365, paupr: 0.821700, paupr_m: 0.832934, dauc: 0.908065, daupr: 0.369638, daupr_m: 0.371246
Epoch: 829 loss: 0.000170, pauc: 0.928649, paupr: 0.821745, paupr_m: 0.833375, dauc: 0.908149, daupr: 0.369549, daupr_m: 0.371141
Epoch: 839 loss: 0.000170, pauc: 0.928322, paupr: 0.821581, paupr_m: 0.832736, dauc: 0.908241, daupr: 0.369477, daupr_m: 0.369657
Epoch: 849 loss: 0.000170, pauc: 0.928599, paupr: 0.821737, paupr_m: 0.833192, dauc: 0.908324, daupr: 0.369157, daupr_m: 0.369637
Epoch: 859 loss: 0.000170, pauc: 0.928660, paupr: 0.821882, paupr_m: 0.832981, dauc: 0.908411, daupr: 0.369142, daupr_m: 0.368917
Epoch: 869 loss: 0.000170, pauc: 0.928311, paupr: 0.821952, paupr_m: 0.833264, dauc: 0.908487, daupr: 0.369372, daupr_m: 0.368491
Epoch: 879 loss: 0.000170, pauc: 0.928344, paupr: 0.822017, paupr_m: 0.832984, dauc: 0.908565, daupr: 0.369168, daupr_m: 0.368504
Epoch: 889 loss: 0.000170, pauc: 0.928596, paupr: 0.821896, paupr_m: 0.833261, dauc: 0.908628, daupr: 0.368978, daupr_m: 0.369071
Epoch: 899 loss: 0.000170, pauc: 0.928409, paupr: 0.822131, paupr_m: 0.833182, dauc: 0.908710, daupr: 0.368811, daupr_m: 0.369088
Epoch: 909 loss: 0.000170, pauc: 0.928376, paupr: 0.822051, paupr_m: 0.833407, dauc: 0.908749, daupr: 0.368891, daupr_m: 0.369104
Epoch: 919 loss: 0.000170, pauc: 0.927948, paupr: 0.821834, paupr_m: 0.833211, dauc: 0.908793, daupr: 0.368721, daupr_m: 0.369111
Epoch: 929 loss: 0.000170, pauc: 0.928362, paupr: 0.821879, paupr_m: 0.833572, dauc: 0.908856, daupr: 0.368731, daupr_m: 0.369106
Epoch: 939 loss: 0.000170, pauc: 0.927890, paupr: 0.821825, paupr_m: 0.833316, dauc: 0.908904, daupr: 0.368690, daupr_m: 0.369793
Epoch: 949 loss: 0.000170, pauc: 0.927757, paupr: 0.821941, paupr_m: 0.833627, dauc: 0.908929, daupr: 0.368739, daupr_m: 0.369900
Epoch: 959 loss: 0.000170, pauc: 0.928470, paupr: 0.822028, paupr_m: 0.833581, dauc: 0.908960, daupr: 0.368503, daupr_m: 0.369637
Epoch: 969 loss: 0.000170, pauc: 0.928447, paupr: 0.821999, paupr_m: 0.833536, dauc: 0.909008, daupr: 0.368606, daupr_m: 0.373934
Epoch: 979 loss: 0.000170, pauc: 0.927881, paupr: 0.821995, paupr_m: 0.833306, dauc: 0.909036, daupr: 0.368610, daupr_m: 0.372874
Epoch: 989 loss: 0.000170, pauc: 0.928384, paupr: 0.822085, paupr_m: 0.833356, dauc: 0.909083, daupr: 0.368586, daupr_m: 0.373016
Epoch: 999 loss: 0.000170, pauc: 0.927973, paupr: 0.822138, paupr_m: 0.833546, dauc: 0.909118, daupr: 0.368478, daupr_m: 0.373074
Epoch: 9 loss: 0.002157, pauc: 0.922836, paupr: 0.470003, paupr_m: 0.510339, dauc: 0.742166, daupr: 0.043756, daupr_m: 0.101725
Epoch: 19 loss: 0.000824, pauc: 0.955783, paupr: 0.733233, paupr_m: 0.725910, dauc: 0.749395, daupr: 0.076551, daupr_m: 0.133034
Epoch: 29 loss: 0.000470, pauc: 0.960568, paupr: 0.791356, paupr_m: 0.810778, dauc: 0.759217, daupr: 0.100590, daupr_m: 0.172289
Epoch: 39 loss: 0.000337, pauc: 0.958610, paupr: 0.809635, paupr_m: 0.839360, dauc: 0.764426, daupr: 0.073693, daupr_m: 0.147504
Epoch: 49 loss: 0.000278, pauc: 0.960059, paupr: 0.821742, paupr_m: 0.863880, dauc: 0.768382, daupr: 0.095370, daupr_m: 0.159428
Epoch: 59 loss: 0.000248, pauc: 0.959863, paupr: 0.829898, paupr_m: 0.876964, dauc: 0.773077, daupr: 0.119633, daupr_m: 0.189519
Epoch: 69 loss: 0.000231, pauc: 0.960141, paupr: 0.835644, paupr_m: 0.889784, dauc: 0.777868, daupr: 0.122899, daupr_m: 0.194938
Epoch: 79 loss: 0.000220, pauc: 0.960921, paupr: 0.839029, paupr_m: 0.893928, dauc: 0.782642, daupr: 0.133515, daupr_m: 0.204337
Epoch: 89 loss: 0.000213, pauc: 0.961417, paupr: 0.841665, paupr_m: 0.896508, dauc: 0.787381, daupr: 0.147918, daupr_m: 0.214943
Epoch: 99 loss: 0.000207, pauc: 0.961706, paupr: 0.844037, paupr_m: 0.898673, dauc: 0.791691, daupr: 0.158963, daupr_m: 0.230140
Epoch: 109 loss: 0.000202, pauc: 0.961659, paupr: 0.845799, paupr_m: 0.901548, dauc: 0.795640, daupr: 0.170299, daupr_m: 0.247603
Epoch: 119 loss: 0.000199, pauc: 0.961439, paupr: 0.847364, paupr_m: 0.903916, dauc: 0.799298, daupr: 0.179142, daupr_m: 0.257037
Epoch: 129 loss: 0.000196, pauc: 0.961028, paupr: 0.848638, paupr_m: 0.904673, dauc: 0.802854, daupr: 0.186523, daupr_m: 0.264587
Epoch: 139 loss: 0.000193, pauc: 0.960614, paupr: 0.849668, paupr_m: 0.904707, dauc: 0.806169, daupr: 0.194206, daupr_m: 0.275849
Epoch: 149 loss: 0.000191, pauc: 0.960266, paupr: 0.850632, paupr_m: 0.904980, dauc: 0.809307, daupr: 0.200650, daupr_m: 0.281349
Epoch: 159 loss: 0.000189, pauc: 0.960006, paupr: 0.851401, paupr_m: 0.905293, dauc: 0.812330, daupr: 0.207961, daupr_m: 0.299687
Epoch: 169 loss: 0.000187, pauc: 0.959770, paupr: 0.852057, paupr_m: 0.905736, dauc: 0.815189, daupr: 0.214407, daupr_m: 0.306258
Epoch: 179 loss: 0.000186, pauc: 0.959536, paupr: 0.852593, paupr_m: 0.905732, dauc: 0.817921, daupr: 0.220971, daupr_m: 0.313042
Epoch: 189 loss: 0.000184, pauc: 0.959288, paupr: 0.853006, paupr_m: 0.906523, dauc: 0.820392, daupr: 0.225924, daupr_m: 0.319283
Epoch: 199 loss: 0.000183, pauc: 0.959037, paupr: 0.853461, paupr_m: 0.906902, dauc: 0.822783, daupr: 0.231055, daupr_m: 0.323610
Epoch: 209 loss: 0.000182, pauc: 0.958823, paupr: 0.853873, paupr_m: 0.906806, dauc: 0.824949, daupr: 0.237040, daupr_m: 0.332575
Epoch: 219 loss: 0.000181, pauc: 0.958572, paupr: 0.854205, paupr_m: 0.906979, dauc: 0.826934, daupr: 0.241666, daupr_m: 0.336367
Epoch: 229 loss: 0.000180, pauc: 0.958372, paupr: 0.854561, paupr_m: 0.906788, dauc: 0.828798, daupr: 0.246709, daupr_m: 0.342944
Epoch: 239 loss: 0.000179, pauc: 0.958235, paupr: 0.854882, paupr_m: 0.906399, dauc: 0.830577, daupr: 0.253625, daupr_m: 0.359564
Epoch: 249 loss: 0.000179, pauc: 0.958037, paupr: 0.855123, paupr_m: 0.906507, dauc: 0.832237, daupr: 0.256942, daupr_m: 0.359384
Epoch: 259 loss: 0.000178, pauc: 0.957816, paupr: 0.855189, paupr_m: 0.906427, dauc: 0.833804, daupr: 0.260876, daupr_m: 0.359478
Epoch: 269 loss: 0.000177, pauc: 0.957771, paupr: 0.855201, paupr_m: 0.906452, dauc: 0.835275, daupr: 0.263343, daupr_m: 0.364027
Epoch: 279 loss: 0.000176, pauc: 0.957584, paupr: 0.855586, paupr_m: 0.906550, dauc: 0.836663, daupr: 0.267268, daupr_m: 0.368999
Epoch: 289 loss: 0.000176, pauc: 0.957510, paupr: 0.855544, paupr_m: 0.906488, dauc: 0.837993, daupr: 0.271245, daupr_m: 0.371564
Epoch: 299 loss: 0.000176, pauc: 0.957306, paupr: 0.855583, paupr_m: 0.906325, dauc: 0.839195, daupr: 0.272844, daupr_m: 0.373237
Epoch: 309 loss: 0.000175, pauc: 0.957326, paupr: 0.855573, paupr_m: 0.906185, dauc: 0.840324, daupr: 0.274202, daupr_m: 0.373816
Epoch: 319 loss: 0.000175, pauc: 0.957354, paupr: 0.855646, paupr_m: 0.906321, dauc: 0.841369, daupr: 0.276774, daupr_m: 0.376108
Epoch: 329 loss: 0.000175, pauc: 0.957046, paupr: 0.855972, paupr_m: 0.906351, dauc: 0.842379, daupr: 0.278852, daupr_m: 0.381130
Epoch: 339 loss: 0.000174, pauc: 0.957167, paupr: 0.856061, paupr_m: 0.906582, dauc: 0.843328, daupr: 0.280446, daupr_m: 0.382803
Epoch: 349 loss: 0.000174, pauc: 0.957011, paupr: 0.856259, paupr_m: 0.906558, dauc: 0.844267, daupr: 0.281872, daupr_m: 0.387681
Epoch: 359 loss: 0.000174, pauc: 0.956930, paupr: 0.856091, paupr_m: 0.906529, dauc: 0.845146, daupr: 0.283149, daupr_m: 0.397453
Epoch: 369 loss: 0.000173, pauc: 0.957064, paupr: 0.856611, paupr_m: 0.906696, dauc: 0.845943, daupr: 0.284749, daupr_m: 0.401227
Epoch: 379 loss: 0.000173, pauc: 0.956945, paupr: 0.856562, paupr_m: 0.906577, dauc: 0.846700, daupr: 0.286144, daupr_m: 0.401371
Epoch: 389 loss: 0.000173, pauc: 0.956944, paupr: 0.856516, paupr_m: 0.906615, dauc: 0.847386, daupr: 0.287820, daupr_m: 0.402398
Epoch: 399 loss: 0.000173, pauc: 0.956890, paupr: 0.856808, paupr_m: 0.906625, dauc: 0.848081, daupr: 0.289309, daupr_m: 0.411180
Epoch: 409 loss: 0.000172, pauc: 0.956855, paupr: 0.856663, paupr_m: 0.906615, dauc: 0.848733, daupr: 0.289150, daupr_m: 0.411445
Epoch: 419 loss: 0.000172, pauc: 0.956991, paupr: 0.857166, paupr_m: 0.906209, dauc: 0.849322, daupr: 0.290135, daupr_m: 0.416637
Epoch: 429 loss: 0.000172, pauc: 0.956939, paupr: 0.857333, paupr_m: 0.906258, dauc: 0.849886, daupr: 0.289969, daupr_m: 0.423447
Epoch: 439 loss: 0.000172, pauc: 0.957002, paupr: 0.857224, paupr_m: 0.906229, dauc: 0.850407, daupr: 0.290375, daupr_m: 0.423535
Epoch: 449 loss: 0.000172, pauc: 0.956745, paupr: 0.857508, paupr_m: 0.906876, dauc: 0.850902, daupr: 0.290472, daupr_m: 0.425153
Epoch: 459 loss: 0.000172, pauc: 0.956948, paupr: 0.857383, paupr_m: 0.906432, dauc: 0.851372, daupr: 0.290961, daupr_m: 0.436167
Epoch: 469 loss: 0.000171, pauc: 0.956714, paupr: 0.857399, paupr_m: 0.906430, dauc: 0.851808, daupr: 0.291737, daupr_m: 0.436406
Epoch: 479 loss: 0.000171, pauc: 0.956875, paupr: 0.857620, paupr_m: 0.906424, dauc: 0.852215, daupr: 0.291778, daupr_m: 0.437124
Epoch: 489 loss: 0.000171, pauc: 0.956845, paupr: 0.857640, paupr_m: 0.906408, dauc: 0.852622, daupr: 0.292123, daupr_m: 0.438610
Epoch: 499 loss: 0.000171, pauc: 0.956768, paupr: 0.857874, paupr_m: 0.907171, dauc: 0.853016, daupr: 0.292635, daupr_m: 0.442214
Epoch: 509 loss: 0.000170, pauc: 0.956791, paupr: 0.857744, paupr_m: 0.906352, dauc: 0.853430, daupr: 0.293068, daupr_m: 0.444918
Epoch: 519 loss: 0.000171, pauc: 0.956792, paupr: 0.857618, paupr_m: 0.906653, dauc: 0.853793, daupr: 0.292023, daupr_m: 0.446334
Epoch: 529 loss: 0.000170, pauc: 0.956897, paupr: 0.858214, paupr_m: 0.907307, dauc: 0.854108, daupr: 0.292694, daupr_m: 0.447063
Epoch: 539 loss: 0.000170, pauc: 0.956447, paupr: 0.857804, paupr_m: 0.906745, dauc: 0.854433, daupr: 0.292127, daupr_m: 0.447493
Epoch: 549 loss: 0.000170, pauc: 0.956872, paupr: 0.857778, paupr_m: 0.907445, dauc: 0.854720, daupr: 0.292034, daupr_m: 0.449044
Epoch: 559 loss: 0.000170, pauc: 0.956801, paupr: 0.858041, paupr_m: 0.907429, dauc: 0.854973, daupr: 0.292313, daupr_m: 0.451006
Epoch: 569 loss: 0.000170, pauc: 0.956868, paupr: 0.858490, paupr_m: 0.907501, dauc: 0.855219, daupr: 0.292572, daupr_m: 0.451072
Epoch: 579 loss: 0.000170, pauc: 0.956847, paupr: 0.858106, paupr_m: 0.907552, dauc: 0.855452, daupr: 0.292455, daupr_m: 0.458366
Epoch: 589 loss: 0.000170, pauc: 0.956975, paupr: 0.858270, paupr_m: 0.908050, dauc: 0.855631, daupr: 0.292310, daupr_m: 0.465583
Epoch: 599 loss: 0.000170, pauc: 0.956906, paupr: 0.858319, paupr_m: 0.907510, dauc: 0.855795, daupr: 0.292089, daupr_m: 0.465722
Epoch: 609 loss: 0.000170, pauc: 0.956917, paupr: 0.857999, paupr_m: 0.907295, dauc: 0.855977, daupr: 0.291621, daupr_m: 0.464805
Epoch: 619 loss: 0.000170, pauc: 0.957188, paupr: 0.858261, paupr_m: 0.907554, dauc: 0.856137, daupr: 0.291207, daupr_m: 0.466331
Epoch: 629 loss: 0.000170, pauc: 0.956859, paupr: 0.858517, paupr_m: 0.907718, dauc: 0.856234, daupr: 0.291350, daupr_m: 0.466436
Epoch: 639 loss: 0.000169, pauc: 0.956770, paupr: 0.858018, paupr_m: 0.906925, dauc: 0.856342, daupr: 0.291349, daupr_m: 0.466260
Epoch: 649 loss: 0.000169, pauc: 0.956857, paupr: 0.858207, paupr_m: 0.907717, dauc: 0.856435, daupr: 0.290562, daupr_m: 0.467486
Epoch: 659 loss: 0.000169, pauc: 0.956929, paupr: 0.858557, paupr_m: 0.907826, dauc: 0.856449, daupr: 0.290203, daupr_m: 0.467834
Epoch: 669 loss: 0.000170, pauc: 0.957379, paupr: 0.858827, paupr_m: 0.908017, dauc: 0.856517, daupr: 0.290148, daupr_m: 0.474949
Epoch: 679 loss: 0.000169, pauc: 0.957034, paupr: 0.858472, paupr_m: 0.907901, dauc: 0.856602, daupr: 0.289825, daupr_m: 0.475275
Epoch: 689 loss: 0.000169, pauc: 0.956976, paupr: 0.858603, paupr_m: 0.908206, dauc: 0.856598, daupr: 0.289409, daupr_m: 0.476536
Epoch: 699 loss: 0.000169, pauc: 0.957245, paupr: 0.858646, paupr_m: 0.908497, dauc: 0.856664, daupr: 0.288480, daupr_m: 0.476759
Epoch: 709 loss: 0.000169, pauc: 0.956971, paupr: 0.858121, paupr_m: 0.907868, dauc: 0.856687, daupr: 0.287840, daupr_m: 0.477990
Epoch: 719 loss: 0.000169, pauc: 0.957161, paupr: 0.858320, paupr_m: 0.908096, dauc: 0.856734, daupr: 0.287425, daupr_m: 0.479476
Epoch: 729 loss: 0.000169, pauc: 0.957080, paupr: 0.858673, paupr_m: 0.908595, dauc: 0.856757, daupr: 0.287046, daupr_m: 0.479803
Epoch: 739 loss: 0.000169, pauc: 0.957113, paupr: 0.858213, paupr_m: 0.907768, dauc: 0.856796, daupr: 0.286871, daupr_m: 0.479943
Epoch: 749 loss: 0.000169, pauc: 0.956938, paupr: 0.858644, paupr_m: 0.908051, dauc: 0.856834, daupr: 0.286563, daupr_m: 0.480215
Epoch: 759 loss: 0.000169, pauc: 0.956879, paupr: 0.858332, paupr_m: 0.907552, dauc: 0.856872, daupr: 0.286745, daupr_m: 0.480928
Epoch: 769 loss: 0.000169, pauc: 0.956903, paupr: 0.858229, paupr_m: 0.907697, dauc: 0.856904, daupr: 0.286432, daupr_m: 0.480847
Epoch: 779 loss: 0.000169, pauc: 0.956741, paupr: 0.858237, paupr_m: 0.907513, dauc: 0.856889, daupr: 0.286440, daupr_m: 0.480657
Epoch: 789 loss: 0.000169, pauc: 0.956426, paupr: 0.858114, paupr_m: 0.907045, dauc: 0.856857, daupr: 0.286626, daupr_m: 0.480487
Epoch: 799 loss: 0.000169, pauc: 0.957256, paupr: 0.858608, paupr_m: 0.908125, dauc: 0.856869, daupr: 0.286324, daupr_m: 0.480252
Epoch: 809 loss: 0.000169, pauc: 0.956905, paupr: 0.858148, paupr_m: 0.907056, dauc: 0.856833, daupr: 0.286097, daupr_m: 0.480303
Epoch: 819 loss: 0.000169, pauc: 0.956878, paupr: 0.858372, paupr_m: 0.907121, dauc: 0.856831, daupr: 0.286092, daupr_m: 0.481099
Epoch: 829 loss: 0.000169, pauc: 0.956916, paupr: 0.858564, paupr_m: 0.906836, dauc: 0.856816, daupr: 0.285767, daupr_m: 0.481648
Epoch: 839 loss: 0.000169, pauc: 0.956466, paupr: 0.858603, paupr_m: 0.906844, dauc: 0.856775, daupr: 0.285444, daupr_m: 0.485232
Epoch: 849 loss: 0.000168, pauc: 0.956989, paupr: 0.858500, paupr_m: 0.907187, dauc: 0.856777, daupr: 0.284826, daupr_m: 0.485917
Epoch: 859 loss: 0.000168, pauc: 0.956397, paupr: 0.858329, paupr_m: 0.906622, dauc: 0.856787, daupr: 0.284861, daupr_m: 0.485966
Epoch: 869 loss: 0.000169, pauc: 0.956272, paupr: 0.858486, paupr_m: 0.906601, dauc: 0.856746, daupr: 0.284726, daupr_m: 0.485995
Epoch: 879 loss: 0.000169, pauc: 0.956299, paupr: 0.858442, paupr_m: 0.906360, dauc: 0.856764, daupr: 0.284817, daupr_m: 0.486215
Epoch: 889 loss: 0.000169, pauc: 0.956403, paupr: 0.858256, paupr_m: 0.906605, dauc: 0.856768, daupr: 0.284591, daupr_m: 0.486132
Epoch: 899 loss: 0.000168, pauc: 0.956279, paupr: 0.858625, paupr_m: 0.906646, dauc: 0.856709, daupr: 0.284433, daupr_m: 0.486018
Epoch: 909 loss: 0.000168, pauc: 0.956215, paupr: 0.858813, paupr_m: 0.906566, dauc: 0.856642, daupr: 0.284209, daupr_m: 0.485992
Epoch: 919 loss: 0.000168, pauc: 0.956497, paupr: 0.858470, paupr_m: 0.906534, dauc: 0.856667, daupr: 0.284202, daupr_m: 0.486007
Epoch: 929 loss: 0.000168, pauc: 0.955860, paupr: 0.858593, paupr_m: 0.906487, dauc: 0.856649, daupr: 0.283809, daupr_m: 0.485974
Epoch: 939 loss: 0.000168, pauc: 0.955879, paupr: 0.858934, paupr_m: 0.906581, dauc: 0.856597, daupr: 0.283604, daupr_m: 0.485836
Epoch: 949 loss: 0.000169, pauc: 0.955752, paupr: 0.858958, paupr_m: 0.906576, dauc: 0.856559, daupr: 0.283551, daupr_m: 0.486184
Epoch: 959 loss: 0.000169, pauc: 0.956114, paupr: 0.858729, paupr_m: 0.906344, dauc: 0.856607, daupr: 0.283452, daupr_m: 0.486810
Epoch: 969 loss: 0.000168, pauc: 0.956212, paupr: 0.859008, paupr_m: 0.906955, dauc: 0.856559, daupr: 0.283529, daupr_m: 0.486852
Epoch: 979 loss: 0.000168, pauc: 0.955927, paupr: 0.858696, paupr_m: 0.906517, dauc: 0.856558, daupr: 0.283425, daupr_m: 0.486883
Epoch: 989 loss: 0.000168, pauc: 0.956058, paupr: 0.858762, paupr_m: 0.906551, dauc: 0.856547, daupr: 0.283450, daupr_m: 0.487058
Epoch: 999 loss: 0.000168, pauc: 0.955794, paupr: 0.859068, paupr_m: 0.906806, dauc: 0.856541, daupr: 0.283125, daupr_m: 0.487100
Epoch: 9 loss: 0.002169, pauc: 0.828438, paupr: 0.279504, paupr_m: 0.429501, dauc: 0.751044, daupr: 0.038253, daupr_m: 0.093121
Epoch: 19 loss: 0.000833, pauc: 0.880696, paupr: 0.519294, paupr_m: 0.605724, dauc: 0.768608, daupr: 0.059706, daupr_m: 0.123846
Epoch: 29 loss: 0.000476, pauc: 0.893753, paupr: 0.620781, paupr_m: 0.709596, dauc: 0.781544, daupr: 0.080483, daupr_m: 0.151753
Epoch: 39 loss: 0.000344, pauc: 0.895476, paupr: 0.649921, paupr_m: 0.729371, dauc: 0.788482, daupr: 0.067305, daupr_m: 0.127211
Epoch: 49 loss: 0.000285, pauc: 0.900673, paupr: 0.670808, paupr_m: 0.740459, dauc: 0.792613, daupr: 0.082178, daupr_m: 0.139844
Epoch: 59 loss: 0.000254, pauc: 0.902491, paupr: 0.680679, paupr_m: 0.752249, dauc: 0.797420, daupr: 0.103563, daupr_m: 0.159529
Epoch: 69 loss: 0.000237, pauc: 0.903711, paupr: 0.689136, paupr_m: 0.756840, dauc: 0.802627, daupr: 0.107201, daupr_m: 0.165331
Epoch: 79 loss: 0.000226, pauc: 0.903976, paupr: 0.695896, paupr_m: 0.757730, dauc: 0.807769, daupr: 0.120071, daupr_m: 0.173678
Epoch: 89 loss: 0.000218, pauc: 0.903775, paupr: 0.700459, paupr_m: 0.761712, dauc: 0.813001, daupr: 0.135584, daupr_m: 0.188308
Epoch: 99 loss: 0.000212, pauc: 0.903983, paupr: 0.703862, paupr_m: 0.761580, dauc: 0.817818, daupr: 0.145861, daupr_m: 0.197150
Epoch: 109 loss: 0.000207, pauc: 0.903819, paupr: 0.706498, paupr_m: 0.764411, dauc: 0.822051, daupr: 0.157337, daupr_m: 0.202343
Epoch: 119 loss: 0.000204, pauc: 0.903674, paupr: 0.708608, paupr_m: 0.765459, dauc: 0.826033, daupr: 0.167393, daupr_m: 0.212253
Epoch: 129 loss: 0.000200, pauc: 0.903307, paupr: 0.710322, paupr_m: 0.765500, dauc: 0.829791, daupr: 0.176045, daupr_m: 0.217106
Epoch: 139 loss: 0.000197, pauc: 0.902961, paupr: 0.711854, paupr_m: 0.766063, dauc: 0.833473, daupr: 0.180898, daupr_m: 0.224849
Epoch: 149 loss: 0.000195, pauc: 0.902465, paupr: 0.713142, paupr_m: 0.765610, dauc: 0.836921, daupr: 0.186325, daupr_m: 0.224280
Epoch: 159 loss: 0.000193, pauc: 0.902084, paupr: 0.714388, paupr_m: 0.765425, dauc: 0.840059, daupr: 0.191840, daupr_m: 0.226503
Epoch: 169 loss: 0.000191, pauc: 0.901721, paupr: 0.715328, paupr_m: 0.766008, dauc: 0.842962, daupr: 0.198094, daupr_m: 0.231350
Epoch: 179 loss: 0.000190, pauc: 0.901416, paupr: 0.716141, paupr_m: 0.765832, dauc: 0.845612, daupr: 0.203419, daupr_m: 0.238064
Epoch: 189 loss: 0.000188, pauc: 0.901249, paupr: 0.716815, paupr_m: 0.766793, dauc: 0.848078, daupr: 0.206730, daupr_m: 0.241398
Epoch: 199 loss: 0.000187, pauc: 0.901117, paupr: 0.717454, paupr_m: 0.767765, dauc: 0.850348, daupr: 0.210359, daupr_m: 0.245781
Epoch: 209 loss: 0.000186, pauc: 0.901013, paupr: 0.717981, paupr_m: 0.768223, dauc: 0.852447, daupr: 0.213842, daupr_m: 0.248880
Epoch: 219 loss: 0.000185, pauc: 0.900790, paupr: 0.718457, paupr_m: 0.768071, dauc: 0.854408, daupr: 0.216912, daupr_m: 0.254653
Epoch: 229 loss: 0.000184, pauc: 0.900561, paupr: 0.718940, paupr_m: 0.769001, dauc: 0.856220, daupr: 0.218858, daupr_m: 0.255082
Epoch: 239 loss: 0.000184, pauc: 0.900426, paupr: 0.719333, paupr_m: 0.768966, dauc: 0.857849, daupr: 0.220721, daupr_m: 0.258053
Epoch: 249 loss: 0.000183, pauc: 0.900430, paupr: 0.719767, paupr_m: 0.769390, dauc: 0.859233, daupr: 0.222677, daupr_m: 0.260561
Epoch: 259 loss: 0.000182, pauc: 0.899910, paupr: 0.720167, paupr_m: 0.769952, dauc: 0.860490, daupr: 0.224393, daupr_m: 0.262304
Epoch: 269 loss: 0.000182, pauc: 0.900016, paupr: 0.720423, paupr_m: 0.770466, dauc: 0.861624, daupr: 0.225631, daupr_m: 0.264619
Epoch: 279 loss: 0.000181, pauc: 0.899988, paupr: 0.720700, paupr_m: 0.770361, dauc: 0.862591, daupr: 0.226990, daupr_m: 0.267265
Epoch: 289 loss: 0.000181, pauc: 0.899877, paupr: 0.720894, paupr_m: 0.770361, dauc: 0.863437, daupr: 0.228368, daupr_m: 0.269737
Epoch: 299 loss: 0.000180, pauc: 0.899937, paupr: 0.721026, paupr_m: 0.770414, dauc: 0.864211, daupr: 0.229494, daupr_m: 0.272031
Epoch: 309 loss: 0.000180, pauc: 0.899721, paupr: 0.721178, paupr_m: 0.770560, dauc: 0.864895, daupr: 0.230485, daupr_m: 0.278217
Epoch: 319 loss: 0.000180, pauc: 0.899783, paupr: 0.721377, paupr_m: 0.770668, dauc: 0.865558, daupr: 0.232384, daupr_m: 0.279457
Epoch: 329 loss: 0.000179, pauc: 0.899660, paupr: 0.721527, paupr_m: 0.770967, dauc: 0.866173, daupr: 0.233649, daupr_m: 0.282773
Epoch: 339 loss: 0.000179, pauc: 0.900013, paupr: 0.721586, paupr_m: 0.771058, dauc: 0.866735, daupr: 0.234856, daupr_m: 0.285093
Epoch: 349 loss: 0.000178, pauc: 0.899632, paupr: 0.721629, paupr_m: 0.771617, dauc: 0.867229, daupr: 0.237380, daupr_m: 0.286501
Epoch: 359 loss: 0.000178, pauc: 0.899619, paupr: 0.721760, paupr_m: 0.771812, dauc: 0.867683, daupr: 0.238550, daupr_m: 0.289071
Epoch: 369 loss: 0.000178, pauc: 0.900141, paupr: 0.721858, paupr_m: 0.771926, dauc: 0.868129, daupr: 0.239236, daupr_m: 0.295554
Epoch: 379 loss: 0.000178, pauc: 0.899891, paupr: 0.721925, paupr_m: 0.772758, dauc: 0.868530, daupr: 0.240172, daupr_m: 0.306839
Epoch: 389 loss: 0.000178, pauc: 0.900330, paupr: 0.722403, paupr_m: 0.773101, dauc: 0.868860, daupr: 0.241149, daupr_m: 0.308206
Epoch: 399 loss: 0.000177, pauc: 0.900411, paupr: 0.722390, paupr_m: 0.772821, dauc: 0.869163, daupr: 0.242210, daupr_m: 0.311247
Epoch: 409 loss: 0.000177, pauc: 0.900081, paupr: 0.722460, paupr_m: 0.773475, dauc: 0.869456, daupr: 0.243048, daupr_m: 0.312329
Epoch: 419 loss: 0.000177, pauc: 0.900021, paupr: 0.722637, paupr_m: 0.774005, dauc: 0.869719, daupr: 0.244085, daupr_m: 0.312907
Epoch: 429 loss: 0.000176, pauc: 0.900326, paupr: 0.722844, paupr_m: 0.773514, dauc: 0.869919, daupr: 0.245025, daupr_m: 0.318145
Epoch: 439 loss: 0.000176, pauc: 0.900253, paupr: 0.722910, paupr_m: 0.774034, dauc: 0.870113, daupr: 0.246140, daupr_m: 0.319798
Epoch: 449 loss: 0.000176, pauc: 0.900124, paupr: 0.722983, paupr_m: 0.774825, dauc: 0.870332, daupr: 0.246660, daupr_m: 0.321346
Epoch: 459 loss: 0.000176, pauc: 0.900562, paupr: 0.723083, paupr_m: 0.773816, dauc: 0.870545, daupr: 0.247380, daupr_m: 0.325439
Epoch: 469 loss: 0.000176, pauc: 0.900042, paupr: 0.723111, paupr_m: 0.774136, dauc: 0.870749, daupr: 0.247786, daupr_m: 0.328492
Epoch: 479 loss: 0.000176, pauc: 0.900376, paupr: 0.723065, paupr_m: 0.774342, dauc: 0.870944, daupr: 0.248656, daupr_m: 0.330375
Epoch: 489 loss: 0.000176, pauc: 0.900161, paupr: 0.722929, paupr_m: 0.774192, dauc: 0.871120, daupr: 0.249319, daupr_m: 0.338160
Epoch: 499 loss: 0.000176, pauc: 0.900180, paupr: 0.723172, paupr_m: 0.774748, dauc: 0.871291, daupr: 0.249891, daupr_m: 0.342748
Epoch: 509 loss: 0.000175, pauc: 0.900110, paupr: 0.722998, paupr_m: 0.775036, dauc: 0.871479, daupr: 0.250397, daupr_m: 0.342886
Epoch: 519 loss: 0.000175, pauc: 0.900184, paupr: 0.723118, paupr_m: 0.774700, dauc: 0.871670, daupr: 0.250849, daupr_m: 0.344764
Epoch: 529 loss: 0.000175, pauc: 0.899829, paupr: 0.723029, paupr_m: 0.774413, dauc: 0.871847, daupr: 0.251418, daupr_m: 0.347516
Epoch: 539 loss: 0.000175, pauc: 0.899294, paupr: 0.723179, paupr_m: 0.774533, dauc: 0.872024, daupr: 0.251952, daupr_m: 0.348067
Epoch: 549 loss: 0.000175, pauc: 0.900122, paupr: 0.723071, paupr_m: 0.774303, dauc: 0.872175, daupr: 0.250841, daupr_m: 0.348836
Epoch: 559 loss: 0.000175, pauc: 0.900302, paupr: 0.722911, paupr_m: 0.774272, dauc: 0.872326, daupr: 0.251472, daupr_m: 0.351998
Epoch: 569 loss: 0.000174, pauc: 0.899958, paupr: 0.723104, paupr_m: 0.773553, dauc: 0.872475, daupr: 0.252066, daupr_m: 0.352914
Epoch: 579 loss: 0.000174, pauc: 0.900010, paupr: 0.722983, paupr_m: 0.773098, dauc: 0.872596, daupr: 0.252735, daupr_m: 0.353656
Epoch: 589 loss: 0.000174, pauc: 0.899816, paupr: 0.722747, paupr_m: 0.773224, dauc: 0.872682, daupr: 0.253037, daupr_m: 0.353985
Epoch: 599 loss: 0.000174, pauc: 0.899742, paupr: 0.723069, paupr_m: 0.773021, dauc: 0.872785, daupr: 0.253626, daupr_m: 0.354614
Epoch: 609 loss: 0.000174, pauc: 0.899892, paupr: 0.722997, paupr_m: 0.772905, dauc: 0.872887, daupr: 0.254331, daupr_m: 0.354776
Epoch: 619 loss: 0.000174, pauc: 0.900043, paupr: 0.722908, paupr_m: 0.772787, dauc: 0.872968, daupr: 0.255177, daupr_m: 0.355574
Epoch: 629 loss: 0.000174, pauc: 0.899697, paupr: 0.723119, paupr_m: 0.772517, dauc: 0.873020, daupr: 0.255802, daupr_m: 0.355333
Epoch: 639 loss: 0.000174, pauc: 0.899459, paupr: 0.723069, paupr_m: 0.772355, dauc: 0.873100, daupr: 0.256566, daupr_m: 0.356301
Epoch: 649 loss: 0.000174, pauc: 0.900159, paupr: 0.723139, paupr_m: 0.772930, dauc: 0.873155, daupr: 0.257636, daupr_m: 0.356098
Epoch: 659 loss: 0.000174, pauc: 0.899761, paupr: 0.723205, paupr_m: 0.772868, dauc: 0.873221, daupr: 0.258192, daupr_m: 0.357034
Epoch: 669 loss: 0.000174, pauc: 0.898897, paupr: 0.722943, paupr_m: 0.771790, dauc: 0.873268, daupr: 0.258904, daupr_m: 0.357788
Epoch: 679 loss: 0.000174, pauc: 0.899322, paupr: 0.722891, paupr_m: 0.772433, dauc: 0.873299, daupr: 0.258851, daupr_m: 0.361496
Epoch: 689 loss: 0.000174, pauc: 0.899345, paupr: 0.723341, paupr_m: 0.772615, dauc: 0.873367, daupr: 0.259515, daupr_m: 0.362442
Epoch: 699 loss: 0.000174, pauc: 0.898871, paupr: 0.722982, paupr_m: 0.772993, dauc: 0.873421, daupr: 0.260016, daupr_m: 0.364044
Epoch: 709 loss: 0.000173, pauc: 0.898835, paupr: 0.722924, paupr_m: 0.772896, dauc: 0.873490, daupr: 0.260410, daupr_m: 0.363861
Epoch: 719 loss: 0.000174, pauc: 0.898751, paupr: 0.723155, paupr_m: 0.772350, dauc: 0.873538, daupr: 0.260830, daupr_m: 0.366778
Epoch: 729 loss: 0.000174, pauc: 0.899059, paupr: 0.723256, paupr_m: 0.772497, dauc: 0.873571, daupr: 0.261342, daupr_m: 0.366736
Epoch: 739 loss: 0.000174, pauc: 0.898871, paupr: 0.722938, paupr_m: 0.773096, dauc: 0.873580, daupr: 0.261871, daupr_m: 0.366771
Epoch: 749 loss: 0.000173, pauc: 0.898443, paupr: 0.723220, paupr_m: 0.771780, dauc: 0.873633, daupr: 0.262275, daupr_m: 0.370220
Epoch: 759 loss: 0.000174, pauc: 0.898621, paupr: 0.723360, paupr_m: 0.772671, dauc: 0.873676, daupr: 0.263527, daupr_m: 0.372465
Epoch: 769 loss: 0.000173, pauc: 0.898320, paupr: 0.723142, paupr_m: 0.772517, dauc: 0.873689, daupr: 0.263980, daupr_m: 0.372765
Epoch: 779 loss: 0.000173, pauc: 0.898080, paupr: 0.723226, paupr_m: 0.772252, dauc: 0.873707, daupr: 0.264614, daupr_m: 0.373000
Epoch: 789 loss: 0.000174, pauc: 0.897921, paupr: 0.723238, paupr_m: 0.772585, dauc: 0.873738, daupr: 0.265127, daupr_m: 0.373129
Epoch: 799 loss: 0.000173, pauc: 0.898113, paupr: 0.723059, paupr_m: 0.773751, dauc: 0.873747, daupr: 0.265488, daupr_m: 0.373275
Epoch: 809 loss: 0.000173, pauc: 0.898361, paupr: 0.723389, paupr_m: 0.773004, dauc: 0.873759, daupr: 0.265793, daupr_m: 0.373377
Epoch: 819 loss: 0.000173, pauc: 0.898546, paupr: 0.723310, paupr_m: 0.773555, dauc: 0.873772, daupr: 0.266239, daupr_m: 0.377135
Epoch: 829 loss: 0.000173, pauc: 0.897923, paupr: 0.723407, paupr_m: 0.772016, dauc: 0.873767, daupr: 0.266488, daupr_m: 0.377367
Epoch: 839 loss: 0.000173, pauc: 0.897756, paupr: 0.723300, paupr_m: 0.773704, dauc: 0.873759, daupr: 0.266817, daupr_m: 0.377224
Epoch: 849 loss: 0.000173, pauc: 0.898126, paupr: 0.723270, paupr_m: 0.772921, dauc: 0.873744, daupr: 0.267264, daupr_m: 0.377202
Epoch: 859 loss: 0.000173, pauc: 0.897964, paupr: 0.723451, paupr_m: 0.772873, dauc: 0.873746, daupr: 0.267688, daupr_m: 0.377364
Epoch: 869 loss: 0.000173, pauc: 0.898093, paupr: 0.723485, paupr_m: 0.772615, dauc: 0.873726, daupr: 0.268272, daupr_m: 0.377507
Epoch: 879 loss: 0.000173, pauc: 0.898315, paupr: 0.723389, paupr_m: 0.772795, dauc: 0.873697, daupr: 0.268581, daupr_m: 0.377541
Epoch: 889 loss: 0.000173, pauc: 0.897643, paupr: 0.723479, paupr_m: 0.772993, dauc: 0.873673, daupr: 0.268850, daupr_m: 0.377598
Epoch: 899 loss: 0.000173, pauc: 0.897788, paupr: 0.723195, paupr_m: 0.777234, dauc: 0.873633, daupr: 0.269309, daupr_m: 0.377709
Epoch: 909 loss: 0.000173, pauc: 0.897833, paupr: 0.723359, paupr_m: 0.774205, dauc: 0.873581, daupr: 0.269881, daupr_m: 0.378073
Epoch: 919 loss: 0.000173, pauc: 0.897518, paupr: 0.723240, paupr_m: 0.773924, dauc: 0.873541, daupr: 0.272044, daupr_m: 0.378603
Epoch: 929 loss: 0.000173, pauc: 0.898291, paupr: 0.723477, paupr_m: 0.773710, dauc: 0.873465, daupr: 0.272189, daupr_m: 0.379086
Epoch: 939 loss: 0.000173, pauc: 0.897281, paupr: 0.723382, paupr_m: 0.774431, dauc: 0.873392, daupr: 0.272488, daupr_m: 0.379145
Epoch: 949 loss: 0.000173, pauc: 0.897713, paupr: 0.723192, paupr_m: 0.773046, dauc: 0.873321, daupr: 0.272702, daupr_m: 0.378999
Epoch: 959 loss: 0.000173, pauc: 0.897357, paupr: 0.723324, paupr_m: 0.772677, dauc: 0.873266, daupr: 0.273362, daupr_m: 0.378970
Epoch: 969 loss: 0.000173, pauc: 0.898152, paupr: 0.723720, paupr_m: 0.773965, dauc: 0.873194, daupr: 0.273495, daupr_m: 0.378935
Epoch: 979 loss: 0.000173, pauc: 0.898015, paupr: 0.723545, paupr_m: 0.773430, dauc: 0.873138, daupr: 0.273824, daupr_m: 0.378870
Epoch: 989 loss: 0.000173, pauc: 0.898498, paupr: 0.723382, paupr_m: 0.774323, dauc: 0.873030, daupr: 0.274082, daupr_m: 0.380238
Epoch: 999 loss: 0.000173, pauc: 0.897713, paupr: 0.723548, paupr_m: 0.773508, dauc: 0.872931, daupr: 0.274296, daupr_m: 0.380489
Epoch: 9 loss: 0.002195, pauc: 0.912952, paupr: 0.447072, paupr_m: 0.486149, dauc: 0.734149, daupr: 0.065105, daupr_m: 0.148048
Epoch: 19 loss: 0.000839, pauc: 0.946914, paupr: 0.710889, paupr_m: 0.721839, dauc: 0.728910, daupr: 0.084049, daupr_m: 0.172036
Epoch: 29 loss: 0.000481, pauc: 0.953433, paupr: 0.771864, paupr_m: 0.803876, dauc: 0.735112, daupr: 0.122578, daupr_m: 0.193859
Epoch: 39 loss: 0.000343, pauc: 0.955115, paupr: 0.793387, paupr_m: 0.821651, dauc: 0.743133, daupr: 0.116999, daupr_m: 0.177598
Epoch: 49 loss: 0.000283, pauc: 0.955969, paupr: 0.805397, paupr_m: 0.848227, dauc: 0.748658, daupr: 0.133327, daupr_m: 0.195028
Epoch: 59 loss: 0.000252, pauc: 0.955384, paupr: 0.812949, paupr_m: 0.854105, dauc: 0.753702, daupr: 0.155305, daupr_m: 0.231514
Epoch: 69 loss: 0.000234, pauc: 0.955790, paupr: 0.819779, paupr_m: 0.860345, dauc: 0.759147, daupr: 0.162672, daupr_m: 0.221997
Epoch: 79 loss: 0.000223, pauc: 0.956049, paupr: 0.825593, paupr_m: 0.864159, dauc: 0.764448, daupr: 0.170943, daupr_m: 0.229543
Epoch: 89 loss: 0.000215, pauc: 0.955499, paupr: 0.830277, paupr_m: 0.866599, dauc: 0.769264, daupr: 0.185114, daupr_m: 0.247488
Epoch: 99 loss: 0.000209, pauc: 0.955504, paupr: 0.834165, paupr_m: 0.869134, dauc: 0.773796, daupr: 0.197145, daupr_m: 0.249631
Epoch: 109 loss: 0.000205, pauc: 0.955381, paupr: 0.837535, paupr_m: 0.870773, dauc: 0.778097, daupr: 0.206295, daupr_m: 0.261644
Epoch: 119 loss: 0.000201, pauc: 0.955495, paupr: 0.840422, paupr_m: 0.871550, dauc: 0.782161, daupr: 0.217114, daupr_m: 0.267386
Epoch: 129 loss: 0.000198, pauc: 0.955508, paupr: 0.843037, paupr_m: 0.872087, dauc: 0.786025, daupr: 0.228829, daupr_m: 0.273751
Epoch: 139 loss: 0.000195, pauc: 0.955539, paupr: 0.845263, paupr_m: 0.872915, dauc: 0.789767, daupr: 0.241022, daupr_m: 0.282855
Epoch: 149 loss: 0.000193, pauc: 0.955514, paupr: 0.847432, paupr_m: 0.873245, dauc: 0.793256, daupr: 0.249783, daupr_m: 0.289328
Epoch: 159 loss: 0.000191, pauc: 0.955463, paupr: 0.849272, paupr_m: 0.873754, dauc: 0.796501, daupr: 0.260571, daupr_m: 0.296273
Epoch: 169 loss: 0.000190, pauc: 0.955399, paupr: 0.851014, paupr_m: 0.874329, dauc: 0.799564, daupr: 0.269470, daupr_m: 0.305165
Epoch: 179 loss: 0.000188, pauc: 0.955372, paupr: 0.852532, paupr_m: 0.874837, dauc: 0.802377, daupr: 0.277656, daupr_m: 0.314891
Epoch: 189 loss: 0.000187, pauc: 0.955367, paupr: 0.853857, paupr_m: 0.876758, dauc: 0.805007, daupr: 0.284086, daupr_m: 0.321661
Epoch: 199 loss: 0.000186, pauc: 0.955309, paupr: 0.854944, paupr_m: 0.877582, dauc: 0.807524, daupr: 0.291300, daupr_m: 0.327963
Epoch: 209 loss: 0.000185, pauc: 0.955258, paupr: 0.856005, paupr_m: 0.878664, dauc: 0.809907, daupr: 0.297056, daupr_m: 0.334411
Epoch: 219 loss: 0.000184, pauc: 0.955188, paupr: 0.856849, paupr_m: 0.879118, dauc: 0.812187, daupr: 0.301176, daupr_m: 0.340546
Epoch: 229 loss: 0.000183, pauc: 0.955088, paupr: 0.857599, paupr_m: 0.879089, dauc: 0.814266, daupr: 0.305702, daupr_m: 0.346814
Epoch: 239 loss: 0.000182, pauc: 0.955004, paupr: 0.858313, paupr_m: 0.879509, dauc: 0.816282, daupr: 0.309080, daupr_m: 0.350266
Epoch: 249 loss: 0.000182, pauc: 0.955006, paupr: 0.858964, paupr_m: 0.879758, dauc: 0.818225, daupr: 0.313162, daupr_m: 0.354384
Epoch: 259 loss: 0.000181, pauc: 0.954756, paupr: 0.859544, paupr_m: 0.879705, dauc: 0.820164, daupr: 0.316793, daupr_m: 0.356709
Epoch: 269 loss: 0.000180, pauc: 0.954649, paupr: 0.860041, paupr_m: 0.879909, dauc: 0.822065, daupr: 0.320578, daupr_m: 0.365979
Epoch: 279 loss: 0.000180, pauc: 0.954605, paupr: 0.860758, paupr_m: 0.880516, dauc: 0.823787, daupr: 0.323297, daupr_m: 0.368591
Epoch: 289 loss: 0.000179, pauc: 0.954289, paupr: 0.861215, paupr_m: 0.880481, dauc: 0.825361, daupr: 0.324764, daupr_m: 0.372612
Epoch: 299 loss: 0.000179, pauc: 0.954218, paupr: 0.861682, paupr_m: 0.880945, dauc: 0.826891, daupr: 0.327109, daupr_m: 0.377452
Epoch: 309 loss: 0.000178, pauc: 0.954165, paupr: 0.862105, paupr_m: 0.881038, dauc: 0.828366, daupr: 0.329576, daupr_m: 0.381456
Epoch: 319 loss: 0.000178, pauc: 0.954039, paupr: 0.862598, paupr_m: 0.881177, dauc: 0.829778, daupr: 0.331960, daupr_m: 0.388902
Epoch: 329 loss: 0.000177, pauc: 0.953720, paupr: 0.862964, paupr_m: 0.881132, dauc: 0.831112, daupr: 0.334276, daupr_m: 0.393563
Epoch: 339 loss: 0.000177, pauc: 0.953630, paupr: 0.863136, paupr_m: 0.881257, dauc: 0.832305, daupr: 0.336165, daupr_m: 0.399266
Epoch: 349 loss: 0.000177, pauc: 0.953401, paupr: 0.863551, paupr_m: 0.881955, dauc: 0.833498, daupr: 0.337903, daupr_m: 0.404316
Epoch: 359 loss: 0.000176, pauc: 0.953242, paupr: 0.863851, paupr_m: 0.881917, dauc: 0.834629, daupr: 0.339388, daupr_m: 0.406154
Epoch: 369 loss: 0.000176, pauc: 0.952958, paupr: 0.864024, paupr_m: 0.881799, dauc: 0.835803, daupr: 0.340788, daupr_m: 0.407494
Epoch: 379 loss: 0.000176, pauc: 0.953043, paupr: 0.864346, paupr_m: 0.883069, dauc: 0.837005, daupr: 0.343184, daupr_m: 0.407761
Epoch: 389 loss: 0.000176, pauc: 0.952755, paupr: 0.864543, paupr_m: 0.883367, dauc: 0.838144, daupr: 0.344404, daupr_m: 0.409108
Epoch: 399 loss: 0.000176, pauc: 0.952626, paupr: 0.864770, paupr_m: 0.882475, dauc: 0.839192, daupr: 0.345634, daupr_m: 0.410385
Epoch: 409 loss: 0.000175, pauc: 0.952433, paupr: 0.865004, paupr_m: 0.883868, dauc: 0.840219, daupr: 0.347158, daupr_m: 0.413132
Epoch: 419 loss: 0.000175, pauc: 0.952333, paupr: 0.865080, paupr_m: 0.883100, dauc: 0.841187, daupr: 0.348526, daupr_m: 0.415187
Epoch: 429 loss: 0.000175, pauc: 0.952160, paupr: 0.865488, paupr_m: 0.884107, dauc: 0.842102, daupr: 0.349517, daupr_m: 0.416321
Epoch: 439 loss: 0.000175, pauc: 0.952233, paupr: 0.865522, paupr_m: 0.884000, dauc: 0.843026, daupr: 0.351222, daupr_m: 0.416219
Epoch: 449 loss: 0.000175, pauc: 0.951967, paupr: 0.865591, paupr_m: 0.883231, dauc: 0.843938, daupr: 0.352209, daupr_m: 0.417313
Epoch: 459 loss: 0.000174, pauc: 0.951942, paupr: 0.865894, paupr_m: 0.884096, dauc: 0.844839, daupr: 0.353918, daupr_m: 0.419544
Epoch: 469 loss: 0.000174, pauc: 0.951984, paupr: 0.866031, paupr_m: 0.884458, dauc: 0.845670, daupr: 0.355026, daupr_m: 0.421739
Epoch: 479 loss: 0.000174, pauc: 0.951693, paupr: 0.865989, paupr_m: 0.883648, dauc: 0.846462, daupr: 0.356118, daupr_m: 0.424386
Epoch: 489 loss: 0.000174, pauc: 0.951882, paupr: 0.866328, paupr_m: 0.884604, dauc: 0.847260, daupr: 0.357500, daupr_m: 0.425583
Epoch: 499 loss: 0.000174, pauc: 0.952023, paupr: 0.866521, paupr_m: 0.885310, dauc: 0.848023, daupr: 0.358179, daupr_m: 0.425872
Epoch: 509 loss: 0.000174, pauc: 0.951743, paupr: 0.866566, paupr_m: 0.885191, dauc: 0.848795, daupr: 0.359088, daupr_m: 0.426942
Epoch: 519 loss: 0.000174, pauc: 0.951705, paupr: 0.866699, paupr_m: 0.885542, dauc: 0.849512, daupr: 0.360133, daupr_m: 0.427840
Epoch: 529 loss: 0.000174, pauc: 0.951896, paupr: 0.866724, paupr_m: 0.885397, dauc: 0.850225, daupr: 0.360719, daupr_m: 0.429786
Epoch: 539 loss: 0.000173, pauc: 0.951615, paupr: 0.866878, paupr_m: 0.885621, dauc: 0.850879, daupr: 0.361607, daupr_m: 0.431047
Epoch: 549 loss: 0.000173, pauc: 0.951651, paupr: 0.866985, paupr_m: 0.885790, dauc: 0.851486, daupr: 0.362375, daupr_m: 0.432815
Epoch: 559 loss: 0.000173, pauc: 0.951485, paupr: 0.867041, paupr_m: 0.885652, dauc: 0.852086, daupr: 0.363378, daupr_m: 0.432847
Epoch: 569 loss: 0.000173, pauc: 0.951390, paupr: 0.867118, paupr_m: 0.885897, dauc: 0.852666, daupr: 0.363993, daupr_m: 0.440000
Epoch: 579 loss: 0.000173, pauc: 0.951590, paupr: 0.867299, paupr_m: 0.885922, dauc: 0.853238, daupr: 0.364563, daupr_m: 0.440690
Epoch: 589 loss: 0.000173, pauc: 0.951501, paupr: 0.867143, paupr_m: 0.885774, dauc: 0.853820, daupr: 0.365520, daupr_m: 0.441644
Epoch: 599 loss: 0.000173, pauc: 0.951354, paupr: 0.867377, paupr_m: 0.886135, dauc: 0.854354, daupr: 0.366580, daupr_m: 0.442304
Epoch: 609 loss: 0.000173, pauc: 0.951589, paupr: 0.867401, paupr_m: 0.886132, dauc: 0.854861, daupr: 0.367284, daupr_m: 0.442374
Epoch: 619 loss: 0.000173, pauc: 0.951269, paupr: 0.867325, paupr_m: 0.886098, dauc: 0.855381, daupr: 0.367863, daupr_m: 0.442410
Epoch: 629 loss: 0.000173, pauc: 0.951157, paupr: 0.867273, paupr_m: 0.885887, dauc: 0.855878, daupr: 0.368678, daupr_m: 0.442691
Epoch: 639 loss: 0.000173, pauc: 0.951321, paupr: 0.867410, paupr_m: 0.886111, dauc: 0.856373, daupr: 0.369686, daupr_m: 0.443034
Epoch: 649 loss: 0.000172, pauc: 0.951400, paupr: 0.867599, paupr_m: 0.886513, dauc: 0.856848, daupr: 0.370020, daupr_m: 0.443312
Epoch: 659 loss: 0.000172, pauc: 0.951430, paupr: 0.867725, paupr_m: 0.886302, dauc: 0.857293, daupr: 0.371004, daupr_m: 0.443681
Epoch: 669 loss: 0.000173, pauc: 0.951286, paupr: 0.867785, paupr_m: 0.886889, dauc: 0.857736, daupr: 0.371921, daupr_m: 0.444323
Epoch: 679 loss: 0.000173, pauc: 0.951449, paupr: 0.867716, paupr_m: 0.886423, dauc: 0.858186, daupr: 0.372486, daupr_m: 0.446033
Epoch: 689 loss: 0.000173, pauc: 0.951558, paupr: 0.867440, paupr_m: 0.887515, dauc: 0.858619, daupr: 0.373082, daupr_m: 0.446161
Epoch: 699 loss: 0.000173, pauc: 0.951690, paupr: 0.867825, paupr_m: 0.887757, dauc: 0.859013, daupr: 0.373980, daupr_m: 0.446155
Epoch: 709 loss: 0.000172, pauc: 0.951376, paupr: 0.867794, paupr_m: 0.886638, dauc: 0.859429, daupr: 0.374647, daupr_m: 0.447824
Epoch: 719 loss: 0.000173, pauc: 0.951062, paupr: 0.867557, paupr_m: 0.886343, dauc: 0.859841, daupr: 0.375003, daupr_m: 0.446695
Epoch: 729 loss: 0.000172, pauc: 0.951061, paupr: 0.867754, paupr_m: 0.887501, dauc: 0.860209, daupr: 0.375460, daupr_m: 0.446475
Epoch: 739 loss: 0.000172, pauc: 0.951218, paupr: 0.867761, paupr_m: 0.887837, dauc: 0.860571, daupr: 0.376243, daupr_m: 0.447045
Epoch: 749 loss: 0.000172, pauc: 0.951415, paupr: 0.867800, paupr_m: 0.886526, dauc: 0.860938, daupr: 0.376945, daupr_m: 0.447263
Epoch: 759 loss: 0.000172, pauc: 0.951223, paupr: 0.867742, paupr_m: 0.886369, dauc: 0.861318, daupr: 0.377530, daupr_m: 0.447446
Epoch: 769 loss: 0.000172, pauc: 0.951300, paupr: 0.868012, paupr_m: 0.887875, dauc: 0.861656, daupr: 0.378181, daupr_m: 0.447879
Epoch: 779 loss: 0.000172, pauc: 0.951001, paupr: 0.867645, paupr_m: 0.887407, dauc: 0.862025, daupr: 0.378725, daupr_m: 0.448217
Epoch: 789 loss: 0.000172, pauc: 0.951233, paupr: 0.867813, paupr_m: 0.887391, dauc: 0.862344, daupr: 0.379440, daupr_m: 0.441962
Epoch: 799 loss: 0.000172, pauc: 0.951190, paupr: 0.867937, paupr_m: 0.886449, dauc: 0.862677, daupr: 0.379914, daupr_m: 0.443840
Epoch: 809 loss: 0.000172, pauc: 0.951150, paupr: 0.868522, paupr_m: 0.887680, dauc: 0.862983, daupr: 0.380537, daupr_m: 0.447672
Epoch: 819 loss: 0.000172, pauc: 0.951194, paupr: 0.868077, paupr_m: 0.887702, dauc: 0.863293, daupr: 0.380965, daupr_m: 0.447510
Epoch: 829 loss: 0.000172, pauc: 0.951266, paupr: 0.867895, paupr_m: 0.888293, dauc: 0.863608, daupr: 0.381611, daupr_m: 0.447553
Epoch: 839 loss: 0.000172, pauc: 0.951217, paupr: 0.867900, paupr_m: 0.887676, dauc: 0.863924, daupr: 0.382009, daupr_m: 0.447625
Epoch: 849 loss: 0.000172, pauc: 0.951084, paupr: 0.867711, paupr_m: 0.887746, dauc: 0.864201, daupr: 0.382406, daupr_m: 0.447609
Epoch: 859 loss: 0.000172, pauc: 0.951129, paupr: 0.867907, paupr_m: 0.887663, dauc: 0.864450, daupr: 0.382878, daupr_m: 0.447595
Epoch: 869 loss: 0.000172, pauc: 0.951298, paupr: 0.867993, paupr_m: 0.887620, dauc: 0.864702, daupr: 0.383374, daupr_m: 0.447968
Epoch: 879 loss: 0.000172, pauc: 0.951257, paupr: 0.867970, paupr_m: 0.888027, dauc: 0.864943, daupr: 0.383806, daupr_m: 0.448081
Epoch: 889 loss: 0.000172, pauc: 0.951409, paupr: 0.867988, paupr_m: 0.887663, dauc: 0.865186, daupr: 0.384299, daupr_m: 0.449327
Epoch: 899 loss: 0.000172, pauc: 0.951194, paupr: 0.867731, paupr_m: 0.887588, dauc: 0.865454, daupr: 0.385099, daupr_m: 0.449188
Epoch: 909 loss: 0.000172, pauc: 0.951253, paupr: 0.867861, paupr_m: 0.887815, dauc: 0.865666, daupr: 0.385793, daupr_m: 0.450257
Epoch: 919 loss: 0.000171, pauc: 0.951514, paupr: 0.867923, paupr_m: 0.887623, dauc: 0.865861, daupr: 0.386249, daupr_m: 0.450265
Epoch: 929 loss: 0.000172, pauc: 0.951143, paupr: 0.867753, paupr_m: 0.887278, dauc: 0.866068, daupr: 0.387084, daupr_m: 0.450889
Epoch: 939 loss: 0.000172, pauc: 0.951225, paupr: 0.867832, paupr_m: 0.887569, dauc: 0.866240, daupr: 0.387493, daupr_m: 0.450747
Epoch: 949 loss: 0.000172, pauc: 0.951048, paupr: 0.867990, paupr_m: 0.888078, dauc: 0.866404, daupr: 0.387706, daupr_m: 0.450644
Epoch: 959 loss: 0.000172, pauc: 0.951153, paupr: 0.867804, paupr_m: 0.887598, dauc: 0.866599, daupr: 0.388076, daupr_m: 0.451055
Epoch: 969 loss: 0.000171, pauc: 0.951243, paupr: 0.868052, paupr_m: 0.887841, dauc: 0.866760, daupr: 0.388453, daupr_m: 0.453036
Epoch: 979 loss: 0.000172, pauc: 0.951075, paupr: 0.868092, paupr_m: 0.887790, dauc: 0.866945, daupr: 0.388826, daupr_m: 0.452996
Epoch: 989 loss: 0.000172, pauc: 0.951000, paupr: 0.867858, paupr_m: 0.887845, dauc: 0.867106, daupr: 0.389008, daupr_m: 0.453601
Epoch: 999 loss: 0.000172, pauc: 0.951206, paupr: 0.867792, paupr_m: 0.887503, dauc: 0.867249, daupr: 0.389461, daupr_m: 0.454003
Epoch: 9 loss: 0.002181, pauc: 0.922588, paupr: 0.415994, paupr_m: 0.470691, dauc: 0.691022, daupr: 0.045675, daupr_m: 0.140845
Epoch: 19 loss: 0.000830, pauc: 0.952797, paupr: 0.711975, paupr_m: 0.711960, dauc: 0.708451, daupr: 0.081603, daupr_m: 0.129083
Epoch: 29 loss: 0.000477, pauc: 0.958884, paupr: 0.796676, paupr_m: 0.822517, dauc: 0.722181, daupr: 0.124094, daupr_m: 0.173825
Epoch: 39 loss: 0.000340, pauc: 0.958155, paupr: 0.822429, paupr_m: 0.850082, dauc: 0.731058, daupr: 0.084799, daupr_m: 0.171235
Epoch: 49 loss: 0.000281, pauc: 0.960290, paupr: 0.838624, paupr_m: 0.872015, dauc: 0.735815, daupr: 0.115272, daupr_m: 0.180476
Epoch: 59 loss: 0.000251, pauc: 0.960742, paupr: 0.847568, paupr_m: 0.879121, dauc: 0.741109, daupr: 0.157062, daupr_m: 0.206883
Epoch: 69 loss: 0.000233, pauc: 0.961222, paupr: 0.854478, paupr_m: 0.881272, dauc: 0.747371, daupr: 0.158148, daupr_m: 0.212602
Epoch: 79 loss: 0.000222, pauc: 0.962209, paupr: 0.858924, paupr_m: 0.888923, dauc: 0.753105, daupr: 0.169745, daupr_m: 0.217024
Epoch: 89 loss: 0.000214, pauc: 0.962528, paupr: 0.861989, paupr_m: 0.891551, dauc: 0.758765, daupr: 0.192179, daupr_m: 0.236870
Epoch: 99 loss: 0.000208, pauc: 0.962726, paupr: 0.864462, paupr_m: 0.893861, dauc: 0.764461, daupr: 0.204559, daupr_m: 0.243694
Epoch: 109 loss: 0.000204, pauc: 0.962774, paupr: 0.866073, paupr_m: 0.895503, dauc: 0.769536, daupr: 0.216733, daupr_m: 0.253671
Epoch: 119 loss: 0.000200, pauc: 0.963002, paupr: 0.867610, paupr_m: 0.897985, dauc: 0.774257, daupr: 0.228172, daupr_m: 0.261040
Epoch: 129 loss: 0.000197, pauc: 0.963117, paupr: 0.868798, paupr_m: 0.899306, dauc: 0.778806, daupr: 0.238247, daupr_m: 0.269281
Epoch: 139 loss: 0.000194, pauc: 0.963251, paupr: 0.869746, paupr_m: 0.899515, dauc: 0.783070, daupr: 0.248513, daupr_m: 0.275510
Epoch: 149 loss: 0.000192, pauc: 0.963391, paupr: 0.870462, paupr_m: 0.900673, dauc: 0.787148, daupr: 0.257521, daupr_m: 0.286083
Epoch: 159 loss: 0.000190, pauc: 0.963532, paupr: 0.870991, paupr_m: 0.900674, dauc: 0.790974, daupr: 0.264719, daupr_m: 0.298751
Epoch: 169 loss: 0.000188, pauc: 0.963587, paupr: 0.871430, paupr_m: 0.901105, dauc: 0.794547, daupr: 0.272100, daupr_m: 0.303093
Epoch: 179 loss: 0.000187, pauc: 0.963597, paupr: 0.871850, paupr_m: 0.901381, dauc: 0.797866, daupr: 0.278485, daupr_m: 0.309645
Epoch: 189 loss: 0.000186, pauc: 0.963632, paupr: 0.872279, paupr_m: 0.901926, dauc: 0.801021, daupr: 0.284214, daupr_m: 0.319467
Epoch: 199 loss: 0.000185, pauc: 0.963506, paupr: 0.872626, paupr_m: 0.901928, dauc: 0.804017, daupr: 0.290315, daupr_m: 0.331942
Epoch: 209 loss: 0.000183, pauc: 0.963382, paupr: 0.872946, paupr_m: 0.902049, dauc: 0.806856, daupr: 0.295890, daupr_m: 0.334951
Epoch: 219 loss: 0.000182, pauc: 0.963262, paupr: 0.873221, paupr_m: 0.902309, dauc: 0.809455, daupr: 0.300780, daupr_m: 0.339050
Epoch: 229 loss: 0.000182, pauc: 0.962965, paupr: 0.873529, paupr_m: 0.902165, dauc: 0.811885, daupr: 0.305241, daupr_m: 0.342708
Epoch: 239 loss: 0.000181, pauc: 0.962797, paupr: 0.873797, paupr_m: 0.902362, dauc: 0.814167, daupr: 0.309593, daupr_m: 0.347119
Epoch: 249 loss: 0.000180, pauc: 0.962673, paupr: 0.873984, paupr_m: 0.902562, dauc: 0.816281, daupr: 0.313297, daupr_m: 0.355879
Epoch: 259 loss: 0.000180, pauc: 0.962518, paupr: 0.874164, paupr_m: 0.902692, dauc: 0.818180, daupr: 0.316760, daupr_m: 0.358055
Epoch: 269 loss: 0.000179, pauc: 0.962419, paupr: 0.874304, paupr_m: 0.902569, dauc: 0.819985, daupr: 0.320356, daupr_m: 0.360917
Epoch: 279 loss: 0.000179, pauc: 0.962417, paupr: 0.874444, paupr_m: 0.902550, dauc: 0.821725, daupr: 0.323376, daupr_m: 0.362717
Epoch: 289 loss: 0.000178, pauc: 0.962285, paupr: 0.874586, paupr_m: 0.902805, dauc: 0.823366, daupr: 0.326546, daupr_m: 0.365110
Epoch: 299 loss: 0.000178, pauc: 0.962251, paupr: 0.874726, paupr_m: 0.903026, dauc: 0.824865, daupr: 0.329175, daupr_m: 0.373662
Epoch: 309 loss: 0.000177, pauc: 0.962291, paupr: 0.874808, paupr_m: 0.903313, dauc: 0.826266, daupr: 0.331454, daupr_m: 0.376226
Epoch: 319 loss: 0.000177, pauc: 0.962263, paupr: 0.874904, paupr_m: 0.903047, dauc: 0.827628, daupr: 0.334536, daupr_m: 0.380817
Epoch: 329 loss: 0.000176, pauc: 0.962157, paupr: 0.875078, paupr_m: 0.903103, dauc: 0.828932, daupr: 0.337071, daupr_m: 0.383038
Epoch: 339 loss: 0.000176, pauc: 0.962242, paupr: 0.875269, paupr_m: 0.903488, dauc: 0.830108, daupr: 0.339087, daupr_m: 0.387727
Epoch: 349 loss: 0.000175, pauc: 0.962169, paupr: 0.875320, paupr_m: 0.903068, dauc: 0.831265, daupr: 0.341286, daupr_m: 0.389808
Epoch: 359 loss: 0.000175, pauc: 0.961984, paupr: 0.875369, paupr_m: 0.903095, dauc: 0.832340, daupr: 0.343566, daupr_m: 0.397452
Epoch: 369 loss: 0.000175, pauc: 0.962099, paupr: 0.875576, paupr_m: 0.903436, dauc: 0.833366, daupr: 0.345142, daupr_m: 0.399983
Epoch: 379 loss: 0.000175, pauc: 0.962090, paupr: 0.875731, paupr_m: 0.903263, dauc: 0.834347, daupr: 0.346759, daupr_m: 0.402080
Epoch: 389 loss: 0.000174, pauc: 0.962136, paupr: 0.875811, paupr_m: 0.903007, dauc: 0.835300, daupr: 0.348402, daupr_m: 0.401052
Epoch: 399 loss: 0.000174, pauc: 0.961918, paupr: 0.875961, paupr_m: 0.902969, dauc: 0.836202, daupr: 0.349844, daupr_m: 0.402304
Epoch: 409 loss: 0.000174, pauc: 0.961889, paupr: 0.875997, paupr_m: 0.902986, dauc: 0.837042, daupr: 0.351327, daupr_m: 0.403106
Epoch: 419 loss: 0.000173, pauc: 0.961971, paupr: 0.876094, paupr_m: 0.903243, dauc: 0.837886, daupr: 0.352667, daupr_m: 0.405765
Epoch: 429 loss: 0.000173, pauc: 0.961555, paupr: 0.876330, paupr_m: 0.902774, dauc: 0.838675, daupr: 0.353899, daupr_m: 0.407318
Epoch: 439 loss: 0.000173, pauc: 0.961586, paupr: 0.876291, paupr_m: 0.902643, dauc: 0.839449, daupr: 0.355223, daupr_m: 0.404006
Epoch: 449 loss: 0.000173, pauc: 0.961591, paupr: 0.876585, paupr_m: 0.902622, dauc: 0.840207, daupr: 0.356829, daupr_m: 0.405526
Epoch: 459 loss: 0.000173, pauc: 0.961835, paupr: 0.876659, paupr_m: 0.903201, dauc: 0.840946, daupr: 0.358552, daupr_m: 0.408963
Epoch: 469 loss: 0.000173, pauc: 0.961663, paupr: 0.876629, paupr_m: 0.902782, dauc: 0.841628, daupr: 0.359923, daupr_m: 0.409881
Epoch: 479 loss: 0.000173, pauc: 0.961780, paupr: 0.876819, paupr_m: 0.903189, dauc: 0.842271, daupr: 0.360895, daupr_m: 0.410573
Epoch: 489 loss: 0.000173, pauc: 0.961336, paupr: 0.876903, paupr_m: 0.902953, dauc: 0.842860, daupr: 0.362178, daupr_m: 0.412750
Epoch: 499 loss: 0.000172, pauc: 0.961090, paupr: 0.876965, paupr_m: 0.903311, dauc: 0.843429, daupr: 0.363228, daupr_m: 0.414968
Epoch: 509 loss: 0.000172, pauc: 0.960989, paupr: 0.877096, paupr_m: 0.902858, dauc: 0.843922, daupr: 0.364353, daupr_m: 0.416173
Epoch: 519 loss: 0.000172, pauc: 0.961019, paupr: 0.877176, paupr_m: 0.903129, dauc: 0.844434, daupr: 0.365620, daupr_m: 0.424458
Epoch: 529 loss: 0.000172, pauc: 0.960722, paupr: 0.877260, paupr_m: 0.903343, dauc: 0.844919, daupr: 0.366496, daupr_m: 0.426057
Epoch: 539 loss: 0.000172, pauc: 0.960609, paupr: 0.877336, paupr_m: 0.903117, dauc: 0.845376, daupr: 0.367286, daupr_m: 0.426488
Epoch: 549 loss: 0.000172, pauc: 0.960177, paupr: 0.877766, paupr_m: 0.903202, dauc: 0.845822, daupr: 0.368289, daupr_m: 0.428097
Epoch: 559 loss: 0.000172, pauc: 0.960406, paupr: 0.877604, paupr_m: 0.903515, dauc: 0.846263, daupr: 0.369305, daupr_m: 0.428409
Epoch: 569 loss: 0.000172, pauc: 0.960585, paupr: 0.877712, paupr_m: 0.903425, dauc: 0.846675, daupr: 0.370327, daupr_m: 0.431322
Epoch: 579 loss: 0.000172, pauc: 0.960064, paupr: 0.877727, paupr_m: 0.902636, dauc: 0.847060, daupr: 0.371150, daupr_m: 0.432178
Epoch: 589 loss: 0.000171, pauc: 0.959760, paupr: 0.878050, paupr_m: 0.903584, dauc: 0.847415, daupr: 0.372106, daupr_m: 0.436399
Epoch: 599 loss: 0.000172, pauc: 0.959842, paupr: 0.878009, paupr_m: 0.903591, dauc: 0.847778, daupr: 0.372899, daupr_m: 0.437031
Epoch: 609 loss: 0.000171, pauc: 0.959931, paupr: 0.878155, paupr_m: 0.903626, dauc: 0.848140, daupr: 0.373676, daupr_m: 0.438670
Epoch: 619 loss: 0.000171, pauc: 0.959627, paupr: 0.878085, paupr_m: 0.903618, dauc: 0.848483, daupr: 0.374456, daupr_m: 0.441563
Epoch: 629 loss: 0.000171, pauc: 0.959553, paupr: 0.878100, paupr_m: 0.903295, dauc: 0.848760, daupr: 0.375301, daupr_m: 0.443881
Epoch: 639 loss: 0.000171, pauc: 0.959393, paupr: 0.878254, paupr_m: 0.903210, dauc: 0.849035, daupr: 0.375802, daupr_m: 0.446409
Epoch: 649 loss: 0.000171, pauc: 0.959151, paupr: 0.878336, paupr_m: 0.903442, dauc: 0.849322, daupr: 0.376473, daupr_m: 0.446757
Epoch: 659 loss: 0.000171, pauc: 0.959208, paupr: 0.878309, paupr_m: 0.903031, dauc: 0.849599, daupr: 0.377099, daupr_m: 0.448313
Epoch: 669 loss: 0.000171, pauc: 0.959061, paupr: 0.878351, paupr_m: 0.903328, dauc: 0.849845, daupr: 0.377811, daupr_m: 0.449590
Epoch: 679 loss: 0.000171, pauc: 0.959002, paupr: 0.878523, paupr_m: 0.903890, dauc: 0.850078, daupr: 0.378415, daupr_m: 0.449799
Epoch: 689 loss: 0.000171, pauc: 0.958636, paupr: 0.878659, paupr_m: 0.903927, dauc: 0.850291, daupr: 0.379145, daupr_m: 0.450823
Epoch: 699 loss: 0.000171, pauc: 0.958977, paupr: 0.878593, paupr_m: 0.902697, dauc: 0.850510, daupr: 0.379853, daupr_m: 0.451925
Epoch: 709 loss: 0.000171, pauc: 0.958831, paupr: 0.878725, paupr_m: 0.903653, dauc: 0.850703, daupr: 0.380245, daupr_m: 0.449691
Epoch: 719 loss: 0.000171, pauc: 0.958541, paupr: 0.878910, paupr_m: 0.903625, dauc: 0.850899, daupr: 0.380633, daupr_m: 0.450967
Epoch: 729 loss: 0.000171, pauc: 0.958727, paupr: 0.878867, paupr_m: 0.904226, dauc: 0.851089, daupr: 0.381229, daupr_m: 0.452839
Epoch: 739 loss: 0.000171, pauc: 0.958555, paupr: 0.878938, paupr_m: 0.904093, dauc: 0.851250, daupr: 0.381535, daupr_m: 0.453165
Epoch: 749 loss: 0.000170, pauc: 0.958520, paupr: 0.878818, paupr_m: 0.903880, dauc: 0.851378, daupr: 0.382152, daupr_m: 0.461695
Epoch: 759 loss: 0.000170, pauc: 0.958685, paupr: 0.878773, paupr_m: 0.904020, dauc: 0.851518, daupr: 0.382555, daupr_m: 0.464910
Epoch: 769 loss: 0.000170, pauc: 0.958405, paupr: 0.878825, paupr_m: 0.903738, dauc: 0.851635, daupr: 0.383176, daupr_m: 0.471483
Epoch: 779 loss: 0.000170, pauc: 0.958019, paupr: 0.878875, paupr_m: 0.903784, dauc: 0.851781, daupr: 0.383636, daupr_m: 0.471708
Epoch: 789 loss: 0.000171, pauc: 0.958067, paupr: 0.878975, paupr_m: 0.904013, dauc: 0.851905, daupr: 0.384395, daupr_m: 0.471983
Epoch: 799 loss: 0.000171, pauc: 0.958096, paupr: 0.879072, paupr_m: 0.903520, dauc: 0.852033, daupr: 0.384859, daupr_m: 0.473273
Epoch: 809 loss: 0.000170, pauc: 0.958493, paupr: 0.879083, paupr_m: 0.903571, dauc: 0.852131, daupr: 0.385248, daupr_m: 0.473204
Epoch: 819 loss: 0.000170, pauc: 0.958317, paupr: 0.879050, paupr_m: 0.903982, dauc: 0.852234, daupr: 0.385615, daupr_m: 0.473257
Epoch: 829 loss: 0.000170, pauc: 0.958305, paupr: 0.879159, paupr_m: 0.904066, dauc: 0.852309, daupr: 0.386014, daupr_m: 0.474585
Epoch: 839 loss: 0.000170, pauc: 0.958476, paupr: 0.879227, paupr_m: 0.904121, dauc: 0.852407, daupr: 0.386383, daupr_m: 0.474723
Epoch: 849 loss: 0.000170, pauc: 0.958057, paupr: 0.878954, paupr_m: 0.903590, dauc: 0.852481, daupr: 0.386808, daupr_m: 0.474399
Epoch: 859 loss: 0.000170, pauc: 0.958048, paupr: 0.879234, paupr_m: 0.903709, dauc: 0.852541, daupr: 0.387216, daupr_m: 0.474963
Epoch: 869 loss: 0.000170, pauc: 0.957975, paupr: 0.879288, paupr_m: 0.903459, dauc: 0.852627, daupr: 0.387629, daupr_m: 0.475438
Epoch: 879 loss: 0.000170, pauc: 0.957813, paupr: 0.878959, paupr_m: 0.902761, dauc: 0.852691, daupr: 0.388034, daupr_m: 0.477965
Epoch: 889 loss: 0.000170, pauc: 0.958400, paupr: 0.879448, paupr_m: 0.903636, dauc: 0.852731, daupr: 0.388583, daupr_m: 0.478164
Epoch: 899 loss: 0.000170, pauc: 0.957935, paupr: 0.879290, paupr_m: 0.903181, dauc: 0.852797, daupr: 0.388969, daupr_m: 0.479797
Epoch: 909 loss: 0.000170, pauc: 0.957557, paupr: 0.879169, paupr_m: 0.903248, dauc: 0.852850, daupr: 0.389266, daupr_m: 0.479821
Epoch: 919 loss: 0.000170, pauc: 0.957950, paupr: 0.879666, paupr_m: 0.903767, dauc: 0.852851, daupr: 0.389594, daupr_m: 0.479967
Epoch: 929 loss: 0.000170, pauc: 0.957688, paupr: 0.879356, paupr_m: 0.903555, dauc: 0.852918, daupr: 0.389823, daupr_m: 0.480252
Epoch: 939 loss: 0.000170, pauc: 0.957902, paupr: 0.879454, paupr_m: 0.903540, dauc: 0.852954, daupr: 0.390323, daupr_m: 0.480360
Epoch: 949 loss: 0.000170, pauc: 0.957845, paupr: 0.879512, paupr_m: 0.903648, dauc: 0.852959, daupr: 0.390423, daupr_m: 0.486280
Epoch: 959 loss: 0.000170, pauc: 0.957647, paupr: 0.879413, paupr_m: 0.903397, dauc: 0.852976, daupr: 0.390663, daupr_m: 0.486281
Epoch: 969 loss: 0.000170, pauc: 0.958038, paupr: 0.879598, paupr_m: 0.903212, dauc: 0.852966, daupr: 0.390820, daupr_m: 0.492738
Epoch: 979 loss: 0.000170, pauc: 0.957940, paupr: 0.879754, paupr_m: 0.903928, dauc: 0.852970, daupr: 0.391076, daupr_m: 0.493043
Epoch: 989 loss: 0.000170, pauc: 0.957732, paupr: 0.879634, paupr_m: 0.903601, dauc: 0.852942, daupr: 0.391269, daupr_m: 0.491673
Epoch: 999 loss: 0.000170, pauc: 0.957928, paupr: 0.879720, paupr_m: 0.903835, dauc: 0.852920, daupr: 0.391857, daupr_m: 0.491723
Epoch: 9 loss: 0.002174, pauc: 0.875478, paupr: 0.399784, paupr_m: 0.464353, dauc: 0.733420, daupr: 0.038255, daupr_m: 0.095410
Epoch: 19 loss: 0.000844, pauc: 0.916800, paupr: 0.649871, paupr_m: 0.677535, dauc: 0.740117, daupr: 0.075820, daupr_m: 0.134918
Epoch: 29 loss: 0.000484, pauc: 0.923662, paupr: 0.703153, paupr_m: 0.774110, dauc: 0.748848, daupr: 0.100417, daupr_m: 0.159327
Epoch: 39 loss: 0.000340, pauc: 0.925104, paupr: 0.726410, paupr_m: 0.790846, dauc: 0.756091, daupr: 0.066034, daupr_m: 0.134260
Epoch: 49 loss: 0.000281, pauc: 0.928155, paupr: 0.745224, paupr_m: 0.811137, dauc: 0.761381, daupr: 0.086664, daupr_m: 0.148817
Epoch: 59 loss: 0.000250, pauc: 0.928382, paupr: 0.753015, paupr_m: 0.813917, dauc: 0.766392, daupr: 0.126387, daupr_m: 0.174741
Epoch: 69 loss: 0.000232, pauc: 0.928228, paupr: 0.755848, paupr_m: 0.820365, dauc: 0.771354, daupr: 0.122021, daupr_m: 0.179293
Epoch: 79 loss: 0.000222, pauc: 0.928401, paupr: 0.759656, paupr_m: 0.822411, dauc: 0.776399, daupr: 0.139998, daupr_m: 0.187753
Epoch: 89 loss: 0.000214, pauc: 0.928358, paupr: 0.763327, paupr_m: 0.823610, dauc: 0.781343, daupr: 0.162127, daupr_m: 0.201235
Epoch: 99 loss: 0.000208, pauc: 0.928553, paupr: 0.766101, paupr_m: 0.824505, dauc: 0.786219, daupr: 0.175028, daupr_m: 0.214479
Epoch: 109 loss: 0.000204, pauc: 0.928584, paupr: 0.768195, paupr_m: 0.825691, dauc: 0.790873, daupr: 0.188853, daupr_m: 0.223132
Epoch: 119 loss: 0.000200, pauc: 0.928613, paupr: 0.770304, paupr_m: 0.826081, dauc: 0.795136, daupr: 0.199376, daupr_m: 0.231229
Epoch: 129 loss: 0.000197, pauc: 0.928639, paupr: 0.772015, paupr_m: 0.827767, dauc: 0.798968, daupr: 0.209281, daupr_m: 0.236820
Epoch: 139 loss: 0.000194, pauc: 0.928716, paupr: 0.773419, paupr_m: 0.829094, dauc: 0.802617, daupr: 0.217374, daupr_m: 0.249503
Epoch: 149 loss: 0.000192, pauc: 0.928742, paupr: 0.774703, paupr_m: 0.829404, dauc: 0.806219, daupr: 0.226123, daupr_m: 0.259187
Epoch: 159 loss: 0.000190, pauc: 0.928807, paupr: 0.775935, paupr_m: 0.829621, dauc: 0.809591, daupr: 0.234170, daupr_m: 0.270040
Epoch: 169 loss: 0.000188, pauc: 0.928870, paupr: 0.777031, paupr_m: 0.829579, dauc: 0.812709, daupr: 0.241813, daupr_m: 0.275335
Epoch: 179 loss: 0.000187, pauc: 0.928922, paupr: 0.778055, paupr_m: 0.829381, dauc: 0.815588, daupr: 0.248844, daupr_m: 0.283452
Epoch: 189 loss: 0.000186, pauc: 0.928987, paupr: 0.779056, paupr_m: 0.829211, dauc: 0.818147, daupr: 0.255012, daupr_m: 0.289606
Epoch: 199 loss: 0.000184, pauc: 0.928987, paupr: 0.779952, paupr_m: 0.829657, dauc: 0.820475, daupr: 0.260643, daupr_m: 0.293945
Epoch: 209 loss: 0.000183, pauc: 0.929110, paupr: 0.780844, paupr_m: 0.829466, dauc: 0.822620, daupr: 0.266142, daupr_m: 0.293537
Epoch: 219 loss: 0.000182, pauc: 0.929064, paupr: 0.781657, paupr_m: 0.830444, dauc: 0.824656, daupr: 0.271400, daupr_m: 0.294591
Epoch: 229 loss: 0.000181, pauc: 0.929122, paupr: 0.782334, paupr_m: 0.830725, dauc: 0.826537, daupr: 0.276303, daupr_m: 0.300614
Epoch: 239 loss: 0.000181, pauc: 0.929166, paupr: 0.783019, paupr_m: 0.832542, dauc: 0.828293, daupr: 0.280211, daupr_m: 0.306930
Epoch: 249 loss: 0.000180, pauc: 0.929050, paupr: 0.783662, paupr_m: 0.832865, dauc: 0.829915, daupr: 0.284088, daupr_m: 0.312714
Epoch: 259 loss: 0.000179, pauc: 0.929103, paupr: 0.784302, paupr_m: 0.834078, dauc: 0.831481, daupr: 0.287342, daupr_m: 0.315936
Epoch: 269 loss: 0.000178, pauc: 0.929274, paupr: 0.784914, paupr_m: 0.833777, dauc: 0.832901, daupr: 0.290506, daupr_m: 0.317955
Epoch: 279 loss: 0.000178, pauc: 0.929140, paupr: 0.785310, paupr_m: 0.834046, dauc: 0.834211, daupr: 0.293375, daupr_m: 0.327542
Epoch: 289 loss: 0.000177, pauc: 0.929198, paupr: 0.785846, paupr_m: 0.832889, dauc: 0.835445, daupr: 0.296807, daupr_m: 0.331097
Epoch: 299 loss: 0.000177, pauc: 0.929359, paupr: 0.786430, paupr_m: 0.834366, dauc: 0.836634, daupr: 0.299623, daupr_m: 0.335205
Epoch: 309 loss: 0.000176, pauc: 0.929336, paupr: 0.786715, paupr_m: 0.835759, dauc: 0.837819, daupr: 0.301936, daupr_m: 0.339634
Epoch: 319 loss: 0.000176, pauc: 0.929346, paupr: 0.787197, paupr_m: 0.834121, dauc: 0.838899, daupr: 0.304118, daupr_m: 0.346875
Epoch: 329 loss: 0.000176, pauc: 0.929430, paupr: 0.787680, paupr_m: 0.834770, dauc: 0.839941, daupr: 0.305870, daupr_m: 0.351138
Epoch: 339 loss: 0.000175, pauc: 0.929298, paupr: 0.787935, paupr_m: 0.834280, dauc: 0.840968, daupr: 0.307761, daupr_m: 0.353601
Epoch: 349 loss: 0.000175, pauc: 0.929285, paupr: 0.788349, paupr_m: 0.834451, dauc: 0.841902, daupr: 0.309266, daupr_m: 0.355529
Epoch: 359 loss: 0.000175, pauc: 0.929422, paupr: 0.788761, paupr_m: 0.834759, dauc: 0.842792, daupr: 0.311744, daupr_m: 0.366790
Epoch: 369 loss: 0.000174, pauc: 0.929386, paupr: 0.788804, paupr_m: 0.834566, dauc: 0.843639, daupr: 0.313207, daupr_m: 0.367914
Epoch: 379 loss: 0.000174, pauc: 0.929374, paupr: 0.789216, paupr_m: 0.835544, dauc: 0.844464, daupr: 0.315217, daupr_m: 0.370264
Epoch: 389 loss: 0.000174, pauc: 0.929198, paupr: 0.789654, paupr_m: 0.835015, dauc: 0.845235, daupr: 0.317134, daupr_m: 0.372852
Epoch: 399 loss: 0.000174, pauc: 0.929044, paupr: 0.789686, paupr_m: 0.835394, dauc: 0.845989, daupr: 0.318298, daupr_m: 0.376817
Epoch: 409 loss: 0.000174, pauc: 0.928863, paupr: 0.789587, paupr_m: 0.836423, dauc: 0.846726, daupr: 0.319837, daupr_m: 0.377673
Epoch: 419 loss: 0.000173, pauc: 0.928895, paupr: 0.790285, paupr_m: 0.833948, dauc: 0.847430, daupr: 0.321165, daupr_m: 0.378372
Epoch: 429 loss: 0.000173, pauc: 0.929075, paupr: 0.790313, paupr_m: 0.836655, dauc: 0.848057, daupr: 0.322526, daupr_m: 0.381049
Epoch: 439 loss: 0.000173, pauc: 0.928815, paupr: 0.790530, paupr_m: 0.835445, dauc: 0.848670, daupr: 0.323965, daupr_m: 0.382345
Epoch: 449 loss: 0.000173, pauc: 0.928852, paupr: 0.790672, paupr_m: 0.835495, dauc: 0.849247, daupr: 0.324733, daupr_m: 0.382816
Epoch: 459 loss: 0.000172, pauc: 0.928802, paupr: 0.790700, paupr_m: 0.836876, dauc: 0.849774, daupr: 0.325752, daupr_m: 0.391218
Epoch: 469 loss: 0.000172, pauc: 0.929050, paupr: 0.791115, paupr_m: 0.836064, dauc: 0.850289, daupr: 0.326228, daupr_m: 0.391247
Epoch: 479 loss: 0.000172, pauc: 0.928694, paupr: 0.791005, paupr_m: 0.836033, dauc: 0.850763, daupr: 0.327005, daupr_m: 0.393224
Epoch: 489 loss: 0.000172, pauc: 0.928770, paupr: 0.791008, paupr_m: 0.836378, dauc: 0.851226, daupr: 0.327461, daupr_m: 0.396620
Epoch: 499 loss: 0.000172, pauc: 0.928842, paupr: 0.791265, paupr_m: 0.835027, dauc: 0.851682, daupr: 0.327959, daupr_m: 0.395651
Epoch: 509 loss: 0.000172, pauc: 0.928724, paupr: 0.791360, paupr_m: 0.834202, dauc: 0.852119, daupr: 0.328569, daupr_m: 0.396737
Epoch: 519 loss: 0.000172, pauc: 0.928810, paupr: 0.791124, paupr_m: 0.836329, dauc: 0.852529, daupr: 0.329177, daupr_m: 0.397730
Epoch: 529 loss: 0.000172, pauc: 0.928979, paupr: 0.791436, paupr_m: 0.834798, dauc: 0.852895, daupr: 0.329859, daupr_m: 0.399361
Epoch: 539 loss: 0.000172, pauc: 0.928995, paupr: 0.791740, paupr_m: 0.833657, dauc: 0.853255, daupr: 0.330665, daupr_m: 0.400138
Epoch: 549 loss: 0.000171, pauc: 0.928963, paupr: 0.791613, paupr_m: 0.834586, dauc: 0.853594, daupr: 0.331216, daupr_m: 0.401144
Epoch: 559 loss: 0.000171, pauc: 0.929134, paupr: 0.791783, paupr_m: 0.835291, dauc: 0.853915, daupr: 0.331317, daupr_m: 0.401659
Epoch: 569 loss: 0.000171, pauc: 0.929330, paupr: 0.792125, paupr_m: 0.833707, dauc: 0.854197, daupr: 0.331552, daupr_m: 0.403294
Epoch: 579 loss: 0.000171, pauc: 0.928922, paupr: 0.791783, paupr_m: 0.835217, dauc: 0.854439, daupr: 0.331621, daupr_m: 0.403472
Epoch: 589 loss: 0.000171, pauc: 0.928958, paupr: 0.791907, paupr_m: 0.835367, dauc: 0.854676, daupr: 0.331896, daupr_m: 0.403585
Epoch: 599 loss: 0.000171, pauc: 0.928775, paupr: 0.792247, paupr_m: 0.832904, dauc: 0.854900, daupr: 0.331808, daupr_m: 0.404461
Epoch: 609 loss: 0.000171, pauc: 0.929173, paupr: 0.792135, paupr_m: 0.834832, dauc: 0.855098, daupr: 0.332467, daupr_m: 0.404623
Epoch: 619 loss: 0.000171, pauc: 0.929198, paupr: 0.792363, paupr_m: 0.834012, dauc: 0.855292, daupr: 0.332915, daupr_m: 0.404910
Epoch: 629 loss: 0.000171, pauc: 0.928893, paupr: 0.792558, paupr_m: 0.832955, dauc: 0.855463, daupr: 0.333484, daupr_m: 0.405154
Epoch: 639 loss: 0.000171, pauc: 0.929231, paupr: 0.792091, paupr_m: 0.835384, dauc: 0.855606, daupr: 0.333955, daupr_m: 0.406253
Epoch: 649 loss: 0.000171, pauc: 0.929302, paupr: 0.792575, paupr_m: 0.835123, dauc: 0.855725, daupr: 0.334096, daupr_m: 0.409604
Epoch: 659 loss: 0.000170, pauc: 0.929431, paupr: 0.792728, paupr_m: 0.835948, dauc: 0.855823, daupr: 0.334550, daupr_m: 0.410822
Epoch: 669 loss: 0.000171, pauc: 0.929267, paupr: 0.792363, paupr_m: 0.835256, dauc: 0.855897, daupr: 0.334756, daupr_m: 0.413007
Epoch: 679 loss: 0.000170, pauc: 0.929339, paupr: 0.792711, paupr_m: 0.835582, dauc: 0.855977, daupr: 0.335113, daupr_m: 0.415607
Epoch: 689 loss: 0.000170, pauc: 0.929530, paupr: 0.792934, paupr_m: 0.834985, dauc: 0.856025, daupr: 0.335296, daupr_m: 0.415516
Epoch: 699 loss: 0.000170, pauc: 0.928894, paupr: 0.792642, paupr_m: 0.835212, dauc: 0.856059, daupr: 0.335667, daupr_m: 0.415541
Epoch: 709 loss: 0.000170, pauc: 0.929498, paupr: 0.792561, paupr_m: 0.835645, dauc: 0.856078, daupr: 0.335968, daupr_m: 0.416530
Epoch: 719 loss: 0.000170, pauc: 0.929581, paupr: 0.793021, paupr_m: 0.835784, dauc: 0.856084, daupr: 0.335944, daupr_m: 0.418605
Epoch: 729 loss: 0.000170, pauc: 0.929180, paupr: 0.792966, paupr_m: 0.834805, dauc: 0.856110, daupr: 0.336313, daupr_m: 0.418724
Epoch: 739 loss: 0.000170, pauc: 0.929328, paupr: 0.792804, paupr_m: 0.834306, dauc: 0.856125, daupr: 0.336877, daupr_m: 0.419153
Epoch: 749 loss: 0.000170, pauc: 0.929460, paupr: 0.792879, paupr_m: 0.834872, dauc: 0.856128, daupr: 0.337138, daupr_m: 0.420819
Epoch: 759 loss: 0.000170, pauc: 0.929701, paupr: 0.792872, paupr_m: 0.835948, dauc: 0.856118, daupr: 0.337228, daupr_m: 0.422551
Epoch: 769 loss: 0.000170, pauc: 0.929493, paupr: 0.793169, paupr_m: 0.833761, dauc: 0.856099, daupr: 0.337227, daupr_m: 0.422423
Epoch: 779 loss: 0.000170, pauc: 0.929200, paupr: 0.792831, paupr_m: 0.834820, dauc: 0.856098, daupr: 0.337510, daupr_m: 0.422409
Epoch: 789 loss: 0.000170, pauc: 0.929665, paupr: 0.792921, paupr_m: 0.834457, dauc: 0.856074, daupr: 0.337637, daupr_m: 0.422304
Epoch: 799 loss: 0.000170, pauc: 0.929282, paupr: 0.793121, paupr_m: 0.832241, dauc: 0.856065, daupr: 0.338067, daupr_m: 0.422655
Epoch: 809 loss: 0.000170, pauc: 0.929689, paupr: 0.793097, paupr_m: 0.834462, dauc: 0.856025, daupr: 0.338179, daupr_m: 0.422293
Epoch: 819 loss: 0.000170, pauc: 0.929275, paupr: 0.792870, paupr_m: 0.833043, dauc: 0.855981, daupr: 0.338476, daupr_m: 0.428644
Epoch: 829 loss: 0.000170, pauc: 0.929077, paupr: 0.793073, paupr_m: 0.833289, dauc: 0.855952, daupr: 0.338340, daupr_m: 0.428155
Epoch: 839 loss: 0.000170, pauc: 0.929333, paupr: 0.793257, paupr_m: 0.835634, dauc: 0.855915, daupr: 0.338742, daupr_m: 0.427820
Epoch: 849 loss: 0.000170, pauc: 0.929283, paupr: 0.792988, paupr_m: 0.834271, dauc: 0.855847, daupr: 0.338949, daupr_m: 0.428543
Epoch: 859 loss: 0.000170, pauc: 0.929179, paupr: 0.792642, paupr_m: 0.833236, dauc: 0.855809, daupr: 0.339148, daupr_m: 0.429746
Epoch: 869 loss: 0.000170, pauc: 0.929031, paupr: 0.793355, paupr_m: 0.831847, dauc: 0.855742, daupr: 0.339062, daupr_m: 0.429764
Epoch: 879 loss: 0.000170, pauc: 0.929509, paupr: 0.793056, paupr_m: 0.833373, dauc: 0.855680, daupr: 0.339360, daupr_m: 0.429551
Epoch: 889 loss: 0.000170, pauc: 0.929631, paupr: 0.793488, paupr_m: 0.834271, dauc: 0.855618, daupr: 0.339722, daupr_m: 0.430423
Epoch: 899 loss: 0.000170, pauc: 0.929888, paupr: 0.793369, paupr_m: 0.834419, dauc: 0.855526, daupr: 0.339844, daupr_m: 0.430104
Epoch: 909 loss: 0.000170, pauc: 0.929328, paupr: 0.793286, paupr_m: 0.833178, dauc: 0.855433, daupr: 0.339690, daupr_m: 0.429930
Epoch: 919 loss: 0.000170, pauc: 0.929317, paupr: 0.793246, paupr_m: 0.834126, dauc: 0.855347, daupr: 0.339857, daupr_m: 0.430600
Epoch: 929 loss: 0.000170, pauc: 0.929416, paupr: 0.793361, paupr_m: 0.834120, dauc: 0.855236, daupr: 0.339773, daupr_m: 0.430489
Epoch: 939 loss: 0.000170, pauc: 0.929278, paupr: 0.793472, paupr_m: 0.833296, dauc: 0.855137, daupr: 0.340126, daupr_m: 0.430484
Epoch: 949 loss: 0.000170, pauc: 0.929288, paupr: 0.793429, paupr_m: 0.832528, dauc: 0.855018, daupr: 0.340521, daupr_m: 0.430287
Epoch: 959 loss: 0.000170, pauc: 0.929723, paupr: 0.793271, paupr_m: 0.835118, dauc: 0.854902, daupr: 0.340299, daupr_m: 0.431805
Epoch: 969 loss: 0.000170, pauc: 0.929113, paupr: 0.793500, paupr_m: 0.832291, dauc: 0.854774, daupr: 0.340467, daupr_m: 0.432178
Epoch: 979 loss: 0.000169, pauc: 0.929842, paupr: 0.793441, paupr_m: 0.834360, dauc: 0.854641, daupr: 0.340442, daupr_m: 0.432794
Epoch: 989 loss: 0.000170, pauc: 0.929653, paupr: 0.793440, paupr_m: 0.833477, dauc: 0.854494, daupr: 0.340607, daupr_m: 0.432719
Epoch: 999 loss: 0.000170, pauc: 0.929306, paupr: 0.793565, paupr_m: 0.833448, dauc: 0.854345, daupr: 0.340884, daupr_m: 0.434265
Epoch: 9 loss: 0.002155, pauc: 0.893070, paupr: 0.351628, paupr_m: 0.417927, dauc: 0.737520, daupr: 0.047236, daupr_m: 0.114308
Epoch: 19 loss: 0.000820, pauc: 0.932441, paupr: 0.645832, paupr_m: 0.653174, dauc: 0.744431, daupr: 0.062671, daupr_m: 0.119793
Epoch: 29 loss: 0.000467, pauc: 0.939341, paupr: 0.714054, paupr_m: 0.743347, dauc: 0.753262, daupr: 0.085681, daupr_m: 0.165827
Epoch: 39 loss: 0.000336, pauc: 0.943024, paupr: 0.745844, paupr_m: 0.779387, dauc: 0.758320, daupr: 0.074508, daupr_m: 0.149281
Epoch: 49 loss: 0.000277, pauc: 0.943989, paupr: 0.770539, paupr_m: 0.813379, dauc: 0.763467, daupr: 0.088434, daupr_m: 0.155397
Epoch: 59 loss: 0.000247, pauc: 0.943336, paupr: 0.780450, paupr_m: 0.819575, dauc: 0.769580, daupr: 0.103103, daupr_m: 0.184706
Epoch: 69 loss: 0.000230, pauc: 0.943359, paupr: 0.787495, paupr_m: 0.827802, dauc: 0.775299, daupr: 0.108406, daupr_m: 0.183364
Epoch: 79 loss: 0.000219, pauc: 0.943761, paupr: 0.794022, paupr_m: 0.836341, dauc: 0.780523, daupr: 0.114106, daupr_m: 0.194944
Epoch: 89 loss: 0.000211, pauc: 0.944138, paupr: 0.798696, paupr_m: 0.837329, dauc: 0.785705, daupr: 0.124297, daupr_m: 0.205601
Epoch: 99 loss: 0.000206, pauc: 0.944522, paupr: 0.801790, paupr_m: 0.838455, dauc: 0.790616, daupr: 0.132581, daupr_m: 0.214027
Epoch: 109 loss: 0.000201, pauc: 0.944596, paupr: 0.804538, paupr_m: 0.839497, dauc: 0.795103, daupr: 0.141487, daupr_m: 0.228015
Epoch: 119 loss: 0.000197, pauc: 0.944726, paupr: 0.806950, paupr_m: 0.843424, dauc: 0.799407, daupr: 0.151079, daupr_m: 0.235296
Epoch: 129 loss: 0.000194, pauc: 0.944757, paupr: 0.808905, paupr_m: 0.845572, dauc: 0.803510, daupr: 0.160398, daupr_m: 0.249029
Epoch: 139 loss: 0.000192, pauc: 0.944747, paupr: 0.810652, paupr_m: 0.847180, dauc: 0.807272, daupr: 0.168838, daupr_m: 0.262933
Epoch: 149 loss: 0.000190, pauc: 0.944624, paupr: 0.812180, paupr_m: 0.847497, dauc: 0.810907, daupr: 0.176928, daupr_m: 0.276319
Epoch: 159 loss: 0.000188, pauc: 0.944460, paupr: 0.813411, paupr_m: 0.848520, dauc: 0.814353, daupr: 0.185502, daupr_m: 0.284295
Epoch: 169 loss: 0.000186, pauc: 0.944318, paupr: 0.814484, paupr_m: 0.848924, dauc: 0.817510, daupr: 0.192743, daupr_m: 0.292996
Epoch: 179 loss: 0.000185, pauc: 0.944220, paupr: 0.815451, paupr_m: 0.849245, dauc: 0.820414, daupr: 0.200641, daupr_m: 0.296811
Epoch: 189 loss: 0.000183, pauc: 0.944182, paupr: 0.816299, paupr_m: 0.849512, dauc: 0.823059, daupr: 0.206912, daupr_m: 0.315445
Epoch: 199 loss: 0.000182, pauc: 0.944150, paupr: 0.816994, paupr_m: 0.849747, dauc: 0.825600, daupr: 0.212808, daupr_m: 0.318943
Epoch: 209 loss: 0.000181, pauc: 0.944152, paupr: 0.817685, paupr_m: 0.850532, dauc: 0.827990, daupr: 0.219503, daupr_m: 0.316666
Epoch: 219 loss: 0.000180, pauc: 0.944079, paupr: 0.818264, paupr_m: 0.851436, dauc: 0.830130, daupr: 0.226556, daupr_m: 0.320944
Epoch: 229 loss: 0.000179, pauc: 0.944020, paupr: 0.818779, paupr_m: 0.851338, dauc: 0.832118, daupr: 0.232637, daupr_m: 0.333509
Epoch: 239 loss: 0.000178, pauc: 0.943923, paupr: 0.819324, paupr_m: 0.852209, dauc: 0.834093, daupr: 0.238011, daupr_m: 0.336527
Epoch: 249 loss: 0.000178, pauc: 0.944043, paupr: 0.819653, paupr_m: 0.852153, dauc: 0.835959, daupr: 0.242820, daupr_m: 0.345008
Epoch: 259 loss: 0.000177, pauc: 0.943816, paupr: 0.820235, paupr_m: 0.852971, dauc: 0.837659, daupr: 0.246228, daupr_m: 0.354461
Epoch: 269 loss: 0.000176, pauc: 0.943825, paupr: 0.820483, paupr_m: 0.852921, dauc: 0.839313, daupr: 0.250692, daupr_m: 0.357207
Epoch: 279 loss: 0.000176, pauc: 0.943629, paupr: 0.820757, paupr_m: 0.853346, dauc: 0.840872, daupr: 0.255899, daupr_m: 0.361062
Epoch: 289 loss: 0.000175, pauc: 0.943639, paupr: 0.820972, paupr_m: 0.853206, dauc: 0.842391, daupr: 0.259576, daupr_m: 0.363049
Epoch: 299 loss: 0.000175, pauc: 0.943637, paupr: 0.821138, paupr_m: 0.853532, dauc: 0.843810, daupr: 0.262182, daupr_m: 0.365594
Epoch: 309 loss: 0.000174, pauc: 0.943298, paupr: 0.821518, paupr_m: 0.853604, dauc: 0.845158, daupr: 0.266141, daupr_m: 0.369475
Epoch: 319 loss: 0.000174, pauc: 0.943388, paupr: 0.821554, paupr_m: 0.853717, dauc: 0.846417, daupr: 0.268790, daupr_m: 0.371634
Epoch: 329 loss: 0.000174, pauc: 0.943164, paupr: 0.822069, paupr_m: 0.853678, dauc: 0.847638, daupr: 0.271502, daupr_m: 0.376694
Epoch: 339 loss: 0.000173, pauc: 0.943246, paupr: 0.822097, paupr_m: 0.853522, dauc: 0.848812, daupr: 0.273974, daupr_m: 0.379079
Epoch: 349 loss: 0.000173, pauc: 0.943110, paupr: 0.822258, paupr_m: 0.853666, dauc: 0.849881, daupr: 0.277062, daupr_m: 0.380532
Epoch: 359 loss: 0.000172, pauc: 0.942994, paupr: 0.822398, paupr_m: 0.853509, dauc: 0.850939, daupr: 0.278783, daupr_m: 0.385084
Epoch: 369 loss: 0.000172, pauc: 0.943169, paupr: 0.822379, paupr_m: 0.853711, dauc: 0.851909, daupr: 0.280802, daupr_m: 0.389372
Epoch: 379 loss: 0.000172, pauc: 0.942829, paupr: 0.822631, paupr_m: 0.853960, dauc: 0.852850, daupr: 0.282892, daupr_m: 0.391723
Epoch: 389 loss: 0.000172, pauc: 0.942581, paupr: 0.822695, paupr_m: 0.853843, dauc: 0.853761, daupr: 0.284941, daupr_m: 0.393502
Epoch: 399 loss: 0.000172, pauc: 0.942524, paupr: 0.822665, paupr_m: 0.853943, dauc: 0.854636, daupr: 0.286161, daupr_m: 0.394115
Epoch: 409 loss: 0.000172, pauc: 0.942588, paupr: 0.822910, paupr_m: 0.854396, dauc: 0.855442, daupr: 0.288350, daupr_m: 0.397068
Epoch: 419 loss: 0.000171, pauc: 0.942582, paupr: 0.823046, paupr_m: 0.854850, dauc: 0.856212, daupr: 0.289961, daupr_m: 0.398061
Epoch: 429 loss: 0.000171, pauc: 0.942318, paupr: 0.822776, paupr_m: 0.854558, dauc: 0.857003, daupr: 0.290474, daupr_m: 0.406490
Epoch: 439 loss: 0.000171, pauc: 0.942147, paupr: 0.823086, paupr_m: 0.854861, dauc: 0.857732, daupr: 0.291424, daupr_m: 0.408780
Epoch: 449 loss: 0.000171, pauc: 0.942356, paupr: 0.823081, paupr_m: 0.854413, dauc: 0.858435, daupr: 0.292337, daupr_m: 0.413522
Epoch: 459 loss: 0.000171, pauc: 0.942242, paupr: 0.823169, paupr_m: 0.854822, dauc: 0.859140, daupr: 0.293295, daupr_m: 0.419368
Epoch: 469 loss: 0.000171, pauc: 0.942241, paupr: 0.823239, paupr_m: 0.854597, dauc: 0.859851, daupr: 0.294524, daupr_m: 0.420247
Epoch: 479 loss: 0.000170, pauc: 0.942415, paupr: 0.823150, paupr_m: 0.854537, dauc: 0.860530, daupr: 0.295331, daupr_m: 0.421425
Epoch: 489 loss: 0.000170, pauc: 0.942210, paupr: 0.823207, paupr_m: 0.854756, dauc: 0.861160, daupr: 0.296035, daupr_m: 0.422711
Epoch: 499 loss: 0.000170, pauc: 0.942097, paupr: 0.823235, paupr_m: 0.855137, dauc: 0.861726, daupr: 0.296599, daupr_m: 0.422524
Epoch: 509 loss: 0.000170, pauc: 0.942257, paupr: 0.823184, paupr_m: 0.855381, dauc: 0.862267, daupr: 0.297034, daupr_m: 0.422157
Epoch: 519 loss: 0.000170, pauc: 0.941765, paupr: 0.823505, paupr_m: 0.855250, dauc: 0.862808, daupr: 0.297948, daupr_m: 0.424102
Epoch: 529 loss: 0.000170, pauc: 0.941924, paupr: 0.823282, paupr_m: 0.855175, dauc: 0.863322, daupr: 0.298344, daupr_m: 0.424288
Epoch: 539 loss: 0.000169, pauc: 0.941911, paupr: 0.823165, paupr_m: 0.855463, dauc: 0.863832, daupr: 0.299444, daupr_m: 0.425424
Epoch: 549 loss: 0.000169, pauc: 0.941898, paupr: 0.823230, paupr_m: 0.855356, dauc: 0.864315, daupr: 0.299477, daupr_m: 0.426656
Epoch: 559 loss: 0.000169, pauc: 0.941681, paupr: 0.823341, paupr_m: 0.855506, dauc: 0.864808, daupr: 0.300093, daupr_m: 0.428317
Epoch: 569 loss: 0.000169, pauc: 0.941957, paupr: 0.823473, paupr_m: 0.855528, dauc: 0.865266, daupr: 0.300116, daupr_m: 0.428764
Epoch: 579 loss: 0.000169, pauc: 0.941532, paupr: 0.823616, paupr_m: 0.855659, dauc: 0.865700, daupr: 0.300827, daupr_m: 0.428947
Epoch: 589 loss: 0.000169, pauc: 0.941670, paupr: 0.823529, paupr_m: 0.855559, dauc: 0.866106, daupr: 0.300877, daupr_m: 0.431227
Epoch: 599 loss: 0.000169, pauc: 0.941919, paupr: 0.823719, paupr_m: 0.855632, dauc: 0.866492, daupr: 0.301053, daupr_m: 0.431624
Epoch: 609 loss: 0.000169, pauc: 0.941772, paupr: 0.823339, paupr_m: 0.855744, dauc: 0.866874, daupr: 0.301442, daupr_m: 0.431784
Epoch: 619 loss: 0.000169, pauc: 0.941637, paupr: 0.823555, paupr_m: 0.855770, dauc: 0.867222, daupr: 0.301659, daupr_m: 0.439596
Epoch: 629 loss: 0.000169, pauc: 0.941443, paupr: 0.823632, paupr_m: 0.855689, dauc: 0.867558, daupr: 0.301923, daupr_m: 0.439812
Epoch: 639 loss: 0.000169, pauc: 0.941601, paupr: 0.823413, paupr_m: 0.855890, dauc: 0.867912, daupr: 0.301757, daupr_m: 0.441191
Epoch: 649 loss: 0.000169, pauc: 0.941529, paupr: 0.823643, paupr_m: 0.855635, dauc: 0.868233, daupr: 0.301434, daupr_m: 0.441736
Epoch: 659 loss: 0.000168, pauc: 0.941420, paupr: 0.823519, paupr_m: 0.855797, dauc: 0.868527, daupr: 0.301473, daupr_m: 0.438779
Epoch: 669 loss: 0.000169, pauc: 0.941450, paupr: 0.823410, paupr_m: 0.856016, dauc: 0.868803, daupr: 0.301184, daupr_m: 0.441526
Epoch: 679 loss: 0.000168, pauc: 0.941379, paupr: 0.823756, paupr_m: 0.856066, dauc: 0.869070, daupr: 0.301771, daupr_m: 0.442030
Epoch: 689 loss: 0.000168, pauc: 0.941564, paupr: 0.823644, paupr_m: 0.856160, dauc: 0.869303, daupr: 0.302281, daupr_m: 0.443100
Epoch: 699 loss: 0.000168, pauc: 0.940919, paupr: 0.823357, paupr_m: 0.855749, dauc: 0.869532, daupr: 0.302123, daupr_m: 0.443897
Epoch: 709 loss: 0.000168, pauc: 0.940611, paupr: 0.823427, paupr_m: 0.855873, dauc: 0.869752, daupr: 0.302073, daupr_m: 0.443952
Epoch: 719 loss: 0.000168, pauc: 0.940763, paupr: 0.823669, paupr_m: 0.855980, dauc: 0.869949, daupr: 0.302438, daupr_m: 0.444376
Epoch: 729 loss: 0.000168, pauc: 0.941021, paupr: 0.823420, paupr_m: 0.855966, dauc: 0.870155, daupr: 0.302129, daupr_m: 0.444270
Epoch: 739 loss: 0.000168, pauc: 0.941203, paupr: 0.823633, paupr_m: 0.855945, dauc: 0.870399, daupr: 0.302104, daupr_m: 0.444871
Epoch: 749 loss: 0.000168, pauc: 0.940775, paupr: 0.823938, paupr_m: 0.856018, dauc: 0.870594, daupr: 0.302177, daupr_m: 0.444972
Epoch: 759 loss: 0.000168, pauc: 0.941010, paupr: 0.823528, paupr_m: 0.855866, dauc: 0.870791, daupr: 0.301791, daupr_m: 0.445443
Epoch: 769 loss: 0.000168, pauc: 0.940647, paupr: 0.823899, paupr_m: 0.856451, dauc: 0.870984, daupr: 0.301738, daupr_m: 0.445634
Epoch: 779 loss: 0.000168, pauc: 0.940804, paupr: 0.823819, paupr_m: 0.855963, dauc: 0.871158, daupr: 0.301970, daupr_m: 0.445771
Epoch: 789 loss: 0.000168, pauc: 0.941064, paupr: 0.823942, paupr_m: 0.855812, dauc: 0.871325, daupr: 0.301724, daupr_m: 0.446619
Epoch: 799 loss: 0.000168, pauc: 0.940496, paupr: 0.823962, paupr_m: 0.855788, dauc: 0.871494, daupr: 0.301568, daupr_m: 0.447334
Epoch: 809 loss: 0.000168, pauc: 0.940486, paupr: 0.823410, paupr_m: 0.855502, dauc: 0.871648, daupr: 0.301356, daupr_m: 0.446900
Epoch: 819 loss: 0.000168, pauc: 0.940925, paupr: 0.824181, paupr_m: 0.855881, dauc: 0.871823, daupr: 0.301447, daupr_m: 0.447261
Epoch: 829 loss: 0.000168, pauc: 0.940794, paupr: 0.823832, paupr_m: 0.856448, dauc: 0.871999, daupr: 0.301123, daupr_m: 0.447304
Epoch: 839 loss: 0.000167, pauc: 0.940779, paupr: 0.824030, paupr_m: 0.856407, dauc: 0.872180, daupr: 0.300789, daupr_m: 0.447403
Epoch: 849 loss: 0.000168, pauc: 0.941050, paupr: 0.823982, paupr_m: 0.856087, dauc: 0.872321, daupr: 0.301004, daupr_m: 0.447337
Epoch: 859 loss: 0.000168, pauc: 0.940757, paupr: 0.824074, paupr_m: 0.855908, dauc: 0.872474, daupr: 0.300716, daupr_m: 0.455066
Epoch: 869 loss: 0.000167, pauc: 0.940266, paupr: 0.823912, paupr_m: 0.856544, dauc: 0.872623, daupr: 0.300485, daupr_m: 0.455293
Epoch: 879 loss: 0.000168, pauc: 0.940304, paupr: 0.824070, paupr_m: 0.856491, dauc: 0.872787, daupr: 0.300071, daupr_m: 0.455341
Epoch: 889 loss: 0.000167, pauc: 0.940667, paupr: 0.824214, paupr_m: 0.856190, dauc: 0.872921, daupr: 0.299735, daupr_m: 0.455394
Epoch: 899 loss: 0.000168, pauc: 0.940804, paupr: 0.824074, paupr_m: 0.856191, dauc: 0.873053, daupr: 0.299289, daupr_m: 0.449065
Epoch: 909 loss: 0.000168, pauc: 0.940696, paupr: 0.824417, paupr_m: 0.856859, dauc: 0.873200, daupr: 0.298675, daupr_m: 0.449245
Epoch: 919 loss: 0.000167, pauc: 0.940480, paupr: 0.824206, paupr_m: 0.856464, dauc: 0.873334, daupr: 0.298368, daupr_m: 0.450384
Epoch: 929 loss: 0.000167, pauc: 0.939995, paupr: 0.824107, paupr_m: 0.856072, dauc: 0.873445, daupr: 0.298553, daupr_m: 0.450358
Epoch: 939 loss: 0.000167, pauc: 0.940557, paupr: 0.824225, paupr_m: 0.856584, dauc: 0.873580, daupr: 0.298224, daupr_m: 0.451650
Epoch: 949 loss: 0.000167, pauc: 0.940420, paupr: 0.824377, paupr_m: 0.856604, dauc: 0.873700, daupr: 0.297966, daupr_m: 0.451780
Epoch: 959 loss: 0.000167, pauc: 0.940359, paupr: 0.824103, paupr_m: 0.856283, dauc: 0.873795, daupr: 0.297928, daupr_m: 0.452457
Epoch: 969 loss: 0.000167, pauc: 0.940267, paupr: 0.824439, paupr_m: 0.856042, dauc: 0.873868, daupr: 0.298076, daupr_m: 0.452486
Epoch: 979 loss: 0.000167, pauc: 0.940586, paupr: 0.824653, paupr_m: 0.856539, dauc: 0.873945, daupr: 0.297584, daupr_m: 0.453680
Epoch: 989 loss: 0.000167, pauc: 0.940157, paupr: 0.824531, paupr_m: 0.855572, dauc: 0.874009, daupr: 0.297508, daupr_m: 0.455721
Epoch: 999 loss: 0.000167, pauc: 0.940284, paupr: 0.824782, paupr_m: 0.856521, dauc: 0.874085, daupr: 0.297487, daupr_m: 0.457896
