{'epoch': 1000, 'lr': 4e-05, 'wd': 8e-07, 'sim_threshold': 0.5, 'loss_p_weight': 0.998, 'loss_d_weight': 0.95, 'loss_weight': 0.0002, 'a1': 1e-09, 'a2': 1e-09, 'dropout': 0.15, 'graph_dropout': 0.1, 'fr_dim': [4096, [1512, 1024], [5603, 2048]], 'fd_dim': [2048, [1512, 1024], [5603, 2048]]}
Epoch: 9 loss: 0.000585, pauc: 0.947002, paupr: 0.053486, paupr_m: 0.109691, dauc: 0.779718, daupr: 0.228555, daupr_m: 0.249361
Epoch: 19 loss: 0.000444, pauc: 0.953526, paupr: 0.072722, paupr_m: 0.158714, dauc: 0.849233, daupr: 0.341153, daupr_m: 0.374336
Epoch: 29 loss: 0.000354, pauc: 0.950995, paupr: 0.127292, paupr_m: 0.212442, dauc: 0.875718, daupr: 0.374937, daupr_m: 0.415342
Epoch: 39 loss: 0.000285, pauc: 0.962257, paupr: 0.121460, paupr_m: 0.244437, dauc: 0.891420, daupr: 0.391979, daupr_m: 0.428954
Epoch: 49 loss: 0.000230, pauc: 0.950820, paupr: 0.152192, paupr_m: 0.250645, dauc: 0.899772, daupr: 0.392735, daupr_m: 0.429070
Epoch: 59 loss: 0.000187, pauc: 0.959309, paupr: 0.206850, paupr_m: 0.297769, dauc: 0.904395, daupr: 0.379918, daupr_m: 0.414728
Epoch: 69 loss: 0.000154, pauc: 0.964162, paupr: 0.262072, paupr_m: 0.328716, dauc: 0.907452, daupr: 0.372903, daupr_m: 0.403699
Epoch: 79 loss: 0.000128, pauc: 0.967513, paupr: 0.284126, paupr_m: 0.348628, dauc: 0.909051, daupr: 0.366035, daupr_m: 0.396112
Epoch: 89 loss: 0.000109, pauc: 0.954117, paupr: 0.336677, paupr_m: 0.380816, dauc: 0.912249, daupr: 0.376933, daupr_m: 0.409075
Epoch: 99 loss: 0.000093, pauc: 0.954643, paupr: 0.339556, paupr_m: 0.402829, dauc: 0.913044, daupr: 0.384913, daupr_m: 0.408960
Epoch: 109 loss: 0.000081, pauc: 0.953608, paupr: 0.366581, paupr_m: 0.406820, dauc: 0.913836, daupr: 0.376512, daupr_m: 0.408596
Epoch: 119 loss: 0.000072, pauc: 0.955325, paupr: 0.387160, paupr_m: 0.406927, dauc: 0.914920, daupr: 0.384517, daupr_m: 0.411172
Epoch: 129 loss: 0.000065, pauc: 0.953548, paupr: 0.372409, paupr_m: 0.436324, dauc: 0.915529, daupr: 0.384446, daupr_m: 0.411669
Epoch: 139 loss: 0.000060, pauc: 0.963516, paupr: 0.429167, paupr_m: 0.450960, dauc: 0.915934, daupr: 0.380294, daupr_m: 0.418116
Epoch: 149 loss: 0.000054, pauc: 0.961598, paupr: 0.398116, paupr_m: 0.449098, dauc: 0.916192, daupr: 0.384641, daupr_m: 0.412924
Epoch: 159 loss: 0.000050, pauc: 0.951400, paupr: 0.416946, paupr_m: 0.456747, dauc: 0.917341, daupr: 0.391777, daupr_m: 0.422007
Epoch: 169 loss: 0.000047, pauc: 0.953119, paupr: 0.443629, paupr_m: 0.457581, dauc: 0.917165, daupr: 0.384881, daupr_m: 0.417123
Epoch: 179 loss: 0.000044, pauc: 0.956502, paupr: 0.454891, paupr_m: 0.464486, dauc: 0.917457, daupr: 0.382815, daupr_m: 0.410542
Epoch: 189 loss: 0.000041, pauc: 0.956375, paupr: 0.482857, paupr_m: 0.494367, dauc: 0.917579, daupr: 0.384106, daupr_m: 0.417793
Epoch: 199 loss: 0.000039, pauc: 0.958376, paupr: 0.473422, paupr_m: 0.497822, dauc: 0.917922, daupr: 0.385273, daupr_m: 0.416433
Epoch: 209 loss: 0.000037, pauc: 0.957356, paupr: 0.482937, paupr_m: 0.489290, dauc: 0.917572, daupr: 0.382569, daupr_m: 0.416883
Epoch: 219 loss: 0.000037, pauc: 0.952964, paupr: 0.485209, paupr_m: 0.489590, dauc: 0.919362, daupr: 0.394308, daupr_m: 0.416916
Epoch: 229 loss: 0.000035, pauc: 0.961074, paupr: 0.490655, paupr_m: 0.468571, dauc: 0.918311, daupr: 0.390763, daupr_m: 0.421030
Epoch: 239 loss: 0.000033, pauc: 0.952033, paupr: 0.483827, paupr_m: 0.487470, dauc: 0.918471, daupr: 0.387364, daupr_m: 0.426485
Epoch: 249 loss: 0.000032, pauc: 0.961753, paupr: 0.489984, paupr_m: 0.513854, dauc: 0.918232, daupr: 0.386961, daupr_m: 0.428606
Epoch: 259 loss: 0.000032, pauc: 0.948853, paupr: 0.512146, paupr_m: 0.514995, dauc: 0.918733, daupr: 0.393349, daupr_m: 0.426321
Epoch: 269 loss: 0.000030, pauc: 0.952191, paupr: 0.493924, paupr_m: 0.517227, dauc: 0.918652, daupr: 0.386795, daupr_m: 0.423675
Epoch: 279 loss: 0.000030, pauc: 0.949365, paupr: 0.520768, paupr_m: 0.543950, dauc: 0.919532, daupr: 0.399506, daupr_m: 0.430371
Epoch: 289 loss: 0.000030, pauc: 0.954805, paupr: 0.486181, paupr_m: 0.510153, dauc: 0.918916, daupr: 0.389784, daupr_m: 0.428142
Epoch: 299 loss: 0.000029, pauc: 0.955849, paupr: 0.517933, paupr_m: 0.529416, dauc: 0.919396, daupr: 0.391492, daupr_m: 0.427139
Epoch: 309 loss: 0.000028, pauc: 0.960828, paupr: 0.490849, paupr_m: 0.518884, dauc: 0.919355, daupr: 0.391436, daupr_m: 0.424713
Epoch: 319 loss: 0.000027, pauc: 0.956982, paupr: 0.514995, paupr_m: 0.509362, dauc: 0.919624, daupr: 0.398736, daupr_m: 0.432448
Epoch: 329 loss: 0.000028, pauc: 0.948318, paupr: 0.504730, paupr_m: 0.516065, dauc: 0.919627, daupr: 0.394477, daupr_m: 0.427339
Epoch: 339 loss: 0.000027, pauc: 0.957623, paupr: 0.519117, paupr_m: 0.557608, dauc: 0.919734, daupr: 0.397504, daupr_m: 0.430728
Epoch: 349 loss: 0.000026, pauc: 0.951279, paupr: 0.510028, paupr_m: 0.545421, dauc: 0.919754, daupr: 0.390926, daupr_m: 0.427342
Epoch: 359 loss: 0.000026, pauc: 0.951216, paupr: 0.515281, paupr_m: 0.531271, dauc: 0.919871, daupr: 0.399378, daupr_m: 0.430501
Epoch: 369 loss: 0.000026, pauc: 0.951667, paupr: 0.527715, paupr_m: 0.531662, dauc: 0.920162, daupr: 0.400392, daupr_m: 0.432473
Epoch: 379 loss: 0.000025, pauc: 0.956899, paupr: 0.515160, paupr_m: 0.530926, dauc: 0.920331, daupr: 0.395431, daupr_m: 0.435963
Epoch: 389 loss: 0.000025, pauc: 0.957953, paupr: 0.531683, paupr_m: 0.530581, dauc: 0.920307, daupr: 0.395906, daupr_m: 0.430175
Epoch: 399 loss: 0.000026, pauc: 0.949463, paupr: 0.531306, paupr_m: 0.532970, dauc: 0.919934, daupr: 0.388839, daupr_m: 0.431759
Epoch: 409 loss: 0.000025, pauc: 0.954031, paupr: 0.527242, paupr_m: 0.540823, dauc: 0.920452, daupr: 0.401069, daupr_m: 0.441422
Epoch: 419 loss: 0.000024, pauc: 0.954226, paupr: 0.522993, paupr_m: 0.539319, dauc: 0.920750, daupr: 0.401494, daupr_m: 0.433059
Epoch: 429 loss: 0.000024, pauc: 0.946495, paupr: 0.523222, paupr_m: 0.532386, dauc: 0.920033, daupr: 0.393068, daupr_m: 0.433841
Epoch: 439 loss: 0.000024, pauc: 0.940378, paupr: 0.536812, paupr_m: 0.557043, dauc: 0.920549, daupr: 0.395120, daupr_m: 0.433666
Epoch: 449 loss: 0.000024, pauc: 0.955426, paupr: 0.517776, paupr_m: 0.531158, dauc: 0.920443, daupr: 0.401547, daupr_m: 0.441695
Epoch: 459 loss: 0.000023, pauc: 0.955033, paupr: 0.537056, paupr_m: 0.539214, dauc: 0.920832, daupr: 0.400254, daupr_m: 0.441862
Epoch: 469 loss: 0.000024, pauc: 0.950550, paupr: 0.535203, paupr_m: 0.557409, dauc: 0.920786, daupr: 0.402734, daupr_m: 0.441145
Epoch: 479 loss: 0.000024, pauc: 0.947830, paupr: 0.539730, paupr_m: 0.563120, dauc: 0.921188, daupr: 0.408061, daupr_m: 0.443637
Epoch: 489 loss: 0.000023, pauc: 0.950098, paupr: 0.530110, paupr_m: 0.531299, dauc: 0.920685, daupr: 0.407696, daupr_m: 0.447739
Epoch: 499 loss: 0.000023, pauc: 0.961348, paupr: 0.532687, paupr_m: 0.549971, dauc: 0.921032, daupr: 0.411506, daupr_m: 0.437925
Epoch: 509 loss: 0.000023, pauc: 0.959873, paupr: 0.538665, paupr_m: 0.541787, dauc: 0.921453, daupr: 0.409621, daupr_m: 0.443022
Epoch: 519 loss: 0.000022, pauc: 0.959840, paupr: 0.538161, paupr_m: 0.535235, dauc: 0.921285, daupr: 0.404167, daupr_m: 0.444045
Epoch: 529 loss: 0.000022, pauc: 0.946145, paupr: 0.538174, paupr_m: 0.538139, dauc: 0.921278, daupr: 0.401994, daupr_m: 0.443065
Epoch: 539 loss: 0.000022, pauc: 0.956410, paupr: 0.535461, paupr_m: 0.560034, dauc: 0.921766, daupr: 0.411356, daupr_m: 0.445756
Epoch: 549 loss: 0.000022, pauc: 0.954107, paupr: 0.540644, paupr_m: 0.541558, dauc: 0.920933, daupr: 0.402686, daupr_m: 0.438694
Epoch: 559 loss: 0.000022, pauc: 0.955477, paupr: 0.540480, paupr_m: 0.556914, dauc: 0.921653, daupr: 0.411146, daupr_m: 0.442780
Epoch: 569 loss: 0.000022, pauc: 0.950518, paupr: 0.551709, paupr_m: 0.558662, dauc: 0.921698, daupr: 0.415172, daupr_m: 0.449665
Epoch: 579 loss: 0.000021, pauc: 0.954635, paupr: 0.545787, paupr_m: 0.525452, dauc: 0.922025, daupr: 0.415819, daupr_m: 0.445760
Epoch: 589 loss: 0.000022, pauc: 0.953587, paupr: 0.550900, paupr_m: 0.549697, dauc: 0.922031, daupr: 0.416648, daupr_m: 0.447837
Epoch: 599 loss: 0.000022, pauc: 0.956307, paupr: 0.544699, paupr_m: 0.546377, dauc: 0.921212, daupr: 0.398228, daupr_m: 0.444913
Epoch: 609 loss: 0.000021, pauc: 0.953647, paupr: 0.536641, paupr_m: 0.561337, dauc: 0.921734, daupr: 0.407603, daupr_m: 0.447766
Epoch: 619 loss: 0.000021, pauc: 0.945447, paupr: 0.549235, paupr_m: 0.542644, dauc: 0.921573, daupr: 0.407496, daupr_m: 0.446461
Epoch: 629 loss: 0.000021, pauc: 0.952604, paupr: 0.561956, paupr_m: 0.558545, dauc: 0.921796, daupr: 0.411700, daupr_m: 0.448113
Epoch: 639 loss: 0.000021, pauc: 0.961123, paupr: 0.554340, paupr_m: 0.547993, dauc: 0.921502, daupr: 0.409685, daupr_m: 0.449720
Epoch: 649 loss: 0.000021, pauc: 0.965978, paupr: 0.549035, paupr_m: 0.553548, dauc: 0.921402, daupr: 0.406713, daupr_m: 0.453124
Epoch: 659 loss: 0.000021, pauc: 0.951021, paupr: 0.542670, paupr_m: 0.546028, dauc: 0.922159, daupr: 0.417974, daupr_m: 0.448588
Epoch: 669 loss: 0.000021, pauc: 0.955359, paupr: 0.556629, paupr_m: 0.556369, dauc: 0.920836, daupr: 0.396664, daupr_m: 0.448239
Epoch: 679 loss: 0.000021, pauc: 0.962671, paupr: 0.543296, paupr_m: 0.575347, dauc: 0.921394, daupr: 0.406173, daupr_m: 0.448536
Epoch: 689 loss: 0.000020, pauc: 0.947746, paupr: 0.552654, paupr_m: 0.570138, dauc: 0.921902, daupr: 0.415698, daupr_m: 0.446893
Epoch: 699 loss: 0.000020, pauc: 0.952078, paupr: 0.540566, paupr_m: 0.559452, dauc: 0.922060, daupr: 0.416246, daupr_m: 0.452300
Epoch: 709 loss: 0.000020, pauc: 0.955239, paupr: 0.560478, paupr_m: 0.572636, dauc: 0.921950, daupr: 0.418747, daupr_m: 0.454234
Epoch: 719 loss: 0.000020, pauc: 0.959634, paupr: 0.542719, paupr_m: 0.552142, dauc: 0.921913, daupr: 0.414776, daupr_m: 0.453895
Epoch: 729 loss: 0.000021, pauc: 0.940073, paupr: 0.543564, paupr_m: 0.557766, dauc: 0.921983, daupr: 0.421057, daupr_m: 0.453484
Epoch: 739 loss: 0.000021, pauc: 0.960064, paupr: 0.540637, paupr_m: 0.567311, dauc: 0.921232, daupr: 0.402989, daupr_m: 0.453487
Epoch: 749 loss: 0.000021, pauc: 0.953352, paupr: 0.545505, paupr_m: 0.556820, dauc: 0.921734, daupr: 0.411208, daupr_m: 0.456772
Epoch: 759 loss: 0.000020, pauc: 0.956874, paupr: 0.549598, paupr_m: 0.545458, dauc: 0.922202, daupr: 0.419636, daupr_m: 0.458080
Epoch: 769 loss: 0.000020, pauc: 0.955579, paupr: 0.549324, paupr_m: 0.548893, dauc: 0.922520, daupr: 0.419257, daupr_m: 0.454571
Epoch: 779 loss: 0.000020, pauc: 0.961094, paupr: 0.554240, paupr_m: 0.549956, dauc: 0.921247, daupr: 0.401769, daupr_m: 0.456003
Epoch: 789 loss: 0.000020, pauc: 0.960911, paupr: 0.549717, paupr_m: 0.553365, dauc: 0.921343, daupr: 0.406868, daupr_m: 0.455231
Epoch: 799 loss: 0.000020, pauc: 0.953272, paupr: 0.550595, paupr_m: 0.558567, dauc: 0.921873, daupr: 0.412557, daupr_m: 0.460883
Epoch: 809 loss: 0.000020, pauc: 0.952565, paupr: 0.548161, paupr_m: 0.556637, dauc: 0.922074, daupr: 0.417580, daupr_m: 0.458322
Epoch: 819 loss: 0.000020, pauc: 0.950895, paupr: 0.558474, paupr_m: 0.571342, dauc: 0.922164, daupr: 0.411462, daupr_m: 0.460042
Epoch: 829 loss: 0.000020, pauc: 0.954598, paupr: 0.555403, paupr_m: 0.572453, dauc: 0.921993, daupr: 0.416348, daupr_m: 0.458532
Epoch: 839 loss: 0.000019, pauc: 0.962476, paupr: 0.554749, paupr_m: 0.564557, dauc: 0.921523, daupr: 0.406222, daupr_m: 0.456112
Epoch: 849 loss: 0.000019, pauc: 0.950775, paupr: 0.560941, paupr_m: 0.569036, dauc: 0.921874, daupr: 0.410314, daupr_m: 0.462085
Epoch: 859 loss: 0.000019, pauc: 0.952743, paupr: 0.548802, paupr_m: 0.557870, dauc: 0.921429, daupr: 0.401146, daupr_m: 0.464135
Epoch: 869 loss: 0.000019, pauc: 0.959431, paupr: 0.565703, paupr_m: 0.581867, dauc: 0.921787, daupr: 0.408701, daupr_m: 0.462594
Epoch: 879 loss: 0.000020, pauc: 0.956166, paupr: 0.553031, paupr_m: 0.548537, dauc: 0.922307, daupr: 0.422739, daupr_m: 0.462779
Epoch: 889 loss: 0.000019, pauc: 0.951970, paupr: 0.554833, paupr_m: 0.580576, dauc: 0.922475, daupr: 0.419491, daupr_m: 0.457363
Epoch: 899 loss: 0.000020, pauc: 0.958925, paupr: 0.545354, paupr_m: 0.568548, dauc: 0.922533, daupr: 0.425350, daupr_m: 0.461460
Epoch: 909 loss: 0.000020, pauc: 0.962695, paupr: 0.555088, paupr_m: 0.537051, dauc: 0.922415, daupr: 0.415571, daupr_m: 0.462843
Epoch: 919 loss: 0.000019, pauc: 0.960427, paupr: 0.544581, paupr_m: 0.568897, dauc: 0.922663, daupr: 0.424322, daupr_m: 0.462485
Epoch: 929 loss: 0.000019, pauc: 0.954427, paupr: 0.544279, paupr_m: 0.558862, dauc: 0.921466, daupr: 0.402739, daupr_m: 0.463095
Epoch: 939 loss: 0.000020, pauc: 0.954366, paupr: 0.560725, paupr_m: 0.578560, dauc: 0.922016, daupr: 0.407169, daupr_m: 0.465214
Epoch: 949 loss: 0.000019, pauc: 0.951977, paupr: 0.541811, paupr_m: 0.548262, dauc: 0.921729, daupr: 0.408758, daupr_m: 0.465964
Epoch: 959 loss: 0.000019, pauc: 0.958566, paupr: 0.547011, paupr_m: 0.566281, dauc: 0.922251, daupr: 0.417133, daupr_m: 0.461053
Epoch: 969 loss: 0.000019, pauc: 0.958277, paupr: 0.553139, paupr_m: 0.563643, dauc: 0.922175, daupr: 0.423159, daupr_m: 0.467240
Epoch: 979 loss: 0.000019, pauc: 0.957115, paupr: 0.540832, paupr_m: 0.560493, dauc: 0.922158, daupr: 0.415685, daupr_m: 0.463652
Epoch: 989 loss: 0.000019, pauc: 0.957363, paupr: 0.554686, paupr_m: 0.543786, dauc: 0.921688, daupr: 0.403997, daupr_m: 0.463606
Epoch: 999 loss: 0.000019, pauc: 0.953159, paupr: 0.554339, paupr_m: 0.586543, dauc: 0.921937, daupr: 0.408452, daupr_m: 0.461612
Epoch: 9 loss: 0.000592, pauc: 0.868015, paupr: 0.021668, paupr_m: 0.058357, dauc: 0.750211, daupr: 0.196285, daupr_m: 0.237923
Epoch: 19 loss: 0.000452, pauc: 0.881200, paupr: 0.048901, paupr_m: 0.120300, dauc: 0.808132, daupr: 0.282185, daupr_m: 0.342618
Epoch: 29 loss: 0.000364, pauc: 0.884101, paupr: 0.072151, paupr_m: 0.156585, dauc: 0.831712, daupr: 0.308678, daupr_m: 0.371485
Epoch: 39 loss: 0.000294, pauc: 0.889144, paupr: 0.079056, paupr_m: 0.180565, dauc: 0.845250, daupr: 0.312505, daupr_m: 0.380283
Epoch: 49 loss: 0.000238, pauc: 0.880446, paupr: 0.118890, paupr_m: 0.196289, dauc: 0.855159, daupr: 0.316233, daupr_m: 0.387844
Epoch: 59 loss: 0.000196, pauc: 0.891683, paupr: 0.145834, paupr_m: 0.249862, dauc: 0.860911, daupr: 0.309709, daupr_m: 0.369637
Epoch: 69 loss: 0.000163, pauc: 0.887163, paupr: 0.210460, paupr_m: 0.288817, dauc: 0.864980, daupr: 0.301862, daupr_m: 0.354007
Epoch: 79 loss: 0.000137, pauc: 0.892895, paupr: 0.259663, paupr_m: 0.338338, dauc: 0.868483, daupr: 0.310706, daupr_m: 0.361892
Epoch: 89 loss: 0.000116, pauc: 0.898195, paupr: 0.274639, paupr_m: 0.314599, dauc: 0.870864, daupr: 0.314591, daupr_m: 0.362699
Epoch: 99 loss: 0.000100, pauc: 0.891280, paupr: 0.328818, paupr_m: 0.349052, dauc: 0.871620, daupr: 0.310693, daupr_m: 0.365997
Epoch: 109 loss: 0.000088, pauc: 0.895913, paupr: 0.305836, paupr_m: 0.355163, dauc: 0.872566, daupr: 0.310301, daupr_m: 0.371734
Epoch: 119 loss: 0.000077, pauc: 0.895946, paupr: 0.308236, paupr_m: 0.363579, dauc: 0.875418, daupr: 0.318064, daupr_m: 0.362646
Epoch: 129 loss: 0.000070, pauc: 0.891719, paupr: 0.321357, paupr_m: 0.364699, dauc: 0.875017, daupr: 0.314366, daupr_m: 0.365152
Epoch: 139 loss: 0.000064, pauc: 0.907260, paupr: 0.333479, paupr_m: 0.389989, dauc: 0.875574, daupr: 0.313914, daupr_m: 0.367443
Epoch: 149 loss: 0.000058, pauc: 0.899610, paupr: 0.347084, paupr_m: 0.370154, dauc: 0.877381, daupr: 0.317636, daupr_m: 0.370054
Epoch: 159 loss: 0.000053, pauc: 0.887888, paupr: 0.338748, paupr_m: 0.385561, dauc: 0.877070, daupr: 0.311363, daupr_m: 0.369646
Epoch: 169 loss: 0.000049, pauc: 0.897021, paupr: 0.341976, paupr_m: 0.404139, dauc: 0.878837, daupr: 0.321858, daupr_m: 0.371240
Epoch: 179 loss: 0.000046, pauc: 0.894200, paupr: 0.347603, paupr_m: 0.409753, dauc: 0.876773, daupr: 0.314978, daupr_m: 0.375596
Epoch: 189 loss: 0.000044, pauc: 0.896661, paupr: 0.351569, paupr_m: 0.428726, dauc: 0.878092, daupr: 0.317534, daupr_m: 0.375406
Epoch: 199 loss: 0.000043, pauc: 0.890557, paupr: 0.368184, paupr_m: 0.411975, dauc: 0.878612, daupr: 0.315559, daupr_m: 0.372517
Epoch: 209 loss: 0.000040, pauc: 0.878718, paupr: 0.367232, paupr_m: 0.427041, dauc: 0.879679, daupr: 0.321766, daupr_m: 0.374961
Epoch: 219 loss: 0.000039, pauc: 0.889415, paupr: 0.351266, paupr_m: 0.430905, dauc: 0.878529, daupr: 0.315678, daupr_m: 0.380072
Epoch: 229 loss: 0.000037, pauc: 0.877459, paupr: 0.369925, paupr_m: 0.416107, dauc: 0.879334, daupr: 0.318528, daupr_m: 0.376138
Epoch: 239 loss: 0.000035, pauc: 0.891272, paupr: 0.370868, paupr_m: 0.452449, dauc: 0.879588, daupr: 0.317112, daupr_m: 0.377420
Epoch: 249 loss: 0.000035, pauc: 0.874853, paupr: 0.382265, paupr_m: 0.440765, dauc: 0.880125, daupr: 0.323337, daupr_m: 0.379875
Epoch: 259 loss: 0.000034, pauc: 0.890407, paupr: 0.379622, paupr_m: 0.445035, dauc: 0.881270, daupr: 0.326830, daupr_m: 0.378994
Epoch: 269 loss: 0.000033, pauc: 0.889583, paupr: 0.386573, paupr_m: 0.448526, dauc: 0.881725, daupr: 0.330230, daupr_m: 0.382832
Epoch: 279 loss: 0.000032, pauc: 0.889438, paupr: 0.393616, paupr_m: 0.433431, dauc: 0.881366, daupr: 0.327462, daupr_m: 0.379751
Epoch: 289 loss: 0.000031, pauc: 0.880658, paupr: 0.389892, paupr_m: 0.441597, dauc: 0.881560, daupr: 0.328268, daupr_m: 0.391321
Epoch: 299 loss: 0.000030, pauc: 0.887028, paupr: 0.385040, paupr_m: 0.456119, dauc: 0.880783, daupr: 0.321255, daupr_m: 0.382516
Epoch: 309 loss: 0.000030, pauc: 0.897085, paupr: 0.384117, paupr_m: 0.458074, dauc: 0.880914, daupr: 0.317840, daupr_m: 0.378951
Epoch: 319 loss: 0.000029, pauc: 0.904013, paupr: 0.395395, paupr_m: 0.446887, dauc: 0.881867, daupr: 0.325539, daupr_m: 0.378848
Epoch: 329 loss: 0.000028, pauc: 0.906868, paupr: 0.399117, paupr_m: 0.444180, dauc: 0.881754, daupr: 0.326933, daupr_m: 0.387649
Epoch: 339 loss: 0.000028, pauc: 0.894101, paupr: 0.402419, paupr_m: 0.456005, dauc: 0.882111, daupr: 0.329377, daupr_m: 0.385582
Epoch: 349 loss: 0.000029, pauc: 0.879757, paupr: 0.398432, paupr_m: 0.470098, dauc: 0.881957, daupr: 0.319810, daupr_m: 0.391469
Epoch: 359 loss: 0.000027, pauc: 0.887214, paupr: 0.400030, paupr_m: 0.462921, dauc: 0.883128, daupr: 0.329445, daupr_m: 0.390574
Epoch: 369 loss: 0.000027, pauc: 0.899844, paupr: 0.406372, paupr_m: 0.471514, dauc: 0.882386, daupr: 0.325419, daupr_m: 0.384888
Epoch: 379 loss: 0.000027, pauc: 0.906290, paupr: 0.402959, paupr_m: 0.462731, dauc: 0.881782, daupr: 0.319861, daupr_m: 0.400548
Epoch: 389 loss: 0.000026, pauc: 0.889160, paupr: 0.397101, paupr_m: 0.458947, dauc: 0.882580, daupr: 0.328704, daupr_m: 0.388323
Epoch: 399 loss: 0.000027, pauc: 0.888373, paupr: 0.395199, paupr_m: 0.480710, dauc: 0.882896, daupr: 0.322647, daupr_m: 0.387471
Epoch: 409 loss: 0.000026, pauc: 0.895554, paupr: 0.424133, paupr_m: 0.488214, dauc: 0.882767, daupr: 0.327388, daupr_m: 0.388078
Epoch: 419 loss: 0.000026, pauc: 0.895359, paupr: 0.412582, paupr_m: 0.470502, dauc: 0.883397, daupr: 0.328053, daupr_m: 0.395057
Epoch: 429 loss: 0.000025, pauc: 0.891153, paupr: 0.409358, paupr_m: 0.474246, dauc: 0.882455, daupr: 0.321055, daupr_m: 0.387766
Epoch: 439 loss: 0.000025, pauc: 0.897861, paupr: 0.408313, paupr_m: 0.471146, dauc: 0.883186, daupr: 0.328451, daupr_m: 0.388975
Epoch: 449 loss: 0.000025, pauc: 0.885543, paupr: 0.409560, paupr_m: 0.460061, dauc: 0.882510, daupr: 0.323221, daupr_m: 0.389423
Epoch: 459 loss: 0.000024, pauc: 0.894183, paupr: 0.417638, paupr_m: 0.465418, dauc: 0.883047, daupr: 0.329070, daupr_m: 0.396211
Epoch: 469 loss: 0.000024, pauc: 0.907185, paupr: 0.418178, paupr_m: 0.467691, dauc: 0.882441, daupr: 0.319838, daupr_m: 0.396936
Epoch: 479 loss: 0.000024, pauc: 0.886578, paupr: 0.400582, paupr_m: 0.458553, dauc: 0.883332, daupr: 0.327223, daupr_m: 0.393901
Epoch: 489 loss: 0.000024, pauc: 0.898320, paupr: 0.414142, paupr_m: 0.459933, dauc: 0.882335, daupr: 0.321393, daupr_m: 0.395748
Epoch: 499 loss: 0.000023, pauc: 0.892512, paupr: 0.410790, paupr_m: 0.466085, dauc: 0.883587, daupr: 0.324673, daupr_m: 0.396576
Epoch: 509 loss: 0.000023, pauc: 0.903953, paupr: 0.407238, paupr_m: 0.470948, dauc: 0.882671, daupr: 0.318730, daupr_m: 0.397189
Epoch: 519 loss: 0.000023, pauc: 0.892013, paupr: 0.396184, paupr_m: 0.457354, dauc: 0.883403, daupr: 0.328288, daupr_m: 0.396663
Epoch: 529 loss: 0.000023, pauc: 0.903645, paupr: 0.410504, paupr_m: 0.463028, dauc: 0.883386, daupr: 0.332319, daupr_m: 0.400451
Epoch: 539 loss: 0.000023, pauc: 0.890450, paupr: 0.414938, paupr_m: 0.470427, dauc: 0.883282, daupr: 0.325268, daupr_m: 0.399060
Epoch: 549 loss: 0.000023, pauc: 0.897665, paupr: 0.400695, paupr_m: 0.463579, dauc: 0.884576, daupr: 0.336666, daupr_m: 0.400780
Epoch: 559 loss: 0.000023, pauc: 0.896734, paupr: 0.422736, paupr_m: 0.467811, dauc: 0.884200, daupr: 0.330917, daupr_m: 0.402223
Epoch: 569 loss: 0.000023, pauc: 0.895450, paupr: 0.416277, paupr_m: 0.460716, dauc: 0.884971, daupr: 0.339692, daupr_m: 0.401566
Epoch: 579 loss: 0.000023, pauc: 0.905457, paupr: 0.430056, paupr_m: 0.469036, dauc: 0.883843, daupr: 0.330963, daupr_m: 0.405254
Epoch: 589 loss: 0.000022, pauc: 0.897938, paupr: 0.421115, paupr_m: 0.474451, dauc: 0.883890, daupr: 0.327721, daupr_m: 0.396968
Epoch: 599 loss: 0.000022, pauc: 0.882969, paupr: 0.413390, paupr_m: 0.470224, dauc: 0.884190, daupr: 0.329529, daupr_m: 0.405203
Epoch: 609 loss: 0.000022, pauc: 0.890420, paupr: 0.409803, paupr_m: 0.461126, dauc: 0.884549, daupr: 0.331367, daupr_m: 0.401062
Epoch: 619 loss: 0.000022, pauc: 0.899125, paupr: 0.416407, paupr_m: 0.479655, dauc: 0.884808, daupr: 0.332354, daupr_m: 0.407635
Epoch: 629 loss: 0.000022, pauc: 0.881906, paupr: 0.418876, paupr_m: 0.470263, dauc: 0.884252, daupr: 0.335591, daupr_m: 0.402572
Epoch: 639 loss: 0.000022, pauc: 0.885286, paupr: 0.426084, paupr_m: 0.488645, dauc: 0.883378, daupr: 0.330300, daupr_m: 0.404855
Epoch: 649 loss: 0.000022, pauc: 0.898783, paupr: 0.435713, paupr_m: 0.472958, dauc: 0.884252, daupr: 0.329853, daupr_m: 0.408667
Epoch: 659 loss: 0.000022, pauc: 0.887452, paupr: 0.409925, paupr_m: 0.459236, dauc: 0.884396, daupr: 0.333123, daupr_m: 0.405325
Epoch: 669 loss: 0.000022, pauc: 0.890451, paupr: 0.412672, paupr_m: 0.491238, dauc: 0.884396, daupr: 0.332612, daupr_m: 0.428071
Epoch: 679 loss: 0.000022, pauc: 0.892942, paupr: 0.413840, paupr_m: 0.490424, dauc: 0.883645, daupr: 0.320667, daupr_m: 0.404259
Epoch: 689 loss: 0.000022, pauc: 0.889539, paupr: 0.416456, paupr_m: 0.477368, dauc: 0.885186, daupr: 0.343632, daupr_m: 0.408644
Epoch: 699 loss: 0.000022, pauc: 0.886585, paupr: 0.423440, paupr_m: 0.477796, dauc: 0.885733, daupr: 0.344984, daupr_m: 0.407004
Epoch: 709 loss: 0.000021, pauc: 0.883734, paupr: 0.425174, paupr_m: 0.478016, dauc: 0.884575, daupr: 0.333487, daupr_m: 0.421674
Epoch: 719 loss: 0.000021, pauc: 0.892208, paupr: 0.433736, paupr_m: 0.480108, dauc: 0.883959, daupr: 0.327867, daupr_m: 0.408110
Epoch: 729 loss: 0.000021, pauc: 0.891090, paupr: 0.405854, paupr_m: 0.465845, dauc: 0.884103, daupr: 0.333032, daupr_m: 0.412072
Epoch: 739 loss: 0.000021, pauc: 0.899324, paupr: 0.430667, paupr_m: 0.500440, dauc: 0.884178, daupr: 0.333647, daupr_m: 0.407380
Epoch: 749 loss: 0.000021, pauc: 0.885114, paupr: 0.413885, paupr_m: 0.470702, dauc: 0.883780, daupr: 0.330919, daupr_m: 0.425017
Epoch: 759 loss: 0.000021, pauc: 0.888969, paupr: 0.410264, paupr_m: 0.472906, dauc: 0.884595, daupr: 0.336682, daupr_m: 0.411797
Epoch: 769 loss: 0.000020, pauc: 0.894386, paupr: 0.417280, paupr_m: 0.460594, dauc: 0.885417, daupr: 0.344891, daupr_m: 0.410515
Epoch: 779 loss: 0.000021, pauc: 0.878102, paupr: 0.414119, paupr_m: 0.475804, dauc: 0.884489, daupr: 0.338507, daupr_m: 0.409430
Epoch: 789 loss: 0.000021, pauc: 0.902193, paupr: 0.418242, paupr_m: 0.498254, dauc: 0.884408, daupr: 0.338079, daupr_m: 0.415766
Epoch: 799 loss: 0.000021, pauc: 0.903274, paupr: 0.435912, paupr_m: 0.487615, dauc: 0.884374, daupr: 0.328866, daupr_m: 0.412452
Epoch: 809 loss: 0.000022, pauc: 0.890530, paupr: 0.424747, paupr_m: 0.485669, dauc: 0.884779, daupr: 0.331358, daupr_m: 0.412031
Epoch: 819 loss: 0.000020, pauc: 0.898087, paupr: 0.422764, paupr_m: 0.476847, dauc: 0.884609, daupr: 0.340331, daupr_m: 0.413450
Epoch: 829 loss: 0.000021, pauc: 0.890423, paupr: 0.432884, paupr_m: 0.472590, dauc: 0.884397, daupr: 0.331812, daupr_m: 0.413092
Epoch: 839 loss: 0.000020, pauc: 0.913964, paupr: 0.428023, paupr_m: 0.492273, dauc: 0.885050, daupr: 0.335116, daupr_m: 0.413313
Epoch: 849 loss: 0.000020, pauc: 0.896875, paupr: 0.426431, paupr_m: 0.469227, dauc: 0.885079, daupr: 0.334893, daupr_m: 0.422114
Epoch: 859 loss: 0.000020, pauc: 0.904200, paupr: 0.426610, paupr_m: 0.476000, dauc: 0.884094, daupr: 0.326574, daupr_m: 0.422499
Epoch: 869 loss: 0.000020, pauc: 0.901234, paupr: 0.435101, paupr_m: 0.489214, dauc: 0.884957, daupr: 0.338223, daupr_m: 0.416283
Epoch: 879 loss: 0.000020, pauc: 0.886577, paupr: 0.429303, paupr_m: 0.496852, dauc: 0.884890, daupr: 0.330222, daupr_m: 0.412575
Epoch: 889 loss: 0.000020, pauc: 0.884245, paupr: 0.412758, paupr_m: 0.480953, dauc: 0.885326, daupr: 0.348530, daupr_m: 0.414468
Epoch: 899 loss: 0.000020, pauc: 0.923542, paupr: 0.428045, paupr_m: 0.486911, dauc: 0.884931, daupr: 0.332144, daupr_m: 0.411421
Epoch: 909 loss: 0.000020, pauc: 0.893417, paupr: 0.425353, paupr_m: 0.483283, dauc: 0.884594, daupr: 0.331997, daupr_m: 0.416968
Epoch: 919 loss: 0.000020, pauc: 0.899005, paupr: 0.425878, paupr_m: 0.463839, dauc: 0.885234, daupr: 0.338583, daupr_m: 0.416687
Epoch: 929 loss: 0.000020, pauc: 0.888120, paupr: 0.432822, paupr_m: 0.491673, dauc: 0.884254, daupr: 0.327225, daupr_m: 0.424516
Epoch: 939 loss: 0.000020, pauc: 0.893786, paupr: 0.420677, paupr_m: 0.485156, dauc: 0.885145, daupr: 0.348763, daupr_m: 0.421124
Epoch: 949 loss: 0.000020, pauc: 0.900901, paupr: 0.450430, paupr_m: 0.505364, dauc: 0.884574, daupr: 0.325674, daupr_m: 0.418584
Epoch: 959 loss: 0.000020, pauc: 0.903898, paupr: 0.426713, paupr_m: 0.479822, dauc: 0.884904, daupr: 0.341651, daupr_m: 0.421990
Epoch: 969 loss: 0.000020, pauc: 0.893738, paupr: 0.435064, paupr_m: 0.505392, dauc: 0.885315, daupr: 0.342906, daupr_m: 0.417412
Epoch: 979 loss: 0.000020, pauc: 0.884416, paupr: 0.444803, paupr_m: 0.482035, dauc: 0.884803, daupr: 0.338962, daupr_m: 0.421460
Epoch: 989 loss: 0.000020, pauc: 0.918709, paupr: 0.427900, paupr_m: 0.490199, dauc: 0.885361, daupr: 0.348912, daupr_m: 0.418733
Epoch: 999 loss: 0.000020, pauc: 0.898259, paupr: 0.420539, paupr_m: 0.494680, dauc: 0.885822, daupr: 0.344673, daupr_m: 0.420114
Epoch: 9 loss: 0.000576, pauc: 0.871985, paupr: 0.023638, paupr_m: 0.070413, dauc: 0.759523, daupr: 0.214605, daupr_m: 0.248261
Epoch: 19 loss: 0.000435, pauc: 0.869990, paupr: 0.039146, paupr_m: 0.119037, dauc: 0.824597, daupr: 0.317336, daupr_m: 0.376808
Epoch: 29 loss: 0.000352, pauc: 0.861191, paupr: 0.060782, paupr_m: 0.126967, dauc: 0.848492, daupr: 0.344437, daupr_m: 0.408730
Epoch: 39 loss: 0.000282, pauc: 0.873320, paupr: 0.076441, paupr_m: 0.134333, dauc: 0.862844, daupr: 0.356735, daupr_m: 0.428337
Epoch: 49 loss: 0.000229, pauc: 0.857689, paupr: 0.091864, paupr_m: 0.217697, dauc: 0.872099, daupr: 0.354918, daupr_m: 0.422125
Epoch: 59 loss: 0.000189, pauc: 0.887255, paupr: 0.099708, paupr_m: 0.216057, dauc: 0.876914, daupr: 0.347392, daupr_m: 0.402585
Epoch: 69 loss: 0.000156, pauc: 0.868145, paupr: 0.134555, paupr_m: 0.253502, dauc: 0.880888, daupr: 0.342820, daupr_m: 0.395569
Epoch: 79 loss: 0.000131, pauc: 0.866228, paupr: 0.150349, paupr_m: 0.277005, dauc: 0.883249, daupr: 0.339864, daupr_m: 0.395313
Epoch: 89 loss: 0.000112, pauc: 0.870343, paupr: 0.168166, paupr_m: 0.278468, dauc: 0.885121, daupr: 0.341787, daupr_m: 0.408478
Epoch: 99 loss: 0.000097, pauc: 0.864568, paupr: 0.187899, paupr_m: 0.304400, dauc: 0.886991, daupr: 0.351125, daupr_m: 0.409079
Epoch: 109 loss: 0.000084, pauc: 0.867896, paupr: 0.190647, paupr_m: 0.381407, dauc: 0.888057, daupr: 0.349626, daupr_m: 0.412207
Epoch: 119 loss: 0.000075, pauc: 0.878782, paupr: 0.186616, paupr_m: 0.329191, dauc: 0.888672, daupr: 0.346996, daupr_m: 0.411136
Epoch: 129 loss: 0.000066, pauc: 0.869737, paupr: 0.199239, paupr_m: 0.380389, dauc: 0.889992, daupr: 0.354579, daupr_m: 0.414755
Epoch: 139 loss: 0.000061, pauc: 0.875147, paupr: 0.221184, paupr_m: 0.400977, dauc: 0.889630, daupr: 0.348292, daupr_m: 0.410882
Epoch: 149 loss: 0.000056, pauc: 0.888584, paupr: 0.215339, paupr_m: 0.368167, dauc: 0.890610, daupr: 0.348500, daupr_m: 0.414606
Epoch: 159 loss: 0.000051, pauc: 0.879312, paupr: 0.214869, paupr_m: 0.421593, dauc: 0.891975, daupr: 0.352732, daupr_m: 0.419422
Epoch: 169 loss: 0.000048, pauc: 0.870638, paupr: 0.218654, paupr_m: 0.383843, dauc: 0.892086, daupr: 0.354139, daupr_m: 0.412136
Epoch: 179 loss: 0.000046, pauc: 0.882152, paupr: 0.232985, paupr_m: 0.425898, dauc: 0.892500, daupr: 0.348865, daupr_m: 0.416514
Epoch: 189 loss: 0.000042, pauc: 0.877531, paupr: 0.228785, paupr_m: 0.412068, dauc: 0.893274, daupr: 0.355310, daupr_m: 0.411473
Epoch: 199 loss: 0.000040, pauc: 0.868233, paupr: 0.231225, paupr_m: 0.432151, dauc: 0.893160, daupr: 0.353251, daupr_m: 0.416645
Epoch: 209 loss: 0.000038, pauc: 0.869599, paupr: 0.243427, paupr_m: 0.444177, dauc: 0.893037, daupr: 0.354747, daupr_m: 0.423959
Epoch: 219 loss: 0.000038, pauc: 0.888869, paupr: 0.224920, paupr_m: 0.413375, dauc: 0.892965, daupr: 0.353167, daupr_m: 0.418852
Epoch: 229 loss: 0.000036, pauc: 0.888386, paupr: 0.237353, paupr_m: 0.427731, dauc: 0.893170, daupr: 0.353835, daupr_m: 0.421947
Epoch: 239 loss: 0.000034, pauc: 0.879588, paupr: 0.246159, paupr_m: 0.466332, dauc: 0.892658, daupr: 0.348347, daupr_m: 0.413986
Epoch: 249 loss: 0.000033, pauc: 0.883513, paupr: 0.245145, paupr_m: 0.450878, dauc: 0.894144, daupr: 0.359301, daupr_m: 0.422813
Epoch: 259 loss: 0.000032, pauc: 0.877908, paupr: 0.234699, paupr_m: 0.448038, dauc: 0.894433, daupr: 0.355962, daupr_m: 0.418616
Epoch: 269 loss: 0.000031, pauc: 0.883856, paupr: 0.240812, paupr_m: 0.457577, dauc: 0.893924, daupr: 0.351188, daupr_m: 0.423632
Epoch: 279 loss: 0.000031, pauc: 0.865741, paupr: 0.228880, paupr_m: 0.434846, dauc: 0.895552, daupr: 0.363292, daupr_m: 0.420151
Epoch: 289 loss: 0.000029, pauc: 0.877744, paupr: 0.231697, paupr_m: 0.451274, dauc: 0.894227, daupr: 0.356945, daupr_m: 0.426779
Epoch: 299 loss: 0.000029, pauc: 0.879381, paupr: 0.246719, paupr_m: 0.422500, dauc: 0.894705, daupr: 0.355669, daupr_m: 0.422460
Epoch: 309 loss: 0.000029, pauc: 0.875292, paupr: 0.238505, paupr_m: 0.447557, dauc: 0.895048, daupr: 0.357674, daupr_m: 0.433341
Epoch: 319 loss: 0.000028, pauc: 0.889409, paupr: 0.245843, paupr_m: 0.468244, dauc: 0.894928, daupr: 0.357068, daupr_m: 0.426688
Epoch: 329 loss: 0.000028, pauc: 0.875428, paupr: 0.251014, paupr_m: 0.471625, dauc: 0.894251, daupr: 0.355839, daupr_m: 0.428473
Epoch: 339 loss: 0.000027, pauc: 0.883155, paupr: 0.256818, paupr_m: 0.452871, dauc: 0.895754, daupr: 0.368268, daupr_m: 0.430983
Epoch: 349 loss: 0.000028, pauc: 0.880128, paupr: 0.244187, paupr_m: 0.448973, dauc: 0.895016, daupr: 0.358934, daupr_m: 0.427837
Epoch: 359 loss: 0.000026, pauc: 0.887388, paupr: 0.254496, paupr_m: 0.476812, dauc: 0.895393, daupr: 0.356495, daupr_m: 0.430860
Epoch: 369 loss: 0.000026, pauc: 0.879360, paupr: 0.256847, paupr_m: 0.488611, dauc: 0.895854, daupr: 0.360041, daupr_m: 0.430748
Epoch: 379 loss: 0.000026, pauc: 0.881132, paupr: 0.258580, paupr_m: 0.443379, dauc: 0.895046, daupr: 0.352615, daupr_m: 0.431847
Epoch: 389 loss: 0.000025, pauc: 0.892670, paupr: 0.251488, paupr_m: 0.452557, dauc: 0.895362, daupr: 0.362866, daupr_m: 0.436033
Epoch: 399 loss: 0.000025, pauc: 0.888292, paupr: 0.252209, paupr_m: 0.453332, dauc: 0.896278, daupr: 0.366528, daupr_m: 0.433295
Epoch: 409 loss: 0.000025, pauc: 0.866679, paupr: 0.257407, paupr_m: 0.442899, dauc: 0.896068, daupr: 0.360168, daupr_m: 0.430656
Epoch: 419 loss: 0.000024, pauc: 0.886509, paupr: 0.257410, paupr_m: 0.442361, dauc: 0.895972, daupr: 0.364252, daupr_m: 0.432742
Epoch: 429 loss: 0.000024, pauc: 0.880880, paupr: 0.265236, paupr_m: 0.481923, dauc: 0.895885, daupr: 0.363369, daupr_m: 0.434032
Epoch: 439 loss: 0.000024, pauc: 0.881695, paupr: 0.258081, paupr_m: 0.462022, dauc: 0.895518, daupr: 0.365610, daupr_m: 0.440177
Epoch: 449 loss: 0.000024, pauc: 0.875627, paupr: 0.258802, paupr_m: 0.460197, dauc: 0.896046, daupr: 0.362971, daupr_m: 0.433816
Epoch: 459 loss: 0.000023, pauc: 0.889172, paupr: 0.260688, paupr_m: 0.473293, dauc: 0.896834, daupr: 0.372043, daupr_m: 0.435565
Epoch: 469 loss: 0.000023, pauc: 0.869934, paupr: 0.263314, paupr_m: 0.485831, dauc: 0.895577, daupr: 0.357911, daupr_m: 0.436963
Epoch: 479 loss: 0.000023, pauc: 0.885458, paupr: 0.258638, paupr_m: 0.435818, dauc: 0.896517, daupr: 0.366554, daupr_m: 0.439921
Epoch: 489 loss: 0.000023, pauc: 0.877677, paupr: 0.260931, paupr_m: 0.467925, dauc: 0.897204, daupr: 0.371431, daupr_m: 0.435124
Epoch: 499 loss: 0.000023, pauc: 0.889215, paupr: 0.265559, paupr_m: 0.466723, dauc: 0.896623, daupr: 0.369232, daupr_m: 0.439463
Epoch: 509 loss: 0.000022, pauc: 0.879262, paupr: 0.271301, paupr_m: 0.447184, dauc: 0.896654, daupr: 0.365446, daupr_m: 0.440386
Epoch: 519 loss: 0.000022, pauc: 0.875827, paupr: 0.267571, paupr_m: 0.456580, dauc: 0.896433, daupr: 0.364472, daupr_m: 0.441874
Epoch: 529 loss: 0.000022, pauc: 0.878188, paupr: 0.251224, paupr_m: 0.473127, dauc: 0.897026, daupr: 0.371005, daupr_m: 0.442710
Epoch: 539 loss: 0.000022, pauc: 0.882707, paupr: 0.266277, paupr_m: 0.474197, dauc: 0.895703, daupr: 0.364124, daupr_m: 0.446746
Epoch: 549 loss: 0.000022, pauc: 0.868248, paupr: 0.269279, paupr_m: 0.465406, dauc: 0.895637, daupr: 0.365835, daupr_m: 0.446606
Epoch: 559 loss: 0.000022, pauc: 0.882094, paupr: 0.259635, paupr_m: 0.483344, dauc: 0.897246, daupr: 0.375838, daupr_m: 0.447964
Epoch: 569 loss: 0.000022, pauc: 0.877822, paupr: 0.257099, paupr_m: 0.459770, dauc: 0.896873, daupr: 0.369222, daupr_m: 0.446211
Epoch: 579 loss: 0.000022, pauc: 0.890044, paupr: 0.274683, paupr_m: 0.463838, dauc: 0.896694, daupr: 0.367882, daupr_m: 0.447906
Epoch: 589 loss: 0.000022, pauc: 0.891450, paupr: 0.264792, paupr_m: 0.455341, dauc: 0.896432, daupr: 0.365686, daupr_m: 0.447484
Epoch: 599 loss: 0.000022, pauc: 0.874045, paupr: 0.270884, paupr_m: 0.483661, dauc: 0.896538, daupr: 0.365060, daupr_m: 0.445394
Epoch: 609 loss: 0.000021, pauc: 0.880317, paupr: 0.264683, paupr_m: 0.451000, dauc: 0.897357, daupr: 0.372532, daupr_m: 0.447232
Epoch: 619 loss: 0.000022, pauc: 0.873766, paupr: 0.271203, paupr_m: 0.459300, dauc: 0.896745, daupr: 0.368106, daupr_m: 0.449730
Epoch: 629 loss: 0.000021, pauc: 0.886772, paupr: 0.263404, paupr_m: 0.470978, dauc: 0.896566, daupr: 0.366734, daupr_m: 0.452527
Epoch: 639 loss: 0.000021, pauc: 0.858385, paupr: 0.277737, paupr_m: 0.464081, dauc: 0.897024, daupr: 0.370753, daupr_m: 0.448223
Epoch: 649 loss: 0.000021, pauc: 0.860480, paupr: 0.265043, paupr_m: 0.444900, dauc: 0.897368, daupr: 0.367722, daupr_m: 0.451516
Epoch: 659 loss: 0.000021, pauc: 0.887513, paupr: 0.267411, paupr_m: 0.456917, dauc: 0.896322, daupr: 0.359268, daupr_m: 0.448109
Epoch: 669 loss: 0.000021, pauc: 0.879250, paupr: 0.264560, paupr_m: 0.472054, dauc: 0.896659, daupr: 0.360440, daupr_m: 0.452454
Epoch: 679 loss: 0.000021, pauc: 0.875409, paupr: 0.267095, paupr_m: 0.457091, dauc: 0.897382, daupr: 0.366761, daupr_m: 0.450402
Epoch: 689 loss: 0.000021, pauc: 0.861673, paupr: 0.263558, paupr_m: 0.450543, dauc: 0.896723, daupr: 0.367938, daupr_m: 0.449257
Epoch: 699 loss: 0.000020, pauc: 0.859671, paupr: 0.263492, paupr_m: 0.461268, dauc: 0.897921, daupr: 0.377785, daupr_m: 0.448239
Epoch: 709 loss: 0.000020, pauc: 0.869914, paupr: 0.261614, paupr_m: 0.473066, dauc: 0.897337, daupr: 0.378823, daupr_m: 0.453348
Epoch: 719 loss: 0.000021, pauc: 0.861688, paupr: 0.258249, paupr_m: 0.447401, dauc: 0.897037, daupr: 0.368484, daupr_m: 0.450758
Epoch: 729 loss: 0.000020, pauc: 0.861875, paupr: 0.257288, paupr_m: 0.442355, dauc: 0.897661, daupr: 0.384683, daupr_m: 0.456827
Epoch: 739 loss: 0.000020, pauc: 0.872782, paupr: 0.271536, paupr_m: 0.473031, dauc: 0.897190, daupr: 0.373743, daupr_m: 0.452164
Epoch: 749 loss: 0.000020, pauc: 0.862370, paupr: 0.268104, paupr_m: 0.438675, dauc: 0.897469, daupr: 0.373982, daupr_m: 0.455852
Epoch: 759 loss: 0.000020, pauc: 0.864518, paupr: 0.263992, paupr_m: 0.455518, dauc: 0.896275, daupr: 0.362038, daupr_m: 0.454830
Epoch: 769 loss: 0.000020, pauc: 0.870916, paupr: 0.262739, paupr_m: 0.439421, dauc: 0.897506, daupr: 0.377177, daupr_m: 0.457111
Epoch: 779 loss: 0.000020, pauc: 0.885793, paupr: 0.269855, paupr_m: 0.469111, dauc: 0.896871, daupr: 0.367076, daupr_m: 0.457191
Epoch: 789 loss: 0.000021, pauc: 0.885774, paupr: 0.275553, paupr_m: 0.457073, dauc: 0.896296, daupr: 0.367503, daupr_m: 0.455608
Epoch: 799 loss: 0.000020, pauc: 0.882193, paupr: 0.268157, paupr_m: 0.458653, dauc: 0.897309, daupr: 0.378462, daupr_m: 0.457417
Epoch: 809 loss: 0.000020, pauc: 0.868442, paupr: 0.259512, paupr_m: 0.470845, dauc: 0.897260, daupr: 0.365566, daupr_m: 0.456557
Epoch: 819 loss: 0.000020, pauc: 0.884739, paupr: 0.271675, paupr_m: 0.464109, dauc: 0.896872, daupr: 0.378719, daupr_m: 0.457153
Epoch: 829 loss: 0.000020, pauc: 0.854225, paupr: 0.270435, paupr_m: 0.475044, dauc: 0.897038, daupr: 0.373792, daupr_m: 0.463715
Epoch: 839 loss: 0.000020, pauc: 0.876158, paupr: 0.277175, paupr_m: 0.466646, dauc: 0.896968, daupr: 0.369792, daupr_m: 0.464227
Epoch: 849 loss: 0.000020, pauc: 0.887189, paupr: 0.275300, paupr_m: 0.452533, dauc: 0.897048, daupr: 0.370728, daupr_m: 0.459464
Epoch: 859 loss: 0.000020, pauc: 0.865459, paupr: 0.275406, paupr_m: 0.454969, dauc: 0.896847, daupr: 0.368700, daupr_m: 0.458674
Epoch: 869 loss: 0.000020, pauc: 0.882496, paupr: 0.282382, paupr_m: 0.474123, dauc: 0.897854, daupr: 0.387104, daupr_m: 0.461326
Epoch: 879 loss: 0.000019, pauc: 0.875960, paupr: 0.267017, paupr_m: 0.463936, dauc: 0.896780, daupr: 0.360118, daupr_m: 0.461434
Epoch: 889 loss: 0.000020, pauc: 0.873240, paupr: 0.273528, paupr_m: 0.441602, dauc: 0.898184, daupr: 0.383903, daupr_m: 0.461085
Epoch: 899 loss: 0.000020, pauc: 0.856610, paupr: 0.262561, paupr_m: 0.457219, dauc: 0.897149, daupr: 0.374894, daupr_m: 0.458319
Epoch: 909 loss: 0.000020, pauc: 0.895242, paupr: 0.268116, paupr_m: 0.476061, dauc: 0.896915, daupr: 0.368590, daupr_m: 0.462981
Epoch: 919 loss: 0.000019, pauc: 0.869259, paupr: 0.262699, paupr_m: 0.471932, dauc: 0.897615, daupr: 0.389815, daupr_m: 0.460817
Epoch: 929 loss: 0.000020, pauc: 0.860015, paupr: 0.274369, paupr_m: 0.473141, dauc: 0.897050, daupr: 0.380205, daupr_m: 0.462097
Epoch: 939 loss: 0.000020, pauc: 0.854639, paupr: 0.269576, paupr_m: 0.445807, dauc: 0.897376, daupr: 0.386782, daupr_m: 0.463350
Epoch: 949 loss: 0.000019, pauc: 0.888270, paupr: 0.273924, paupr_m: 0.461167, dauc: 0.896991, daupr: 0.372449, daupr_m: 0.457977
Epoch: 959 loss: 0.000019, pauc: 0.873416, paupr: 0.274489, paupr_m: 0.471522, dauc: 0.897486, daupr: 0.375553, daupr_m: 0.462538
Epoch: 969 loss: 0.000019, pauc: 0.861518, paupr: 0.264796, paupr_m: 0.465982, dauc: 0.897807, daupr: 0.384138, daupr_m: 0.463004
Epoch: 979 loss: 0.000019, pauc: 0.858629, paupr: 0.271805, paupr_m: 0.454981, dauc: 0.897012, daupr: 0.377971, daupr_m: 0.464972
Epoch: 989 loss: 0.000019, pauc: 0.879005, paupr: 0.270556, paupr_m: 0.453050, dauc: 0.897758, daupr: 0.372637, daupr_m: 0.462364
Epoch: 999 loss: 0.000019, pauc: 0.880065, paupr: 0.266627, paupr_m: 0.454987, dauc: 0.897596, daupr: 0.383504, daupr_m: 0.462326
Epoch: 9 loss: 0.000574, pauc: 0.889805, paupr: 0.031150, paupr_m: 0.109792, dauc: 0.719319, daupr: 0.207435, daupr_m: 0.259105
Epoch: 19 loss: 0.000441, pauc: 0.899311, paupr: 0.042363, paupr_m: 0.128833, dauc: 0.779187, daupr: 0.296347, daupr_m: 0.374336
Epoch: 29 loss: 0.000354, pauc: 0.900772, paupr: 0.054182, paupr_m: 0.135497, dauc: 0.803155, daupr: 0.319249, daupr_m: 0.406564
Epoch: 39 loss: 0.000286, pauc: 0.892817, paupr: 0.066713, paupr_m: 0.164629, dauc: 0.817367, daupr: 0.333429, daupr_m: 0.416325
Epoch: 49 loss: 0.000234, pauc: 0.887278, paupr: 0.068435, paupr_m: 0.172616, dauc: 0.826829, daupr: 0.331255, daupr_m: 0.410660
Epoch: 59 loss: 0.000190, pauc: 0.877580, paupr: 0.092836, paupr_m: 0.210476, dauc: 0.833410, daupr: 0.326835, daupr_m: 0.404932
Epoch: 69 loss: 0.000157, pauc: 0.889690, paupr: 0.091729, paupr_m: 0.211875, dauc: 0.836965, daupr: 0.320663, daupr_m: 0.394089
Epoch: 79 loss: 0.000133, pauc: 0.887573, paupr: 0.111637, paupr_m: 0.231073, dauc: 0.840518, daupr: 0.322552, daupr_m: 0.397689
Epoch: 89 loss: 0.000114, pauc: 0.879400, paupr: 0.127960, paupr_m: 0.284530, dauc: 0.843222, daupr: 0.329447, daupr_m: 0.399483
Epoch: 99 loss: 0.000098, pauc: 0.893591, paupr: 0.141439, paupr_m: 0.272607, dauc: 0.845872, daupr: 0.325372, daupr_m: 0.404023
Epoch: 109 loss: 0.000086, pauc: 0.880752, paupr: 0.155283, paupr_m: 0.285677, dauc: 0.847567, daupr: 0.338707, daupr_m: 0.416660
Epoch: 119 loss: 0.000076, pauc: 0.891789, paupr: 0.152506, paupr_m: 0.288689, dauc: 0.849156, daupr: 0.337000, daupr_m: 0.406262
Epoch: 129 loss: 0.000068, pauc: 0.884540, paupr: 0.170521, paupr_m: 0.322596, dauc: 0.848355, daupr: 0.327672, daupr_m: 0.411835
Epoch: 139 loss: 0.000063, pauc: 0.889910, paupr: 0.182372, paupr_m: 0.329069, dauc: 0.850176, daupr: 0.331365, daupr_m: 0.404982
Epoch: 149 loss: 0.000057, pauc: 0.896448, paupr: 0.215393, paupr_m: 0.357873, dauc: 0.850173, daupr: 0.330421, daupr_m: 0.406847
Epoch: 159 loss: 0.000052, pauc: 0.900660, paupr: 0.201478, paupr_m: 0.347395, dauc: 0.850972, daupr: 0.331199, daupr_m: 0.412055
Epoch: 169 loss: 0.000049, pauc: 0.895227, paupr: 0.233993, paupr_m: 0.357667, dauc: 0.853120, daupr: 0.340358, daupr_m: 0.409427
Epoch: 179 loss: 0.000046, pauc: 0.882898, paupr: 0.228590, paupr_m: 0.364788, dauc: 0.851910, daupr: 0.327496, daupr_m: 0.413350
Epoch: 189 loss: 0.000043, pauc: 0.884418, paupr: 0.239321, paupr_m: 0.384944, dauc: 0.853494, daupr: 0.334057, daupr_m: 0.409597
Epoch: 199 loss: 0.000041, pauc: 0.887038, paupr: 0.243336, paupr_m: 0.386265, dauc: 0.851684, daupr: 0.330859, daupr_m: 0.422719
Epoch: 209 loss: 0.000039, pauc: 0.885541, paupr: 0.237585, paupr_m: 0.374788, dauc: 0.854277, daupr: 0.338478, daupr_m: 0.413261
Epoch: 219 loss: 0.000037, pauc: 0.892803, paupr: 0.258655, paupr_m: 0.417099, dauc: 0.854407, daupr: 0.338809, daupr_m: 0.418236
Epoch: 229 loss: 0.000037, pauc: 0.885327, paupr: 0.286845, paupr_m: 0.400678, dauc: 0.854174, daupr: 0.333365, daupr_m: 0.414708
Epoch: 239 loss: 0.000035, pauc: 0.896519, paupr: 0.271437, paupr_m: 0.412614, dauc: 0.854643, daupr: 0.344879, daupr_m: 0.416037
Epoch: 249 loss: 0.000033, pauc: 0.887964, paupr: 0.278954, paupr_m: 0.407464, dauc: 0.853384, daupr: 0.337378, daupr_m: 0.421466
Epoch: 259 loss: 0.000033, pauc: 0.904682, paupr: 0.277360, paupr_m: 0.425065, dauc: 0.854340, daupr: 0.333219, daupr_m: 0.415816
Epoch: 269 loss: 0.000031, pauc: 0.888130, paupr: 0.289441, paupr_m: 0.424180, dauc: 0.854420, daupr: 0.334454, daupr_m: 0.416634
Epoch: 279 loss: 0.000031, pauc: 0.889936, paupr: 0.286218, paupr_m: 0.419401, dauc: 0.854804, daupr: 0.335050, daupr_m: 0.418063
Epoch: 289 loss: 0.000030, pauc: 0.885933, paupr: 0.298710, paupr_m: 0.448538, dauc: 0.855260, daupr: 0.337491, daupr_m: 0.419274
Epoch: 299 loss: 0.000031, pauc: 0.883004, paupr: 0.281845, paupr_m: 0.403298, dauc: 0.856389, daupr: 0.345787, daupr_m: 0.420452
Epoch: 309 loss: 0.000029, pauc: 0.891452, paupr: 0.313570, paupr_m: 0.440890, dauc: 0.856309, daupr: 0.343745, daupr_m: 0.427044
Epoch: 319 loss: 0.000028, pauc: 0.893015, paupr: 0.315595, paupr_m: 0.455098, dauc: 0.855536, daupr: 0.338855, daupr_m: 0.425322
Epoch: 329 loss: 0.000027, pauc: 0.884926, paupr: 0.307919, paupr_m: 0.440712, dauc: 0.856088, daupr: 0.336943, daupr_m: 0.426126
Epoch: 339 loss: 0.000028, pauc: 0.886748, paupr: 0.283636, paupr_m: 0.426513, dauc: 0.856398, daupr: 0.343888, daupr_m: 0.425833
Epoch: 349 loss: 0.000027, pauc: 0.902635, paupr: 0.306867, paupr_m: 0.426075, dauc: 0.856134, daupr: 0.341502, daupr_m: 0.426949
Epoch: 359 loss: 0.000026, pauc: 0.898061, paupr: 0.316641, paupr_m: 0.454664, dauc: 0.858146, daupr: 0.352702, daupr_m: 0.423437
Epoch: 369 loss: 0.000026, pauc: 0.898757, paupr: 0.322843, paupr_m: 0.422545, dauc: 0.856140, daupr: 0.340685, daupr_m: 0.425327
Epoch: 379 loss: 0.000026, pauc: 0.895605, paupr: 0.311365, paupr_m: 0.430725, dauc: 0.856475, daupr: 0.345399, daupr_m: 0.425081
Epoch: 389 loss: 0.000026, pauc: 0.901127, paupr: 0.326844, paupr_m: 0.448141, dauc: 0.856973, daupr: 0.340862, daupr_m: 0.422795
Epoch: 399 loss: 0.000026, pauc: 0.894314, paupr: 0.340143, paupr_m: 0.457259, dauc: 0.856659, daupr: 0.339221, daupr_m: 0.424080
Epoch: 409 loss: 0.000026, pauc: 0.899253, paupr: 0.323310, paupr_m: 0.441017, dauc: 0.857356, daupr: 0.346323, daupr_m: 0.430953
Epoch: 419 loss: 0.000025, pauc: 0.901847, paupr: 0.328314, paupr_m: 0.431490, dauc: 0.856511, daupr: 0.339932, daupr_m: 0.427875
Epoch: 429 loss: 0.000024, pauc: 0.893207, paupr: 0.337443, paupr_m: 0.467702, dauc: 0.856520, daupr: 0.333970, daupr_m: 0.428611
Epoch: 439 loss: 0.000024, pauc: 0.906518, paupr: 0.363438, paupr_m: 0.459698, dauc: 0.856308, daupr: 0.338812, daupr_m: 0.429080
Epoch: 449 loss: 0.000024, pauc: 0.896964, paupr: 0.338980, paupr_m: 0.452870, dauc: 0.857508, daupr: 0.346761, daupr_m: 0.435178
Epoch: 459 loss: 0.000024, pauc: 0.898759, paupr: 0.342356, paupr_m: 0.447025, dauc: 0.856887, daupr: 0.345663, daupr_m: 0.431158
Epoch: 469 loss: 0.000023, pauc: 0.893678, paupr: 0.348686, paupr_m: 0.453850, dauc: 0.857467, daupr: 0.339001, daupr_m: 0.435035
Epoch: 479 loss: 0.000023, pauc: 0.893971, paupr: 0.352482, paupr_m: 0.454526, dauc: 0.857662, daupr: 0.351438, daupr_m: 0.433021
Epoch: 489 loss: 0.000023, pauc: 0.899894, paupr: 0.326815, paupr_m: 0.447888, dauc: 0.857521, daupr: 0.341619, daupr_m: 0.432582
Epoch: 499 loss: 0.000023, pauc: 0.900641, paupr: 0.336849, paupr_m: 0.463269, dauc: 0.857092, daupr: 0.340084, daupr_m: 0.441176
Epoch: 509 loss: 0.000024, pauc: 0.902148, paupr: 0.368907, paupr_m: 0.451687, dauc: 0.857055, daupr: 0.336534, daupr_m: 0.440880
Epoch: 519 loss: 0.000023, pauc: 0.912363, paupr: 0.373169, paupr_m: 0.455829, dauc: 0.857188, daupr: 0.338514, daupr_m: 0.431554
Epoch: 529 loss: 0.000022, pauc: 0.899525, paupr: 0.348271, paupr_m: 0.435928, dauc: 0.858401, daupr: 0.349762, daupr_m: 0.437805
Epoch: 539 loss: 0.000022, pauc: 0.900495, paupr: 0.345124, paupr_m: 0.432916, dauc: 0.857738, daupr: 0.343630, daupr_m: 0.437507
Epoch: 549 loss: 0.000022, pauc: 0.890114, paupr: 0.355277, paupr_m: 0.459636, dauc: 0.857239, daupr: 0.341303, daupr_m: 0.444313
Epoch: 559 loss: 0.000022, pauc: 0.910187, paupr: 0.352526, paupr_m: 0.455004, dauc: 0.857634, daupr: 0.341664, daupr_m: 0.438949
Epoch: 569 loss: 0.000022, pauc: 0.895134, paupr: 0.357644, paupr_m: 0.459456, dauc: 0.857563, daupr: 0.346526, daupr_m: 0.435549
Epoch: 579 loss: 0.000022, pauc: 0.893360, paupr: 0.357636, paupr_m: 0.436582, dauc: 0.857245, daupr: 0.336736, daupr_m: 0.441003
Epoch: 589 loss: 0.000021, pauc: 0.914208, paupr: 0.376770, paupr_m: 0.460371, dauc: 0.857805, daupr: 0.346010, daupr_m: 0.442324
Epoch: 599 loss: 0.000021, pauc: 0.889591, paupr: 0.351375, paupr_m: 0.466699, dauc: 0.857742, daupr: 0.342105, daupr_m: 0.438985
Epoch: 609 loss: 0.000022, pauc: 0.907826, paupr: 0.343024, paupr_m: 0.444349, dauc: 0.858397, daupr: 0.347909, daupr_m: 0.443951
Epoch: 619 loss: 0.000021, pauc: 0.895325, paupr: 0.366832, paupr_m: 0.445834, dauc: 0.857898, daupr: 0.345475, daupr_m: 0.441031
Epoch: 629 loss: 0.000021, pauc: 0.899884, paupr: 0.357590, paupr_m: 0.446667, dauc: 0.858799, daupr: 0.349193, daupr_m: 0.440741
Epoch: 639 loss: 0.000021, pauc: 0.918185, paupr: 0.355027, paupr_m: 0.439569, dauc: 0.858146, daupr: 0.347058, daupr_m: 0.443064
Epoch: 649 loss: 0.000021, pauc: 0.906108, paupr: 0.373192, paupr_m: 0.454605, dauc: 0.858669, daupr: 0.353538, daupr_m: 0.440267
Epoch: 659 loss: 0.000021, pauc: 0.911449, paupr: 0.357642, paupr_m: 0.448175, dauc: 0.858778, daupr: 0.354263, daupr_m: 0.439495
Epoch: 669 loss: 0.000021, pauc: 0.908238, paupr: 0.363498, paupr_m: 0.458424, dauc: 0.858855, daupr: 0.349744, daupr_m: 0.445796
Epoch: 679 loss: 0.000021, pauc: 0.891407, paupr: 0.374357, paupr_m: 0.463347, dauc: 0.858774, daupr: 0.347571, daupr_m: 0.445873
Epoch: 689 loss: 0.000021, pauc: 0.907788, paupr: 0.362315, paupr_m: 0.462435, dauc: 0.859305, daupr: 0.358452, daupr_m: 0.443408
Epoch: 699 loss: 0.000020, pauc: 0.897984, paupr: 0.358480, paupr_m: 0.448225, dauc: 0.858037, daupr: 0.346173, daupr_m: 0.448813
Epoch: 709 loss: 0.000020, pauc: 0.891636, paupr: 0.373524, paupr_m: 0.443569, dauc: 0.858421, daupr: 0.346621, daupr_m: 0.456102
Epoch: 719 loss: 0.000021, pauc: 0.907003, paupr: 0.380606, paupr_m: 0.450492, dauc: 0.859621, daupr: 0.349719, daupr_m: 0.446660
Epoch: 729 loss: 0.000021, pauc: 0.900355, paupr: 0.360527, paupr_m: 0.464476, dauc: 0.858562, daupr: 0.348296, daupr_m: 0.445676
Epoch: 739 loss: 0.000020, pauc: 0.901449, paupr: 0.373178, paupr_m: 0.463563, dauc: 0.859745, daupr: 0.356904, daupr_m: 0.455210
Epoch: 749 loss: 0.000021, pauc: 0.900704, paupr: 0.364470, paupr_m: 0.453892, dauc: 0.858262, daupr: 0.341713, daupr_m: 0.447696
Epoch: 759 loss: 0.000021, pauc: 0.907552, paupr: 0.372143, paupr_m: 0.443886, dauc: 0.859000, daupr: 0.346544, daupr_m: 0.449970
Epoch: 769 loss: 0.000020, pauc: 0.884427, paupr: 0.361370, paupr_m: 0.463748, dauc: 0.858469, daupr: 0.342020, daupr_m: 0.450610
Epoch: 779 loss: 0.000020, pauc: 0.896096, paupr: 0.370331, paupr_m: 0.470536, dauc: 0.859170, daupr: 0.350068, daupr_m: 0.446266
Epoch: 789 loss: 0.000020, pauc: 0.908575, paupr: 0.385605, paupr_m: 0.429829, dauc: 0.859185, daupr: 0.346816, daupr_m: 0.449241
Epoch: 799 loss: 0.000020, pauc: 0.893608, paupr: 0.375857, paupr_m: 0.454077, dauc: 0.858081, daupr: 0.346033, daupr_m: 0.450702
Epoch: 809 loss: 0.000021, pauc: 0.905483, paupr: 0.379741, paupr_m: 0.457309, dauc: 0.859112, daupr: 0.347405, daupr_m: 0.447749
Epoch: 819 loss: 0.000020, pauc: 0.904594, paupr: 0.377137, paupr_m: 0.454101, dauc: 0.858026, daupr: 0.352520, daupr_m: 0.454694
Epoch: 829 loss: 0.000020, pauc: 0.889666, paupr: 0.382104, paupr_m: 0.472119, dauc: 0.858646, daupr: 0.343205, daupr_m: 0.448510
Epoch: 839 loss: 0.000020, pauc: 0.899651, paupr: 0.365801, paupr_m: 0.476209, dauc: 0.858745, daupr: 0.353131, daupr_m: 0.451384
Epoch: 849 loss: 0.000019, pauc: 0.911331, paupr: 0.370530, paupr_m: 0.450452, dauc: 0.859159, daupr: 0.354209, daupr_m: 0.450589
Epoch: 859 loss: 0.000019, pauc: 0.893142, paupr: 0.372743, paupr_m: 0.463880, dauc: 0.858711, daupr: 0.347116, daupr_m: 0.451038
Epoch: 869 loss: 0.000020, pauc: 0.899498, paupr: 0.374976, paupr_m: 0.459642, dauc: 0.859191, daupr: 0.348342, daupr_m: 0.456460
Epoch: 879 loss: 0.000020, pauc: 0.903985, paupr: 0.373891, paupr_m: 0.453897, dauc: 0.858845, daupr: 0.352281, daupr_m: 0.455481
Epoch: 889 loss: 0.000019, pauc: 0.899958, paupr: 0.371194, paupr_m: 0.445837, dauc: 0.858382, daupr: 0.345625, daupr_m: 0.456013
Epoch: 899 loss: 0.000019, pauc: 0.904066, paupr: 0.382680, paupr_m: 0.468320, dauc: 0.859142, daupr: 0.355904, daupr_m: 0.452265
Epoch: 909 loss: 0.000019, pauc: 0.896699, paupr: 0.357226, paupr_m: 0.460376, dauc: 0.858829, daupr: 0.356044, daupr_m: 0.454338
Epoch: 919 loss: 0.000019, pauc: 0.909883, paupr: 0.376758, paupr_m: 0.463865, dauc: 0.859095, daupr: 0.350399, daupr_m: 0.456018
Epoch: 929 loss: 0.000020, pauc: 0.899055, paupr: 0.387174, paupr_m: 0.467890, dauc: 0.859091, daupr: 0.349550, daupr_m: 0.455096
Epoch: 939 loss: 0.000019, pauc: 0.901028, paupr: 0.387498, paupr_m: 0.473767, dauc: 0.859108, daupr: 0.350968, daupr_m: 0.452781
Epoch: 949 loss: 0.000019, pauc: 0.904393, paupr: 0.385991, paupr_m: 0.456271, dauc: 0.859096, daupr: 0.356671, daupr_m: 0.453342
Epoch: 959 loss: 0.000019, pauc: 0.890558, paupr: 0.373022, paupr_m: 0.460807, dauc: 0.858711, daupr: 0.344007, daupr_m: 0.457453
Epoch: 969 loss: 0.000019, pauc: 0.901228, paupr: 0.380506, paupr_m: 0.453818, dauc: 0.858925, daupr: 0.353765, daupr_m: 0.459678
Epoch: 979 loss: 0.000019, pauc: 0.906152, paupr: 0.373547, paupr_m: 0.464839, dauc: 0.859654, daupr: 0.366129, daupr_m: 0.454277
Epoch: 989 loss: 0.000019, pauc: 0.891779, paupr: 0.389749, paupr_m: 0.470185, dauc: 0.858988, daupr: 0.347473, daupr_m: 0.454103
Epoch: 999 loss: 0.000019, pauc: 0.901139, paupr: 0.347909, paupr_m: 0.445940, dauc: 0.858914, daupr: 0.348386, daupr_m: 0.460433
Epoch: 9 loss: 0.000571, pauc: 0.888095, paupr: 0.027428, paupr_m: 0.086703, dauc: 0.763042, daupr: 0.218571, daupr_m: 0.247637
Epoch: 19 loss: 0.000436, pauc: 0.891446, paupr: 0.025816, paupr_m: 0.088429, dauc: 0.831069, daupr: 0.327750, daupr_m: 0.375605
Epoch: 29 loss: 0.000352, pauc: 0.890865, paupr: 0.063980, paupr_m: 0.151000, dauc: 0.857116, daupr: 0.358334, daupr_m: 0.412823
Epoch: 39 loss: 0.000288, pauc: 0.887183, paupr: 0.070500, paupr_m: 0.186720, dauc: 0.873201, daupr: 0.372370, daupr_m: 0.425795
Epoch: 49 loss: 0.000233, pauc: 0.882810, paupr: 0.106718, paupr_m: 0.204344, dauc: 0.882618, daupr: 0.372644, daupr_m: 0.424134
Epoch: 59 loss: 0.000192, pauc: 0.885848, paupr: 0.131314, paupr_m: 0.226907, dauc: 0.889082, daupr: 0.366087, daupr_m: 0.412888
Epoch: 69 loss: 0.000158, pauc: 0.878903, paupr: 0.199781, paupr_m: 0.270737, dauc: 0.892875, daupr: 0.360886, daupr_m: 0.394888
Epoch: 79 loss: 0.000134, pauc: 0.885842, paupr: 0.246819, paupr_m: 0.314416, dauc: 0.895410, daupr: 0.352968, daupr_m: 0.403012
Epoch: 89 loss: 0.000114, pauc: 0.866562, paupr: 0.288884, paupr_m: 0.334183, dauc: 0.897110, daupr: 0.349972, daupr_m: 0.403907
Epoch: 99 loss: 0.000098, pauc: 0.858466, paupr: 0.279039, paupr_m: 0.333059, dauc: 0.900101, daupr: 0.364654, daupr_m: 0.406235
Epoch: 109 loss: 0.000086, pauc: 0.862987, paupr: 0.304904, paupr_m: 0.349649, dauc: 0.901459, daupr: 0.362278, daupr_m: 0.411161
Epoch: 119 loss: 0.000075, pauc: 0.877284, paupr: 0.317953, paupr_m: 0.371027, dauc: 0.901526, daupr: 0.363283, daupr_m: 0.413573
Epoch: 129 loss: 0.000067, pauc: 0.866841, paupr: 0.324944, paupr_m: 0.373613, dauc: 0.902586, daupr: 0.361816, daupr_m: 0.415144
Epoch: 139 loss: 0.000061, pauc: 0.885304, paupr: 0.361372, paupr_m: 0.387487, dauc: 0.904010, daupr: 0.369733, daupr_m: 0.415288
Epoch: 149 loss: 0.000056, pauc: 0.863960, paupr: 0.355525, paupr_m: 0.403970, dauc: 0.903082, daupr: 0.364350, daupr_m: 0.410999
Epoch: 159 loss: 0.000053, pauc: 0.874318, paupr: 0.357026, paupr_m: 0.402181, dauc: 0.903806, daupr: 0.359019, daupr_m: 0.415163
Epoch: 169 loss: 0.000049, pauc: 0.871340, paupr: 0.384635, paupr_m: 0.436962, dauc: 0.904447, daupr: 0.360981, daupr_m: 0.415027
Epoch: 179 loss: 0.000046, pauc: 0.858794, paupr: 0.382730, paupr_m: 0.412131, dauc: 0.905743, daupr: 0.370972, daupr_m: 0.419660
Epoch: 189 loss: 0.000043, pauc: 0.863305, paupr: 0.371861, paupr_m: 0.401421, dauc: 0.905260, daupr: 0.372771, daupr_m: 0.416781
Epoch: 199 loss: 0.000041, pauc: 0.861795, paupr: 0.371851, paupr_m: 0.394498, dauc: 0.906411, daupr: 0.372810, daupr_m: 0.420958
Epoch: 209 loss: 0.000039, pauc: 0.869620, paupr: 0.393805, paupr_m: 0.419245, dauc: 0.906740, daupr: 0.369543, daupr_m: 0.418805
Epoch: 219 loss: 0.000038, pauc: 0.855367, paupr: 0.391905, paupr_m: 0.414776, dauc: 0.906381, daupr: 0.365512, daupr_m: 0.419264
Epoch: 229 loss: 0.000036, pauc: 0.865453, paupr: 0.385465, paupr_m: 0.422875, dauc: 0.906735, daupr: 0.366936, daupr_m: 0.418034
Epoch: 239 loss: 0.000035, pauc: 0.888124, paupr: 0.394064, paupr_m: 0.429409, dauc: 0.907093, daupr: 0.369824, daupr_m: 0.421119
Epoch: 249 loss: 0.000034, pauc: 0.862011, paupr: 0.401813, paupr_m: 0.411215, dauc: 0.907372, daupr: 0.366139, daupr_m: 0.420693
Epoch: 259 loss: 0.000033, pauc: 0.849551, paupr: 0.399721, paupr_m: 0.433149, dauc: 0.907461, daupr: 0.372412, daupr_m: 0.424323
Epoch: 269 loss: 0.000032, pauc: 0.865389, paupr: 0.379485, paupr_m: 0.401198, dauc: 0.906543, daupr: 0.365476, daupr_m: 0.423971
Epoch: 279 loss: 0.000032, pauc: 0.883547, paupr: 0.400733, paupr_m: 0.425523, dauc: 0.907585, daupr: 0.373806, daupr_m: 0.428065
Epoch: 289 loss: 0.000032, pauc: 0.856676, paupr: 0.408421, paupr_m: 0.428017, dauc: 0.907883, daupr: 0.375067, daupr_m: 0.426803
Epoch: 299 loss: 0.000030, pauc: 0.871593, paupr: 0.401952, paupr_m: 0.421479, dauc: 0.908691, daupr: 0.381318, daupr_m: 0.428349
Epoch: 309 loss: 0.000030, pauc: 0.869022, paupr: 0.403834, paupr_m: 0.417194, dauc: 0.907713, daupr: 0.373196, daupr_m: 0.425925
Epoch: 319 loss: 0.000029, pauc: 0.860080, paupr: 0.411343, paupr_m: 0.432802, dauc: 0.908541, daupr: 0.373818, daupr_m: 0.429515
Epoch: 329 loss: 0.000028, pauc: 0.862040, paupr: 0.400391, paupr_m: 0.430590, dauc: 0.907912, daupr: 0.376571, daupr_m: 0.426443
Epoch: 339 loss: 0.000028, pauc: 0.865361, paupr: 0.416005, paupr_m: 0.423427, dauc: 0.908461, daupr: 0.377755, daupr_m: 0.431528
Epoch: 349 loss: 0.000027, pauc: 0.883832, paupr: 0.412800, paupr_m: 0.442157, dauc: 0.907811, daupr: 0.369087, daupr_m: 0.430078
Epoch: 359 loss: 0.000027, pauc: 0.873589, paupr: 0.409288, paupr_m: 0.435814, dauc: 0.908090, daupr: 0.372459, daupr_m: 0.433887
Epoch: 369 loss: 0.000027, pauc: 0.864409, paupr: 0.417101, paupr_m: 0.427002, dauc: 0.909170, daupr: 0.384021, daupr_m: 0.439097
Epoch: 379 loss: 0.000027, pauc: 0.874445, paupr: 0.407906, paupr_m: 0.440801, dauc: 0.908380, daupr: 0.378332, daupr_m: 0.433748
Epoch: 389 loss: 0.000026, pauc: 0.863825, paupr: 0.417219, paupr_m: 0.446828, dauc: 0.909084, daupr: 0.372759, daupr_m: 0.436485
Epoch: 399 loss: 0.000027, pauc: 0.879410, paupr: 0.412792, paupr_m: 0.439876, dauc: 0.908799, daupr: 0.376542, daupr_m: 0.438790
Epoch: 409 loss: 0.000026, pauc: 0.870911, paupr: 0.406139, paupr_m: 0.453070, dauc: 0.909409, daupr: 0.381858, daupr_m: 0.439859
Epoch: 419 loss: 0.000025, pauc: 0.876709, paupr: 0.416528, paupr_m: 0.442271, dauc: 0.909382, daupr: 0.387114, daupr_m: 0.439909
Epoch: 429 loss: 0.000025, pauc: 0.884254, paupr: 0.412476, paupr_m: 0.450577, dauc: 0.909424, daupr: 0.376540, daupr_m: 0.435507
Epoch: 439 loss: 0.000025, pauc: 0.866535, paupr: 0.407648, paupr_m: 0.444828, dauc: 0.909556, daupr: 0.378192, daupr_m: 0.443558
Epoch: 449 loss: 0.000024, pauc: 0.879371, paupr: 0.418753, paupr_m: 0.436790, dauc: 0.910388, daupr: 0.390776, daupr_m: 0.444410
Epoch: 459 loss: 0.000024, pauc: 0.868351, paupr: 0.395004, paupr_m: 0.424357, dauc: 0.910095, daupr: 0.382828, daupr_m: 0.436726
Epoch: 469 loss: 0.000024, pauc: 0.869512, paupr: 0.406244, paupr_m: 0.455785, dauc: 0.909799, daupr: 0.383153, daupr_m: 0.442570
Epoch: 479 loss: 0.000024, pauc: 0.858809, paupr: 0.411520, paupr_m: 0.436257, dauc: 0.910184, daupr: 0.382179, daupr_m: 0.439534
Epoch: 489 loss: 0.000024, pauc: 0.869263, paupr: 0.417025, paupr_m: 0.449133, dauc: 0.910196, daupr: 0.386302, daupr_m: 0.445076
Epoch: 499 loss: 0.000023, pauc: 0.877142, paupr: 0.423751, paupr_m: 0.458663, dauc: 0.908617, daupr: 0.373403, daupr_m: 0.444055
Epoch: 509 loss: 0.000023, pauc: 0.869352, paupr: 0.420112, paupr_m: 0.463005, dauc: 0.910179, daupr: 0.387543, daupr_m: 0.445524
Epoch: 519 loss: 0.000023, pauc: 0.883121, paupr: 0.416812, paupr_m: 0.449373, dauc: 0.909800, daupr: 0.380425, daupr_m: 0.444115
Epoch: 529 loss: 0.000023, pauc: 0.871731, paupr: 0.413174, paupr_m: 0.451764, dauc: 0.910123, daupr: 0.381181, daupr_m: 0.444287
Epoch: 539 loss: 0.000023, pauc: 0.866062, paupr: 0.422703, paupr_m: 0.453655, dauc: 0.910926, daupr: 0.393797, daupr_m: 0.446656
Epoch: 549 loss: 0.000023, pauc: 0.880935, paupr: 0.429490, paupr_m: 0.462731, dauc: 0.909967, daupr: 0.378539, daupr_m: 0.446062
Epoch: 559 loss: 0.000022, pauc: 0.866216, paupr: 0.418114, paupr_m: 0.440493, dauc: 0.910031, daupr: 0.385295, daupr_m: 0.449093
Epoch: 569 loss: 0.000023, pauc: 0.879544, paupr: 0.421223, paupr_m: 0.447897, dauc: 0.910756, daupr: 0.389578, daupr_m: 0.448774
Epoch: 579 loss: 0.000022, pauc: 0.884413, paupr: 0.410411, paupr_m: 0.468279, dauc: 0.909905, daupr: 0.380756, daupr_m: 0.447351
Epoch: 589 loss: 0.000022, pauc: 0.870436, paupr: 0.419783, paupr_m: 0.435597, dauc: 0.910118, daupr: 0.382633, daupr_m: 0.452000
Epoch: 599 loss: 0.000022, pauc: 0.860407, paupr: 0.415192, paupr_m: 0.446950, dauc: 0.910886, daupr: 0.392150, daupr_m: 0.452029
Epoch: 609 loss: 0.000022, pauc: 0.873487, paupr: 0.426781, paupr_m: 0.455463, dauc: 0.909938, daupr: 0.385911, daupr_m: 0.446550
Epoch: 619 loss: 0.000022, pauc: 0.872729, paupr: 0.420172, paupr_m: 0.457694, dauc: 0.911164, daupr: 0.394963, daupr_m: 0.453590
Epoch: 629 loss: 0.000022, pauc: 0.879367, paupr: 0.414792, paupr_m: 0.441964, dauc: 0.909762, daupr: 0.380475, daupr_m: 0.457398
Epoch: 639 loss: 0.000022, pauc: 0.887357, paupr: 0.420281, paupr_m: 0.474350, dauc: 0.910175, daupr: 0.386603, daupr_m: 0.455196
Epoch: 649 loss: 0.000021, pauc: 0.871128, paupr: 0.426481, paupr_m: 0.461456, dauc: 0.909809, daupr: 0.376377, daupr_m: 0.453102
Epoch: 659 loss: 0.000021, pauc: 0.881066, paupr: 0.423638, paupr_m: 0.453902, dauc: 0.911439, daupr: 0.407121, daupr_m: 0.457031
Epoch: 669 loss: 0.000021, pauc: 0.885651, paupr: 0.422710, paupr_m: 0.461557, dauc: 0.910822, daupr: 0.391708, daupr_m: 0.458174
Epoch: 679 loss: 0.000021, pauc: 0.853499, paupr: 0.424645, paupr_m: 0.450857, dauc: 0.910636, daupr: 0.390132, daupr_m: 0.453130
Epoch: 689 loss: 0.000021, pauc: 0.884464, paupr: 0.417833, paupr_m: 0.486028, dauc: 0.910823, daupr: 0.390206, daupr_m: 0.456731
Epoch: 699 loss: 0.000021, pauc: 0.881053, paupr: 0.419635, paupr_m: 0.462340, dauc: 0.909677, daupr: 0.370832, daupr_m: 0.456975
Epoch: 709 loss: 0.000021, pauc: 0.886101, paupr: 0.419136, paupr_m: 0.469560, dauc: 0.911153, daupr: 0.398943, daupr_m: 0.459610
Epoch: 719 loss: 0.000021, pauc: 0.883430, paupr: 0.422095, paupr_m: 0.463811, dauc: 0.910039, daupr: 0.379882, daupr_m: 0.454114
Epoch: 729 loss: 0.000021, pauc: 0.867142, paupr: 0.423760, paupr_m: 0.462502, dauc: 0.911807, daupr: 0.401704, daupr_m: 0.457767
Epoch: 739 loss: 0.000021, pauc: 0.891060, paupr: 0.422245, paupr_m: 0.442628, dauc: 0.910619, daupr: 0.384180, daupr_m: 0.459503
Epoch: 749 loss: 0.000021, pauc: 0.875355, paupr: 0.426583, paupr_m: 0.465584, dauc: 0.910333, daupr: 0.385515, daupr_m: 0.457789
Epoch: 759 loss: 0.000021, pauc: 0.873008, paupr: 0.423039, paupr_m: 0.485827, dauc: 0.911084, daupr: 0.391860, daupr_m: 0.461401
Epoch: 769 loss: 0.000021, pauc: 0.867601, paupr: 0.416678, paupr_m: 0.466396, dauc: 0.910131, daupr: 0.376909, daupr_m: 0.459817
Epoch: 779 loss: 0.000021, pauc: 0.885046, paupr: 0.419438, paupr_m: 0.447411, dauc: 0.911095, daupr: 0.385504, daupr_m: 0.461154
Epoch: 789 loss: 0.000020, pauc: 0.888088, paupr: 0.420332, paupr_m: 0.460696, dauc: 0.910934, daupr: 0.391666, daupr_m: 0.462112
Epoch: 799 loss: 0.000021, pauc: 0.867670, paupr: 0.422939, paupr_m: 0.450693, dauc: 0.910102, daupr: 0.385312, daupr_m: 0.459450
Epoch: 809 loss: 0.000021, pauc: 0.897479, paupr: 0.417990, paupr_m: 0.454674, dauc: 0.911390, daupr: 0.397186, daupr_m: 0.459897
Epoch: 819 loss: 0.000021, pauc: 0.865261, paupr: 0.427916, paupr_m: 0.458762, dauc: 0.910410, daupr: 0.389454, daupr_m: 0.462527
Epoch: 829 loss: 0.000020, pauc: 0.886973, paupr: 0.427846, paupr_m: 0.473832, dauc: 0.911602, daupr: 0.402267, daupr_m: 0.462027
Epoch: 839 loss: 0.000020, pauc: 0.875352, paupr: 0.421808, paupr_m: 0.466402, dauc: 0.911350, daupr: 0.397910, daupr_m: 0.464382
Epoch: 849 loss: 0.000020, pauc: 0.896880, paupr: 0.421211, paupr_m: 0.459462, dauc: 0.910822, daupr: 0.392142, daupr_m: 0.460339
Epoch: 859 loss: 0.000020, pauc: 0.880958, paupr: 0.420383, paupr_m: 0.466852, dauc: 0.912182, daupr: 0.404693, daupr_m: 0.461663
Epoch: 869 loss: 0.000020, pauc: 0.896729, paupr: 0.425960, paupr_m: 0.464141, dauc: 0.910961, daupr: 0.390770, daupr_m: 0.466722
Epoch: 879 loss: 0.000020, pauc: 0.885387, paupr: 0.425865, paupr_m: 0.479691, dauc: 0.910809, daupr: 0.400527, daupr_m: 0.465819
Epoch: 889 loss: 0.000020, pauc: 0.893405, paupr: 0.422906, paupr_m: 0.467496, dauc: 0.910359, daupr: 0.384935, daupr_m: 0.465343
Epoch: 899 loss: 0.000020, pauc: 0.877563, paupr: 0.420796, paupr_m: 0.461917, dauc: 0.911512, daupr: 0.401908, daupr_m: 0.468014
Epoch: 909 loss: 0.000020, pauc: 0.885075, paupr: 0.423345, paupr_m: 0.472396, dauc: 0.910754, daupr: 0.393209, daupr_m: 0.464669
Epoch: 919 loss: 0.000020, pauc: 0.891955, paupr: 0.418465, paupr_m: 0.456433, dauc: 0.911013, daupr: 0.395634, daupr_m: 0.466429
Epoch: 929 loss: 0.000020, pauc: 0.891436, paupr: 0.425383, paupr_m: 0.453295, dauc: 0.911088, daupr: 0.396879, daupr_m: 0.465963
Epoch: 939 loss: 0.000021, pauc: 0.895038, paupr: 0.415876, paupr_m: 0.465030, dauc: 0.911724, daupr: 0.401984, daupr_m: 0.466144
Epoch: 949 loss: 0.000020, pauc: 0.895258, paupr: 0.423852, paupr_m: 0.468562, dauc: 0.910466, daupr: 0.381827, daupr_m: 0.468355
Epoch: 959 loss: 0.000019, pauc: 0.890169, paupr: 0.421226, paupr_m: 0.465012, dauc: 0.911014, daupr: 0.395363, daupr_m: 0.467493
Epoch: 969 loss: 0.000020, pauc: 0.894907, paupr: 0.421963, paupr_m: 0.441485, dauc: 0.911385, daupr: 0.395105, daupr_m: 0.465138
Epoch: 979 loss: 0.000019, pauc: 0.894121, paupr: 0.424564, paupr_m: 0.472081, dauc: 0.910797, daupr: 0.388042, daupr_m: 0.469354
Epoch: 989 loss: 0.000019, pauc: 0.892275, paupr: 0.425641, paupr_m: 0.470865, dauc: 0.911780, daupr: 0.401878, daupr_m: 0.468369
Epoch: 999 loss: 0.000019, pauc: 0.907486, paupr: 0.413221, paupr_m: 0.449134, dauc: 0.910815, daupr: 0.386214, daupr_m: 0.468443
Epoch: 9 loss: 0.000570, pauc: 0.885416, paupr: 0.021769, paupr_m: 0.077715, dauc: 0.745596, daupr: 0.209906, daupr_m: 0.249288
Epoch: 19 loss: 0.000442, pauc: 0.908620, paupr: 0.044319, paupr_m: 0.118668, dauc: 0.808385, daupr: 0.303020, daupr_m: 0.357323
Epoch: 29 loss: 0.000354, pauc: 0.908471, paupr: 0.076779, paupr_m: 0.177804, dauc: 0.833859, daupr: 0.331677, daupr_m: 0.406291
Epoch: 39 loss: 0.000285, pauc: 0.909726, paupr: 0.119953, paupr_m: 0.236479, dauc: 0.848624, daupr: 0.343245, daupr_m: 0.417769
Epoch: 49 loss: 0.000231, pauc: 0.915950, paupr: 0.112650, paupr_m: 0.230081, dauc: 0.857352, daupr: 0.339703, daupr_m: 0.410855
Epoch: 59 loss: 0.000189, pauc: 0.915650, paupr: 0.137722, paupr_m: 0.266501, dauc: 0.863528, daupr: 0.341436, daupr_m: 0.391544
Epoch: 69 loss: 0.000156, pauc: 0.908733, paupr: 0.174680, paupr_m: 0.306662, dauc: 0.867823, daupr: 0.335901, daupr_m: 0.383672
Epoch: 79 loss: 0.000130, pauc: 0.904015, paupr: 0.183558, paupr_m: 0.343386, dauc: 0.870169, daupr: 0.329928, daupr_m: 0.385653
Epoch: 89 loss: 0.000112, pauc: 0.906831, paupr: 0.205396, paupr_m: 0.360124, dauc: 0.872434, daupr: 0.341900, daupr_m: 0.389189
Epoch: 99 loss: 0.000096, pauc: 0.919634, paupr: 0.203373, paupr_m: 0.377936, dauc: 0.873728, daupr: 0.340135, daupr_m: 0.409599
Epoch: 109 loss: 0.000083, pauc: 0.914339, paupr: 0.225883, paupr_m: 0.387466, dauc: 0.874311, daupr: 0.336485, daupr_m: 0.394655
Epoch: 119 loss: 0.000074, pauc: 0.902534, paupr: 0.256595, paupr_m: 0.403057, dauc: 0.876556, daupr: 0.339916, daupr_m: 0.396384
Epoch: 129 loss: 0.000066, pauc: 0.900893, paupr: 0.223262, paupr_m: 0.407687, dauc: 0.876936, daupr: 0.334145, daupr_m: 0.397482
Epoch: 139 loss: 0.000059, pauc: 0.897895, paupr: 0.241358, paupr_m: 0.435316, dauc: 0.878754, daupr: 0.343501, daupr_m: 0.398723
Epoch: 149 loss: 0.000054, pauc: 0.895993, paupr: 0.232700, paupr_m: 0.417227, dauc: 0.878080, daupr: 0.332795, daupr_m: 0.394052
Epoch: 159 loss: 0.000050, pauc: 0.909579, paupr: 0.230839, paupr_m: 0.449687, dauc: 0.879025, daupr: 0.341351, daupr_m: 0.400312
Epoch: 169 loss: 0.000047, pauc: 0.888480, paupr: 0.252471, paupr_m: 0.432987, dauc: 0.879811, daupr: 0.339474, daupr_m: 0.400627
Epoch: 179 loss: 0.000045, pauc: 0.898714, paupr: 0.248856, paupr_m: 0.447611, dauc: 0.880446, daupr: 0.347426, daupr_m: 0.401318
Epoch: 189 loss: 0.000043, pauc: 0.893401, paupr: 0.253910, paupr_m: 0.461899, dauc: 0.880802, daupr: 0.343430, daupr_m: 0.399190
Epoch: 199 loss: 0.000040, pauc: 0.910111, paupr: 0.248855, paupr_m: 0.439583, dauc: 0.881522, daupr: 0.347419, daupr_m: 0.403263
Epoch: 209 loss: 0.000038, pauc: 0.902303, paupr: 0.253223, paupr_m: 0.477233, dauc: 0.881278, daupr: 0.345924, daupr_m: 0.403552
Epoch: 219 loss: 0.000036, pauc: 0.892956, paupr: 0.255899, paupr_m: 0.499779, dauc: 0.881917, daupr: 0.345415, daupr_m: 0.405013
Epoch: 229 loss: 0.000035, pauc: 0.893122, paupr: 0.265841, paupr_m: 0.485653, dauc: 0.881535, daupr: 0.344890, daupr_m: 0.401721
Epoch: 239 loss: 0.000034, pauc: 0.897896, paupr: 0.253752, paupr_m: 0.470458, dauc: 0.881721, daupr: 0.347566, daupr_m: 0.404921
Epoch: 249 loss: 0.000033, pauc: 0.901081, paupr: 0.273024, paupr_m: 0.482288, dauc: 0.881597, daupr: 0.343250, daupr_m: 0.408060
Epoch: 259 loss: 0.000032, pauc: 0.904703, paupr: 0.262326, paupr_m: 0.502767, dauc: 0.881421, daupr: 0.342793, daupr_m: 0.409164
Epoch: 269 loss: 0.000031, pauc: 0.897615, paupr: 0.263710, paupr_m: 0.479112, dauc: 0.882745, daupr: 0.347847, daupr_m: 0.402079
Epoch: 279 loss: 0.000030, pauc: 0.893235, paupr: 0.274518, paupr_m: 0.505623, dauc: 0.882947, daupr: 0.344550, daupr_m: 0.410146
Epoch: 289 loss: 0.000030, pauc: 0.894032, paupr: 0.262604, paupr_m: 0.479973, dauc: 0.883144, daupr: 0.350160, daupr_m: 0.408943
Epoch: 299 loss: 0.000029, pauc: 0.889994, paupr: 0.267459, paupr_m: 0.486549, dauc: 0.883407, daupr: 0.359916, daupr_m: 0.412272
Epoch: 309 loss: 0.000028, pauc: 0.886030, paupr: 0.279940, paupr_m: 0.486122, dauc: 0.883227, daupr: 0.346237, daupr_m: 0.407745
Epoch: 319 loss: 0.000028, pauc: 0.904072, paupr: 0.268804, paupr_m: 0.476788, dauc: 0.883740, daupr: 0.347745, daupr_m: 0.425196
Epoch: 329 loss: 0.000027, pauc: 0.877750, paupr: 0.273734, paupr_m: 0.490634, dauc: 0.883754, daupr: 0.355367, daupr_m: 0.407095
Epoch: 339 loss: 0.000027, pauc: 0.890794, paupr: 0.281276, paupr_m: 0.496591, dauc: 0.883183, daupr: 0.349678, daupr_m: 0.415111
Epoch: 349 loss: 0.000027, pauc: 0.891709, paupr: 0.277051, paupr_m: 0.485753, dauc: 0.884453, daupr: 0.354266, daupr_m: 0.410819
Epoch: 359 loss: 0.000026, pauc: 0.884209, paupr: 0.280391, paupr_m: 0.490307, dauc: 0.884620, daupr: 0.357273, daupr_m: 0.418471
Epoch: 369 loss: 0.000026, pauc: 0.882004, paupr: 0.277590, paupr_m: 0.493538, dauc: 0.884403, daupr: 0.355606, daupr_m: 0.411992
Epoch: 379 loss: 0.000026, pauc: 0.875696, paupr: 0.277019, paupr_m: 0.469602, dauc: 0.884567, daupr: 0.352714, daupr_m: 0.416021
Epoch: 389 loss: 0.000025, pauc: 0.880215, paupr: 0.287677, paupr_m: 0.494985, dauc: 0.883650, daupr: 0.351624, daupr_m: 0.412624
Epoch: 399 loss: 0.000025, pauc: 0.870965, paupr: 0.271997, paupr_m: 0.489602, dauc: 0.884163, daupr: 0.346112, daupr_m: 0.417383
Epoch: 409 loss: 0.000025, pauc: 0.867278, paupr: 0.269748, paupr_m: 0.497856, dauc: 0.885029, daupr: 0.358088, daupr_m: 0.421463
Epoch: 419 loss: 0.000025, pauc: 0.901318, paupr: 0.289150, paupr_m: 0.498043, dauc: 0.883930, daupr: 0.347491, daupr_m: 0.423908
Epoch: 429 loss: 0.000025, pauc: 0.885075, paupr: 0.285184, paupr_m: 0.522465, dauc: 0.885073, daupr: 0.359347, daupr_m: 0.437310
Epoch: 439 loss: 0.000024, pauc: 0.883623, paupr: 0.298624, paupr_m: 0.520133, dauc: 0.885270, daupr: 0.359598, daupr_m: 0.432669
Epoch: 449 loss: 0.000024, pauc: 0.886219, paupr: 0.273869, paupr_m: 0.483993, dauc: 0.884419, daupr: 0.351507, daupr_m: 0.431823
Epoch: 459 loss: 0.000023, pauc: 0.881942, paupr: 0.307308, paupr_m: 0.505718, dauc: 0.884274, daupr: 0.351264, daupr_m: 0.417743
Epoch: 469 loss: 0.000023, pauc: 0.868676, paupr: 0.289306, paupr_m: 0.499264, dauc: 0.885133, daupr: 0.352876, daupr_m: 0.425595
Epoch: 479 loss: 0.000023, pauc: 0.885071, paupr: 0.281363, paupr_m: 0.509520, dauc: 0.885122, daupr: 0.356082, daupr_m: 0.422951
Epoch: 489 loss: 0.000023, pauc: 0.883946, paupr: 0.292873, paupr_m: 0.501369, dauc: 0.885052, daupr: 0.359459, daupr_m: 0.425352
Epoch: 499 loss: 0.000023, pauc: 0.857509, paupr: 0.277781, paupr_m: 0.502881, dauc: 0.884915, daupr: 0.352530, daupr_m: 0.421902
Epoch: 509 loss: 0.000023, pauc: 0.883446, paupr: 0.281535, paupr_m: 0.502825, dauc: 0.885668, daupr: 0.359624, daupr_m: 0.438286
Epoch: 519 loss: 0.000023, pauc: 0.881577, paupr: 0.291302, paupr_m: 0.520760, dauc: 0.884948, daupr: 0.356614, daupr_m: 0.424284
Epoch: 529 loss: 0.000022, pauc: 0.869926, paupr: 0.283759, paupr_m: 0.503207, dauc: 0.886951, daupr: 0.367246, daupr_m: 0.425887
Epoch: 539 loss: 0.000022, pauc: 0.887367, paupr: 0.293422, paupr_m: 0.480589, dauc: 0.886074, daupr: 0.356892, daupr_m: 0.440500
Epoch: 549 loss: 0.000022, pauc: 0.884980, paupr: 0.293708, paupr_m: 0.515898, dauc: 0.884905, daupr: 0.357218, daupr_m: 0.426330
Epoch: 559 loss: 0.000022, pauc: 0.878353, paupr: 0.280963, paupr_m: 0.489928, dauc: 0.885363, daupr: 0.352129, daupr_m: 0.424474
Epoch: 569 loss: 0.000022, pauc: 0.861880, paupr: 0.285205, paupr_m: 0.505886, dauc: 0.885661, daupr: 0.356964, daupr_m: 0.436362
Epoch: 579 loss: 0.000022, pauc: 0.896667, paupr: 0.297154, paupr_m: 0.513661, dauc: 0.886067, daupr: 0.360010, daupr_m: 0.429251
Epoch: 589 loss: 0.000022, pauc: 0.869791, paupr: 0.273601, paupr_m: 0.498095, dauc: 0.886058, daupr: 0.354568, daupr_m: 0.433209
Epoch: 599 loss: 0.000022, pauc: 0.871248, paupr: 0.283196, paupr_m: 0.505433, dauc: 0.886008, daupr: 0.357614, daupr_m: 0.439487
Epoch: 609 loss: 0.000021, pauc: 0.892866, paupr: 0.301117, paupr_m: 0.524376, dauc: 0.885127, daupr: 0.351863, daupr_m: 0.459873
Epoch: 619 loss: 0.000021, pauc: 0.863212, paupr: 0.292643, paupr_m: 0.505980, dauc: 0.885557, daupr: 0.359165, daupr_m: 0.427915
Epoch: 629 loss: 0.000022, pauc: 0.874652, paupr: 0.295612, paupr_m: 0.520288, dauc: 0.886260, daupr: 0.358459, daupr_m: 0.444093
Epoch: 639 loss: 0.000021, pauc: 0.900754, paupr: 0.298233, paupr_m: 0.516201, dauc: 0.885634, daupr: 0.353691, daupr_m: 0.439174
Epoch: 649 loss: 0.000021, pauc: 0.865117, paupr: 0.296510, paupr_m: 0.519687, dauc: 0.885486, daupr: 0.355478, daupr_m: 0.437643
Epoch: 659 loss: 0.000021, pauc: 0.866410, paupr: 0.303857, paupr_m: 0.512175, dauc: 0.885730, daupr: 0.352211, daupr_m: 0.435945
Epoch: 669 loss: 0.000021, pauc: 0.874187, paupr: 0.300884, paupr_m: 0.515984, dauc: 0.885739, daupr: 0.362551, daupr_m: 0.445555
Epoch: 679 loss: 0.000021, pauc: 0.891120, paupr: 0.293041, paupr_m: 0.510982, dauc: 0.886402, daupr: 0.363080, daupr_m: 0.436267
Epoch: 689 loss: 0.000021, pauc: 0.876615, paupr: 0.292986, paupr_m: 0.499534, dauc: 0.886279, daupr: 0.368741, daupr_m: 0.469323
Epoch: 699 loss: 0.000021, pauc: 0.873008, paupr: 0.295940, paupr_m: 0.510482, dauc: 0.886222, daupr: 0.358098, daupr_m: 0.434823
Epoch: 709 loss: 0.000021, pauc: 0.880574, paupr: 0.291823, paupr_m: 0.530351, dauc: 0.886134, daupr: 0.360197, daupr_m: 0.459200
Epoch: 719 loss: 0.000021, pauc: 0.884774, paupr: 0.294034, paupr_m: 0.496797, dauc: 0.885865, daupr: 0.353104, daupr_m: 0.450793
Epoch: 729 loss: 0.000021, pauc: 0.872077, paupr: 0.289304, paupr_m: 0.506747, dauc: 0.886963, daupr: 0.372087, daupr_m: 0.447787
Epoch: 739 loss: 0.000021, pauc: 0.875517, paupr: 0.295130, paupr_m: 0.506248, dauc: 0.886187, daupr: 0.359331, daupr_m: 0.437536
Epoch: 749 loss: 0.000021, pauc: 0.876470, paupr: 0.304812, paupr_m: 0.528303, dauc: 0.886821, daupr: 0.366322, daupr_m: 0.445485
Epoch: 759 loss: 0.000020, pauc: 0.874313, paupr: 0.294907, paupr_m: 0.497324, dauc: 0.885963, daupr: 0.359950, daupr_m: 0.444413
Epoch: 769 loss: 0.000021, pauc: 0.873597, paupr: 0.306777, paupr_m: 0.517914, dauc: 0.886647, daupr: 0.357584, daupr_m: 0.437436
Epoch: 779 loss: 0.000020, pauc: 0.877367, paupr: 0.301365, paupr_m: 0.513906, dauc: 0.887358, daupr: 0.372881, daupr_m: 0.456414
Epoch: 789 loss: 0.000020, pauc: 0.872002, paupr: 0.294333, paupr_m: 0.502378, dauc: 0.886109, daupr: 0.356452, daupr_m: 0.453735
Epoch: 799 loss: 0.000021, pauc: 0.856803, paupr: 0.291708, paupr_m: 0.524480, dauc: 0.886505, daupr: 0.367406, daupr_m: 0.439055
Epoch: 809 loss: 0.000020, pauc: 0.888555, paupr: 0.296435, paupr_m: 0.508308, dauc: 0.887229, daupr: 0.371201, daupr_m: 0.441631
Epoch: 819 loss: 0.000020, pauc: 0.877335, paupr: 0.310130, paupr_m: 0.504165, dauc: 0.885563, daupr: 0.350688, daupr_m: 0.451943
Epoch: 829 loss: 0.000020, pauc: 0.877225, paupr: 0.321282, paupr_m: 0.516808, dauc: 0.886451, daupr: 0.365317, daupr_m: 0.439371
Epoch: 839 loss: 0.000020, pauc: 0.874183, paupr: 0.314496, paupr_m: 0.502992, dauc: 0.885556, daupr: 0.351009, daupr_m: 0.456589
Epoch: 849 loss: 0.000020, pauc: 0.870760, paupr: 0.309582, paupr_m: 0.514953, dauc: 0.886749, daupr: 0.367194, daupr_m: 0.451227
Epoch: 859 loss: 0.000019, pauc: 0.879132, paupr: 0.308349, paupr_m: 0.514873, dauc: 0.886568, daupr: 0.361223, daupr_m: 0.445570
Epoch: 869 loss: 0.000020, pauc: 0.878933, paupr: 0.284131, paupr_m: 0.522839, dauc: 0.886142, daupr: 0.361156, daupr_m: 0.459764
Epoch: 879 loss: 0.000020, pauc: 0.882329, paupr: 0.313618, paupr_m: 0.523908, dauc: 0.887518, daupr: 0.376093, daupr_m: 0.452401
Epoch: 889 loss: 0.000020, pauc: 0.872309, paupr: 0.289266, paupr_m: 0.516722, dauc: 0.886574, daupr: 0.360171, daupr_m: 0.458687
Epoch: 899 loss: 0.000019, pauc: 0.875572, paupr: 0.298546, paupr_m: 0.543329, dauc: 0.886044, daupr: 0.354406, daupr_m: 0.448907
Epoch: 909 loss: 0.000020, pauc: 0.855871, paupr: 0.305866, paupr_m: 0.534119, dauc: 0.886697, daupr: 0.371357, daupr_m: 0.459751
Epoch: 919 loss: 0.000019, pauc: 0.879385, paupr: 0.311846, paupr_m: 0.503964, dauc: 0.887167, daupr: 0.368989, daupr_m: 0.458580
Epoch: 929 loss: 0.000020, pauc: 0.881105, paupr: 0.298735, paupr_m: 0.516365, dauc: 0.885622, daupr: 0.353684, daupr_m: 0.452185
Epoch: 939 loss: 0.000019, pauc: 0.880787, paupr: 0.304084, paupr_m: 0.504024, dauc: 0.886976, daupr: 0.364226, daupr_m: 0.446002
Epoch: 949 loss: 0.000019, pauc: 0.863693, paupr: 0.305531, paupr_m: 0.509085, dauc: 0.886124, daupr: 0.361375, daupr_m: 0.456407
Epoch: 959 loss: 0.000019, pauc: 0.887850, paupr: 0.307427, paupr_m: 0.515160, dauc: 0.886191, daupr: 0.351445, daupr_m: 0.457444
Epoch: 969 loss: 0.000020, pauc: 0.869178, paupr: 0.311911, paupr_m: 0.524258, dauc: 0.887012, daupr: 0.364375, daupr_m: 0.450257
Epoch: 979 loss: 0.000019, pauc: 0.872289, paupr: 0.297213, paupr_m: 0.536878, dauc: 0.885871, daupr: 0.350279, daupr_m: 0.455080
Epoch: 989 loss: 0.000019, pauc: 0.875049, paupr: 0.302837, paupr_m: 0.533135, dauc: 0.886115, daupr: 0.353552, daupr_m: 0.458216
Epoch: 999 loss: 0.000019, pauc: 0.879765, paupr: 0.303418, paupr_m: 0.513556, dauc: 0.886577, daupr: 0.355239, daupr_m: 0.451682
Epoch: 9 loss: 0.000568, pauc: 0.818416, paupr: 0.021499, paupr_m: 0.066270, dauc: 0.772129, daupr: 0.193784, daupr_m: 0.232025
Epoch: 19 loss: 0.000431, pauc: 0.831399, paupr: 0.019022, paupr_m: 0.060508, dauc: 0.842714, daupr: 0.294849, daupr_m: 0.342546
Epoch: 29 loss: 0.000347, pauc: 0.837694, paupr: 0.030891, paupr_m: 0.101109, dauc: 0.869618, daupr: 0.326423, daupr_m: 0.381457
Epoch: 39 loss: 0.000281, pauc: 0.838324, paupr: 0.058511, paupr_m: 0.153119, dauc: 0.884903, daupr: 0.339072, daupr_m: 0.395013
Epoch: 49 loss: 0.000230, pauc: 0.833452, paupr: 0.065237, paupr_m: 0.143859, dauc: 0.892929, daupr: 0.338860, daupr_m: 0.393489
Epoch: 59 loss: 0.000187, pauc: 0.848256, paupr: 0.065280, paupr_m: 0.152399, dauc: 0.898142, daupr: 0.323757, daupr_m: 0.377596
Epoch: 69 loss: 0.000155, pauc: 0.847169, paupr: 0.095532, paupr_m: 0.193815, dauc: 0.900287, daupr: 0.322129, daupr_m: 0.368714
Epoch: 79 loss: 0.000130, pauc: 0.851999, paupr: 0.105945, paupr_m: 0.183758, dauc: 0.903485, daupr: 0.321170, daupr_m: 0.371362
Epoch: 89 loss: 0.000110, pauc: 0.862903, paupr: 0.158321, paupr_m: 0.213691, dauc: 0.904114, daupr: 0.322313, daupr_m: 0.375688
Epoch: 99 loss: 0.000096, pauc: 0.834328, paupr: 0.154054, paupr_m: 0.219756, dauc: 0.905283, daupr: 0.324181, daupr_m: 0.379269
Epoch: 109 loss: 0.000084, pauc: 0.853160, paupr: 0.168163, paupr_m: 0.252660, dauc: 0.904978, daupr: 0.318992, daupr_m: 0.379197
Epoch: 119 loss: 0.000074, pauc: 0.854131, paupr: 0.177048, paupr_m: 0.254167, dauc: 0.906446, daupr: 0.327729, daupr_m: 0.379442
Epoch: 129 loss: 0.000066, pauc: 0.852207, paupr: 0.160953, paupr_m: 0.249920, dauc: 0.907258, daupr: 0.322485, daupr_m: 0.379735
Epoch: 139 loss: 0.000061, pauc: 0.848301, paupr: 0.169519, paupr_m: 0.263121, dauc: 0.907765, daupr: 0.329335, daupr_m: 0.384210
Epoch: 149 loss: 0.000055, pauc: 0.840034, paupr: 0.210458, paupr_m: 0.277785, dauc: 0.907574, daupr: 0.324915, daupr_m: 0.385171
Epoch: 159 loss: 0.000051, pauc: 0.852137, paupr: 0.188514, paupr_m: 0.299399, dauc: 0.908604, daupr: 0.332694, daupr_m: 0.388310
Epoch: 169 loss: 0.000047, pauc: 0.843285, paupr: 0.202188, paupr_m: 0.286827, dauc: 0.908415, daupr: 0.328623, daupr_m: 0.387106
Epoch: 179 loss: 0.000044, pauc: 0.837711, paupr: 0.220377, paupr_m: 0.282635, dauc: 0.908803, daupr: 0.328255, daupr_m: 0.385305
Epoch: 189 loss: 0.000042, pauc: 0.853015, paupr: 0.197185, paupr_m: 0.280029, dauc: 0.908400, daupr: 0.328706, daupr_m: 0.390143
Epoch: 199 loss: 0.000040, pauc: 0.845492, paupr: 0.207197, paupr_m: 0.310153, dauc: 0.909640, daupr: 0.332430, daupr_m: 0.382718
Epoch: 209 loss: 0.000039, pauc: 0.831887, paupr: 0.193180, paupr_m: 0.295997, dauc: 0.908729, daupr: 0.320630, daupr_m: 0.384576
Epoch: 219 loss: 0.000037, pauc: 0.845358, paupr: 0.220785, paupr_m: 0.327064, dauc: 0.910653, daupr: 0.334924, daupr_m: 0.391503
Epoch: 229 loss: 0.000034, pauc: 0.847850, paupr: 0.198748, paupr_m: 0.338075, dauc: 0.909712, daupr: 0.331307, daupr_m: 0.389780
Epoch: 239 loss: 0.000034, pauc: 0.849261, paupr: 0.228310, paupr_m: 0.353228, dauc: 0.910118, daupr: 0.334621, daupr_m: 0.389192
Epoch: 249 loss: 0.000032, pauc: 0.857016, paupr: 0.216118, paupr_m: 0.330612, dauc: 0.910326, daupr: 0.334504, daupr_m: 0.388662
Epoch: 259 loss: 0.000032, pauc: 0.842419, paupr: 0.233113, paupr_m: 0.341048, dauc: 0.910197, daupr: 0.329970, daupr_m: 0.391125
Epoch: 269 loss: 0.000031, pauc: 0.845984, paupr: 0.226104, paupr_m: 0.342333, dauc: 0.911230, daupr: 0.335770, daupr_m: 0.394115
Epoch: 279 loss: 0.000031, pauc: 0.847622, paupr: 0.228247, paupr_m: 0.333279, dauc: 0.911251, daupr: 0.334576, daupr_m: 0.393069
Epoch: 289 loss: 0.000029, pauc: 0.868289, paupr: 0.216641, paupr_m: 0.322154, dauc: 0.910338, daupr: 0.337388, daupr_m: 0.396387
Epoch: 299 loss: 0.000028, pauc: 0.842485, paupr: 0.226571, paupr_m: 0.351758, dauc: 0.910997, daupr: 0.336704, daupr_m: 0.394151
Epoch: 309 loss: 0.000028, pauc: 0.842034, paupr: 0.229684, paupr_m: 0.344327, dauc: 0.911215, daupr: 0.342603, daupr_m: 0.394408
Epoch: 319 loss: 0.000028, pauc: 0.838025, paupr: 0.231393, paupr_m: 0.366713, dauc: 0.910525, daupr: 0.331067, daupr_m: 0.396646
Epoch: 329 loss: 0.000028, pauc: 0.858654, paupr: 0.238318, paupr_m: 0.342900, dauc: 0.912081, daupr: 0.346684, daupr_m: 0.396660
Epoch: 339 loss: 0.000027, pauc: 0.858306, paupr: 0.230461, paupr_m: 0.334128, dauc: 0.911079, daupr: 0.341947, daupr_m: 0.399942
Epoch: 349 loss: 0.000027, pauc: 0.855323, paupr: 0.239323, paupr_m: 0.357684, dauc: 0.911392, daupr: 0.336499, daupr_m: 0.400531
Epoch: 359 loss: 0.000027, pauc: 0.852680, paupr: 0.237542, paupr_m: 0.328477, dauc: 0.912015, daupr: 0.345245, daupr_m: 0.405035
Epoch: 369 loss: 0.000026, pauc: 0.849257, paupr: 0.245545, paupr_m: 0.355513, dauc: 0.911972, daupr: 0.343709, daupr_m: 0.399330
Epoch: 379 loss: 0.000025, pauc: 0.858828, paupr: 0.241302, paupr_m: 0.352140, dauc: 0.911445, daupr: 0.336514, daupr_m: 0.405100
Epoch: 389 loss: 0.000025, pauc: 0.867446, paupr: 0.241676, paupr_m: 0.340814, dauc: 0.911641, daupr: 0.334956, daupr_m: 0.400468
Epoch: 399 loss: 0.000024, pauc: 0.858340, paupr: 0.251289, paupr_m: 0.336025, dauc: 0.911531, daupr: 0.337859, daupr_m: 0.401527
Epoch: 409 loss: 0.000025, pauc: 0.859822, paupr: 0.237574, paupr_m: 0.335799, dauc: 0.912008, daupr: 0.341503, daupr_m: 0.403520
Epoch: 419 loss: 0.000024, pauc: 0.860515, paupr: 0.243188, paupr_m: 0.375576, dauc: 0.912038, daupr: 0.342303, daupr_m: 0.411276
Epoch: 429 loss: 0.000024, pauc: 0.841768, paupr: 0.243570, paupr_m: 0.335392, dauc: 0.911427, daupr: 0.337489, daupr_m: 0.405917
Epoch: 439 loss: 0.000024, pauc: 0.840886, paupr: 0.248249, paupr_m: 0.357815, dauc: 0.912796, daupr: 0.350750, daupr_m: 0.405340
Epoch: 449 loss: 0.000024, pauc: 0.848843, paupr: 0.236974, paupr_m: 0.342376, dauc: 0.912017, daupr: 0.341685, daupr_m: 0.408256
Epoch: 459 loss: 0.000024, pauc: 0.849499, paupr: 0.255283, paupr_m: 0.349771, dauc: 0.911560, daupr: 0.332735, daupr_m: 0.409853
Epoch: 469 loss: 0.000024, pauc: 0.852824, paupr: 0.251713, paupr_m: 0.357403, dauc: 0.911894, daupr: 0.335687, daupr_m: 0.405375
Epoch: 479 loss: 0.000023, pauc: 0.858136, paupr: 0.253236, paupr_m: 0.346396, dauc: 0.911686, daupr: 0.335375, daupr_m: 0.409899
Epoch: 489 loss: 0.000023, pauc: 0.851578, paupr: 0.244356, paupr_m: 0.340397, dauc: 0.912259, daupr: 0.344149, daupr_m: 0.411135
Epoch: 499 loss: 0.000023, pauc: 0.852587, paupr: 0.235800, paupr_m: 0.339025, dauc: 0.912410, daupr: 0.346826, daupr_m: 0.413232
Epoch: 509 loss: 0.000023, pauc: 0.858817, paupr: 0.251404, paupr_m: 0.359393, dauc: 0.912156, daupr: 0.342317, daupr_m: 0.412320
Epoch: 519 loss: 0.000022, pauc: 0.858128, paupr: 0.250453, paupr_m: 0.346339, dauc: 0.911831, daupr: 0.335361, daupr_m: 0.412464
Epoch: 529 loss: 0.000023, pauc: 0.844646, paupr: 0.256021, paupr_m: 0.378790, dauc: 0.911842, daupr: 0.336384, daupr_m: 0.413234
Epoch: 539 loss: 0.000022, pauc: 0.863423, paupr: 0.258441, paupr_m: 0.380891, dauc: 0.912376, daupr: 0.345856, daupr_m: 0.418581
Epoch: 549 loss: 0.000022, pauc: 0.839245, paupr: 0.235909, paupr_m: 0.353641, dauc: 0.913198, daupr: 0.352697, daupr_m: 0.415692
Epoch: 559 loss: 0.000022, pauc: 0.867714, paupr: 0.261039, paupr_m: 0.359352, dauc: 0.912373, daupr: 0.350884, daupr_m: 0.416502
Epoch: 569 loss: 0.000022, pauc: 0.858239, paupr: 0.250289, paupr_m: 0.341925, dauc: 0.912921, daupr: 0.358301, daupr_m: 0.415220
Epoch: 579 loss: 0.000021, pauc: 0.842154, paupr: 0.249476, paupr_m: 0.378315, dauc: 0.912371, daupr: 0.343383, daupr_m: 0.413371
Epoch: 589 loss: 0.000022, pauc: 0.848877, paupr: 0.260860, paupr_m: 0.349935, dauc: 0.912247, daupr: 0.341953, daupr_m: 0.416643
Epoch: 599 loss: 0.000022, pauc: 0.851181, paupr: 0.257138, paupr_m: 0.353869, dauc: 0.912413, daupr: 0.344748, daupr_m: 0.419777
Epoch: 609 loss: 0.000021, pauc: 0.848482, paupr: 0.264699, paupr_m: 0.384970, dauc: 0.913446, daupr: 0.351008, daupr_m: 0.419768
Epoch: 619 loss: 0.000022, pauc: 0.846168, paupr: 0.250778, paupr_m: 0.366131, dauc: 0.912762, daupr: 0.345952, daupr_m: 0.422365
Epoch: 629 loss: 0.000021, pauc: 0.836689, paupr: 0.264462, paupr_m: 0.372132, dauc: 0.913021, daupr: 0.351433, daupr_m: 0.417614
Epoch: 639 loss: 0.000021, pauc: 0.854116, paupr: 0.253464, paupr_m: 0.367742, dauc: 0.913786, daupr: 0.366752, daupr_m: 0.420941
Epoch: 649 loss: 0.000021, pauc: 0.844055, paupr: 0.253593, paupr_m: 0.367086, dauc: 0.912729, daupr: 0.339389, daupr_m: 0.421126
Epoch: 659 loss: 0.000021, pauc: 0.845474, paupr: 0.248801, paupr_m: 0.365580, dauc: 0.912839, daupr: 0.338415, daupr_m: 0.421927
Epoch: 669 loss: 0.000021, pauc: 0.829893, paupr: 0.263343, paupr_m: 0.375832, dauc: 0.913006, daupr: 0.351855, daupr_m: 0.424117
Epoch: 679 loss: 0.000021, pauc: 0.848086, paupr: 0.265439, paupr_m: 0.357170, dauc: 0.912653, daupr: 0.342560, daupr_m: 0.422599
Epoch: 689 loss: 0.000021, pauc: 0.859642, paupr: 0.256580, paupr_m: 0.358010, dauc: 0.912528, daupr: 0.343217, daupr_m: 0.422554
Epoch: 699 loss: 0.000021, pauc: 0.848290, paupr: 0.256142, paupr_m: 0.368755, dauc: 0.912677, daupr: 0.343210, daupr_m: 0.424246
Epoch: 709 loss: 0.000021, pauc: 0.849333, paupr: 0.248933, paupr_m: 0.353697, dauc: 0.912491, daupr: 0.344841, daupr_m: 0.426805
Epoch: 719 loss: 0.000020, pauc: 0.858352, paupr: 0.263269, paupr_m: 0.368571, dauc: 0.913276, daupr: 0.357472, daupr_m: 0.427286
Epoch: 729 loss: 0.000020, pauc: 0.848502, paupr: 0.264117, paupr_m: 0.368608, dauc: 0.913763, daupr: 0.356955, daupr_m: 0.426854
Epoch: 739 loss: 0.000020, pauc: 0.833720, paupr: 0.264459, paupr_m: 0.356945, dauc: 0.912706, daupr: 0.346510, daupr_m: 0.425530
Epoch: 749 loss: 0.000021, pauc: 0.847670, paupr: 0.261707, paupr_m: 0.354626, dauc: 0.912822, daupr: 0.349111, daupr_m: 0.424517
Epoch: 759 loss: 0.000020, pauc: 0.869473, paupr: 0.267205, paupr_m: 0.362245, dauc: 0.912699, daupr: 0.346340, daupr_m: 0.424866
Epoch: 769 loss: 0.000020, pauc: 0.843340, paupr: 0.254551, paupr_m: 0.356527, dauc: 0.912724, daupr: 0.345355, daupr_m: 0.426272
Epoch: 779 loss: 0.000020, pauc: 0.856219, paupr: 0.262708, paupr_m: 0.373433, dauc: 0.912890, daupr: 0.346957, daupr_m: 0.424600
Epoch: 789 loss: 0.000020, pauc: 0.843952, paupr: 0.259334, paupr_m: 0.351185, dauc: 0.913174, daupr: 0.351632, daupr_m: 0.429304
Epoch: 799 loss: 0.000020, pauc: 0.845341, paupr: 0.257477, paupr_m: 0.358489, dauc: 0.913345, daupr: 0.356731, daupr_m: 0.424136
Epoch: 809 loss: 0.000020, pauc: 0.844313, paupr: 0.252218, paupr_m: 0.387784, dauc: 0.912859, daupr: 0.354530, daupr_m: 0.429489
Epoch: 819 loss: 0.000021, pauc: 0.857790, paupr: 0.256179, paupr_m: 0.343815, dauc: 0.913048, daupr: 0.350536, daupr_m: 0.429488
Epoch: 829 loss: 0.000020, pauc: 0.849806, paupr: 0.255025, paupr_m: 0.382672, dauc: 0.912991, daupr: 0.350973, daupr_m: 0.431179
Epoch: 839 loss: 0.000020, pauc: 0.858103, paupr: 0.259729, paupr_m: 0.370007, dauc: 0.913613, daupr: 0.356160, daupr_m: 0.430243
Epoch: 849 loss: 0.000020, pauc: 0.848316, paupr: 0.264769, paupr_m: 0.366433, dauc: 0.913203, daupr: 0.362283, daupr_m: 0.430094
Epoch: 859 loss: 0.000020, pauc: 0.836364, paupr: 0.251147, paupr_m: 0.336433, dauc: 0.912851, daupr: 0.351255, daupr_m: 0.432213
Epoch: 869 loss: 0.000020, pauc: 0.853143, paupr: 0.262245, paupr_m: 0.366874, dauc: 0.913199, daupr: 0.360834, daupr_m: 0.428404
Epoch: 879 loss: 0.000019, pauc: 0.835942, paupr: 0.262233, paupr_m: 0.374718, dauc: 0.912874, daupr: 0.352416, daupr_m: 0.429806
Epoch: 889 loss: 0.000019, pauc: 0.851747, paupr: 0.260808, paupr_m: 0.369107, dauc: 0.912667, daupr: 0.352342, daupr_m: 0.433819
Epoch: 899 loss: 0.000020, pauc: 0.847423, paupr: 0.258312, paupr_m: 0.359491, dauc: 0.913659, daupr: 0.360648, daupr_m: 0.433531
Epoch: 909 loss: 0.000019, pauc: 0.864880, paupr: 0.250754, paupr_m: 0.362199, dauc: 0.912504, daupr: 0.347109, daupr_m: 0.434179
Epoch: 919 loss: 0.000020, pauc: 0.860220, paupr: 0.252717, paupr_m: 0.364529, dauc: 0.912926, daupr: 0.353878, daupr_m: 0.432092
Epoch: 929 loss: 0.000020, pauc: 0.849539, paupr: 0.273234, paupr_m: 0.375092, dauc: 0.913456, daupr: 0.352601, daupr_m: 0.434001
Epoch: 939 loss: 0.000019, pauc: 0.829316, paupr: 0.256248, paupr_m: 0.365559, dauc: 0.913281, daupr: 0.349886, daupr_m: 0.433136
Epoch: 949 loss: 0.000020, pauc: 0.852536, paupr: 0.259908, paupr_m: 0.349506, dauc: 0.912994, daupr: 0.352517, daupr_m: 0.431892
Epoch: 959 loss: 0.000019, pauc: 0.853634, paupr: 0.262476, paupr_m: 0.371141, dauc: 0.912044, daupr: 0.342414, daupr_m: 0.437292
Epoch: 969 loss: 0.000019, pauc: 0.830490, paupr: 0.254542, paupr_m: 0.352004, dauc: 0.913037, daupr: 0.350510, daupr_m: 0.434568
Epoch: 979 loss: 0.000019, pauc: 0.847310, paupr: 0.261056, paupr_m: 0.379319, dauc: 0.913425, daupr: 0.357652, daupr_m: 0.435669
Epoch: 989 loss: 0.000019, pauc: 0.838231, paupr: 0.263764, paupr_m: 0.371341, dauc: 0.913100, daupr: 0.348791, daupr_m: 0.433182
Epoch: 999 loss: 0.000019, pauc: 0.845937, paupr: 0.265189, paupr_m: 0.366228, dauc: 0.913341, daupr: 0.359152, daupr_m: 0.434095
Epoch: 9 loss: 0.000572, pauc: 0.878120, paupr: 0.027016, paupr_m: 0.067357, dauc: 0.776317, daupr: 0.225844, daupr_m: 0.252569
Epoch: 19 loss: 0.000436, pauc: 0.890008, paupr: 0.044956, paupr_m: 0.123429, dauc: 0.845325, daupr: 0.344321, daupr_m: 0.384797
Epoch: 29 loss: 0.000348, pauc: 0.881866, paupr: 0.069387, paupr_m: 0.145477, dauc: 0.871901, daupr: 0.377980, daupr_m: 0.426565
Epoch: 39 loss: 0.000281, pauc: 0.890326, paupr: 0.101130, paupr_m: 0.162676, dauc: 0.886318, daupr: 0.388100, daupr_m: 0.436617
Epoch: 49 loss: 0.000227, pauc: 0.887873, paupr: 0.120560, paupr_m: 0.173463, dauc: 0.895224, daupr: 0.392182, daupr_m: 0.432622
Epoch: 59 loss: 0.000186, pauc: 0.887875, paupr: 0.131746, paupr_m: 0.187696, dauc: 0.899924, daupr: 0.384942, daupr_m: 0.424734
Epoch: 69 loss: 0.000154, pauc: 0.886771, paupr: 0.173926, paupr_m: 0.219053, dauc: 0.903992, daupr: 0.377265, daupr_m: 0.413071
Epoch: 79 loss: 0.000128, pauc: 0.896289, paupr: 0.178676, paupr_m: 0.226915, dauc: 0.907217, daupr: 0.381649, daupr_m: 0.413630
Epoch: 89 loss: 0.000110, pauc: 0.897966, paupr: 0.208289, paupr_m: 0.277342, dauc: 0.908529, daupr: 0.387064, daupr_m: 0.421486
Epoch: 99 loss: 0.000095, pauc: 0.900915, paupr: 0.220197, paupr_m: 0.278766, dauc: 0.910642, daupr: 0.390396, daupr_m: 0.426907
Epoch: 109 loss: 0.000083, pauc: 0.884566, paupr: 0.231075, paupr_m: 0.308656, dauc: 0.910416, daupr: 0.386652, daupr_m: 0.430515
Epoch: 119 loss: 0.000073, pauc: 0.886440, paupr: 0.230317, paupr_m: 0.296673, dauc: 0.912059, daupr: 0.385949, daupr_m: 0.424241
Epoch: 129 loss: 0.000066, pauc: 0.866004, paupr: 0.236104, paupr_m: 0.330575, dauc: 0.911912, daupr: 0.385410, daupr_m: 0.429482
Epoch: 139 loss: 0.000060, pauc: 0.881444, paupr: 0.259125, paupr_m: 0.333766, dauc: 0.913351, daupr: 0.388544, daupr_m: 0.427023
Epoch: 149 loss: 0.000055, pauc: 0.871259, paupr: 0.242297, paupr_m: 0.330066, dauc: 0.913203, daupr: 0.385824, daupr_m: 0.427686
Epoch: 159 loss: 0.000051, pauc: 0.872505, paupr: 0.264432, paupr_m: 0.356763, dauc: 0.913066, daupr: 0.384946, daupr_m: 0.429798
Epoch: 169 loss: 0.000047, pauc: 0.869710, paupr: 0.250882, paupr_m: 0.340532, dauc: 0.913952, daupr: 0.389954, daupr_m: 0.429303
Epoch: 179 loss: 0.000044, pauc: 0.876700, paupr: 0.237671, paupr_m: 0.356910, dauc: 0.914549, daupr: 0.392920, daupr_m: 0.435258
Epoch: 189 loss: 0.000042, pauc: 0.870747, paupr: 0.259537, paupr_m: 0.395289, dauc: 0.913934, daupr: 0.387701, daupr_m: 0.432259
Epoch: 199 loss: 0.000040, pauc: 0.863824, paupr: 0.251728, paupr_m: 0.363774, dauc: 0.913831, daupr: 0.386273, daupr_m: 0.435201
Epoch: 209 loss: 0.000038, pauc: 0.881244, paupr: 0.263733, paupr_m: 0.388020, dauc: 0.915139, daupr: 0.392426, daupr_m: 0.434035
Epoch: 219 loss: 0.000037, pauc: 0.879159, paupr: 0.262356, paupr_m: 0.385347, dauc: 0.915011, daupr: 0.393010, daupr_m: 0.435564
Epoch: 229 loss: 0.000035, pauc: 0.874816, paupr: 0.274127, paupr_m: 0.399265, dauc: 0.915467, daupr: 0.400348, daupr_m: 0.438046
Epoch: 239 loss: 0.000035, pauc: 0.870268, paupr: 0.247691, paupr_m: 0.376524, dauc: 0.915380, daupr: 0.392460, daupr_m: 0.437327
Epoch: 249 loss: 0.000034, pauc: 0.869087, paupr: 0.272832, paupr_m: 0.394928, dauc: 0.914944, daupr: 0.390021, daupr_m: 0.435108
Epoch: 259 loss: 0.000033, pauc: 0.864621, paupr: 0.286738, paupr_m: 0.390522, dauc: 0.915314, daupr: 0.395715, daupr_m: 0.439504
Epoch: 269 loss: 0.000031, pauc: 0.876197, paupr: 0.272731, paupr_m: 0.402668, dauc: 0.915748, daupr: 0.396305, daupr_m: 0.436579
Epoch: 279 loss: 0.000031, pauc: 0.874715, paupr: 0.263640, paupr_m: 0.394255, dauc: 0.916340, daupr: 0.401534, daupr_m: 0.440730
Epoch: 289 loss: 0.000030, pauc: 0.884064, paupr: 0.277386, paupr_m: 0.386077, dauc: 0.915933, daupr: 0.400849, daupr_m: 0.439062
Epoch: 299 loss: 0.000029, pauc: 0.853549, paupr: 0.280624, paupr_m: 0.402748, dauc: 0.915774, daupr: 0.399397, daupr_m: 0.443628
Epoch: 309 loss: 0.000029, pauc: 0.851185, paupr: 0.281271, paupr_m: 0.400360, dauc: 0.915711, daupr: 0.389741, daupr_m: 0.442037
Epoch: 319 loss: 0.000028, pauc: 0.851399, paupr: 0.275229, paupr_m: 0.401969, dauc: 0.915576, daupr: 0.395088, daupr_m: 0.444409
Epoch: 329 loss: 0.000028, pauc: 0.867252, paupr: 0.272865, paupr_m: 0.412892, dauc: 0.915684, daupr: 0.390692, daupr_m: 0.442380
Epoch: 339 loss: 0.000027, pauc: 0.875212, paupr: 0.273929, paupr_m: 0.404401, dauc: 0.915595, daupr: 0.392689, daupr_m: 0.444371
Epoch: 349 loss: 0.000027, pauc: 0.877137, paupr: 0.276851, paupr_m: 0.418410, dauc: 0.917110, daupr: 0.402005, daupr_m: 0.445482
Epoch: 359 loss: 0.000026, pauc: 0.864473, paupr: 0.290042, paupr_m: 0.412443, dauc: 0.916255, daupr: 0.393241, daupr_m: 0.440993
Epoch: 369 loss: 0.000026, pauc: 0.875033, paupr: 0.272188, paupr_m: 0.413143, dauc: 0.917153, daupr: 0.404539, daupr_m: 0.448035
Epoch: 379 loss: 0.000026, pauc: 0.879433, paupr: 0.289203, paupr_m: 0.410838, dauc: 0.916782, daupr: 0.399481, daupr_m: 0.448794
Epoch: 389 loss: 0.000025, pauc: 0.869250, paupr: 0.275221, paupr_m: 0.412011, dauc: 0.916353, daupr: 0.396545, daupr_m: 0.448321
Epoch: 399 loss: 0.000025, pauc: 0.885500, paupr: 0.292976, paupr_m: 0.430394, dauc: 0.916822, daupr: 0.398280, daupr_m: 0.451722
Epoch: 409 loss: 0.000025, pauc: 0.871739, paupr: 0.286502, paupr_m: 0.413834, dauc: 0.917245, daupr: 0.406770, daupr_m: 0.451593
Epoch: 419 loss: 0.000025, pauc: 0.873926, paupr: 0.269225, paupr_m: 0.407746, dauc: 0.917439, daupr: 0.410845, daupr_m: 0.456292
Epoch: 429 loss: 0.000024, pauc: 0.877424, paupr: 0.296523, paupr_m: 0.416306, dauc: 0.916159, daupr: 0.390969, daupr_m: 0.453005
Epoch: 439 loss: 0.000025, pauc: 0.873828, paupr: 0.274524, paupr_m: 0.426787, dauc: 0.917391, daupr: 0.409976, daupr_m: 0.451571
Epoch: 449 loss: 0.000024, pauc: 0.883409, paupr: 0.295582, paupr_m: 0.424957, dauc: 0.917260, daupr: 0.404676, daupr_m: 0.452139
Epoch: 459 loss: 0.000024, pauc: 0.867313, paupr: 0.277693, paupr_m: 0.419034, dauc: 0.917074, daupr: 0.397566, daupr_m: 0.455521
Epoch: 469 loss: 0.000024, pauc: 0.889737, paupr: 0.275387, paupr_m: 0.400970, dauc: 0.917187, daupr: 0.401592, daupr_m: 0.456025
Epoch: 479 loss: 0.000023, pauc: 0.861928, paupr: 0.284026, paupr_m: 0.418273, dauc: 0.917071, daupr: 0.394472, daupr_m: 0.452331
Epoch: 489 loss: 0.000024, pauc: 0.854151, paupr: 0.289960, paupr_m: 0.406130, dauc: 0.917843, daupr: 0.411049, daupr_m: 0.454027
Epoch: 499 loss: 0.000024, pauc: 0.884353, paupr: 0.291226, paupr_m: 0.414009, dauc: 0.916984, daupr: 0.393700, daupr_m: 0.456167
Epoch: 509 loss: 0.000023, pauc: 0.868259, paupr: 0.282864, paupr_m: 0.412679, dauc: 0.917578, daupr: 0.402834, daupr_m: 0.456818
Epoch: 519 loss: 0.000023, pauc: 0.874489, paupr: 0.306444, paupr_m: 0.420908, dauc: 0.917375, daupr: 0.404749, daupr_m: 0.456620
Epoch: 529 loss: 0.000023, pauc: 0.877477, paupr: 0.292662, paupr_m: 0.409924, dauc: 0.918333, daupr: 0.416788, daupr_m: 0.458420
Epoch: 539 loss: 0.000022, pauc: 0.884532, paupr: 0.285063, paupr_m: 0.410306, dauc: 0.917605, daupr: 0.403497, daupr_m: 0.458112
Epoch: 549 loss: 0.000022, pauc: 0.866429, paupr: 0.286365, paupr_m: 0.415527, dauc: 0.917192, daupr: 0.396538, daupr_m: 0.462511
Epoch: 559 loss: 0.000022, pauc: 0.863805, paupr: 0.303440, paupr_m: 0.422251, dauc: 0.918139, daupr: 0.417379, daupr_m: 0.462197
Epoch: 569 loss: 0.000022, pauc: 0.873152, paupr: 0.288493, paupr_m: 0.434765, dauc: 0.917539, daupr: 0.404369, daupr_m: 0.464232
Epoch: 579 loss: 0.000022, pauc: 0.876069, paupr: 0.279792, paupr_m: 0.436814, dauc: 0.917559, daupr: 0.401534, daupr_m: 0.463574
Epoch: 589 loss: 0.000022, pauc: 0.870028, paupr: 0.290017, paupr_m: 0.401534, dauc: 0.918032, daupr: 0.415960, daupr_m: 0.461077
Epoch: 599 loss: 0.000022, pauc: 0.879218, paupr: 0.286924, paupr_m: 0.422648, dauc: 0.917566, daupr: 0.411598, daupr_m: 0.464296
Epoch: 609 loss: 0.000022, pauc: 0.871615, paupr: 0.274155, paupr_m: 0.416762, dauc: 0.917708, daupr: 0.407337, daupr_m: 0.463644
Epoch: 619 loss: 0.000022, pauc: 0.864810, paupr: 0.291059, paupr_m: 0.410283, dauc: 0.917637, daupr: 0.401545, daupr_m: 0.463336
Epoch: 629 loss: 0.000021, pauc: 0.862267, paupr: 0.285338, paupr_m: 0.414134, dauc: 0.917698, daupr: 0.406795, daupr_m: 0.466201
Epoch: 639 loss: 0.000021, pauc: 0.857884, paupr: 0.273677, paupr_m: 0.418988, dauc: 0.917908, daupr: 0.411654, daupr_m: 0.465798
Epoch: 649 loss: 0.000021, pauc: 0.861820, paupr: 0.300515, paupr_m: 0.413955, dauc: 0.917975, daupr: 0.416832, daupr_m: 0.469626
Epoch: 659 loss: 0.000021, pauc: 0.866473, paupr: 0.295336, paupr_m: 0.422444, dauc: 0.918404, daupr: 0.413899, daupr_m: 0.468543
Epoch: 669 loss: 0.000021, pauc: 0.866412, paupr: 0.293171, paupr_m: 0.411284, dauc: 0.918219, daupr: 0.415907, daupr_m: 0.471637
Epoch: 679 loss: 0.000021, pauc: 0.863818, paupr: 0.280070, paupr_m: 0.411880, dauc: 0.918162, daupr: 0.414906, daupr_m: 0.467293
Epoch: 689 loss: 0.000021, pauc: 0.877587, paupr: 0.292759, paupr_m: 0.430085, dauc: 0.917813, daupr: 0.410200, daupr_m: 0.467914
Epoch: 699 loss: 0.000021, pauc: 0.885289, paupr: 0.276778, paupr_m: 0.409027, dauc: 0.918686, daupr: 0.419439, daupr_m: 0.468843
Epoch: 709 loss: 0.000021, pauc: 0.863787, paupr: 0.292390, paupr_m: 0.432101, dauc: 0.917544, daupr: 0.400830, daupr_m: 0.470652
Epoch: 719 loss: 0.000021, pauc: 0.863099, paupr: 0.282291, paupr_m: 0.411676, dauc: 0.918120, daupr: 0.408987, daupr_m: 0.469881
Epoch: 729 loss: 0.000021, pauc: 0.876713, paupr: 0.291143, paupr_m: 0.418323, dauc: 0.918053, daupr: 0.409145, daupr_m: 0.468542
Epoch: 739 loss: 0.000021, pauc: 0.887355, paupr: 0.297196, paupr_m: 0.437562, dauc: 0.917968, daupr: 0.408325, daupr_m: 0.475975
Epoch: 749 loss: 0.000021, pauc: 0.869104, paupr: 0.285454, paupr_m: 0.424486, dauc: 0.918442, daupr: 0.416943, daupr_m: 0.467562
Epoch: 759 loss: 0.000020, pauc: 0.867529, paupr: 0.293444, paupr_m: 0.438362, dauc: 0.918266, daupr: 0.417973, daupr_m: 0.473343
Epoch: 769 loss: 0.000020, pauc: 0.884070, paupr: 0.297395, paupr_m: 0.419681, dauc: 0.918265, daupr: 0.412223, daupr_m: 0.471705
Epoch: 779 loss: 0.000020, pauc: 0.860777, paupr: 0.284021, paupr_m: 0.425645, dauc: 0.918417, daupr: 0.417673, daupr_m: 0.474186
Epoch: 789 loss: 0.000020, pauc: 0.872563, paupr: 0.291054, paupr_m: 0.419721, dauc: 0.917605, daupr: 0.402815, daupr_m: 0.473444
Epoch: 799 loss: 0.000020, pauc: 0.880367, paupr: 0.294352, paupr_m: 0.416582, dauc: 0.918004, daupr: 0.409646, daupr_m: 0.472739
Epoch: 809 loss: 0.000020, pauc: 0.870490, paupr: 0.290556, paupr_m: 0.422570, dauc: 0.917890, daupr: 0.407469, daupr_m: 0.472155
Epoch: 819 loss: 0.000020, pauc: 0.871032, paupr: 0.283160, paupr_m: 0.411975, dauc: 0.918804, daupr: 0.424863, daupr_m: 0.472887
Epoch: 829 loss: 0.000020, pauc: 0.863454, paupr: 0.291147, paupr_m: 0.414806, dauc: 0.917824, daupr: 0.404475, daupr_m: 0.474816
Epoch: 839 loss: 0.000020, pauc: 0.858604, paupr: 0.287485, paupr_m: 0.440911, dauc: 0.918513, daupr: 0.424781, daupr_m: 0.476799
Epoch: 849 loss: 0.000020, pauc: 0.878898, paupr: 0.278331, paupr_m: 0.415630, dauc: 0.918240, daupr: 0.412653, daupr_m: 0.475843
Epoch: 859 loss: 0.000020, pauc: 0.870597, paupr: 0.262757, paupr_m: 0.409993, dauc: 0.917759, daupr: 0.399405, daupr_m: 0.478588
Epoch: 869 loss: 0.000020, pauc: 0.891435, paupr: 0.290863, paupr_m: 0.410787, dauc: 0.918538, daupr: 0.419742, daupr_m: 0.475899
Epoch: 879 loss: 0.000020, pauc: 0.866734, paupr: 0.286840, paupr_m: 0.413882, dauc: 0.919018, daupr: 0.428326, daupr_m: 0.474172
Epoch: 889 loss: 0.000019, pauc: 0.871628, paupr: 0.290754, paupr_m: 0.412936, dauc: 0.918769, daupr: 0.422118, daupr_m: 0.478080
Epoch: 899 loss: 0.000020, pauc: 0.885746, paupr: 0.289039, paupr_m: 0.418430, dauc: 0.918235, daupr: 0.415231, daupr_m: 0.477464
Epoch: 909 loss: 0.000020, pauc: 0.878302, paupr: 0.293852, paupr_m: 0.430094, dauc: 0.918355, daupr: 0.411565, daupr_m: 0.479313
Epoch: 919 loss: 0.000019, pauc: 0.867946, paupr: 0.287684, paupr_m: 0.436875, dauc: 0.918869, daupr: 0.419294, daupr_m: 0.478751
Epoch: 929 loss: 0.000019, pauc: 0.874911, paupr: 0.290518, paupr_m: 0.428376, dauc: 0.918043, daupr: 0.407329, daupr_m: 0.475868
Epoch: 939 loss: 0.000020, pauc: 0.870430, paupr: 0.279636, paupr_m: 0.408092, dauc: 0.918690, daupr: 0.421377, daupr_m: 0.478715
Epoch: 949 loss: 0.000019, pauc: 0.863191, paupr: 0.275734, paupr_m: 0.427751, dauc: 0.918557, daupr: 0.418583, daupr_m: 0.479576
Epoch: 959 loss: 0.000019, pauc: 0.864116, paupr: 0.274675, paupr_m: 0.426917, dauc: 0.918573, daupr: 0.415010, daupr_m: 0.475987
Epoch: 969 loss: 0.000019, pauc: 0.869909, paupr: 0.283311, paupr_m: 0.421243, dauc: 0.918242, daupr: 0.408037, daupr_m: 0.479855
Epoch: 979 loss: 0.000019, pauc: 0.865583, paupr: 0.276778, paupr_m: 0.427438, dauc: 0.918248, daupr: 0.422734, daupr_m: 0.477775
Epoch: 989 loss: 0.000019, pauc: 0.879190, paupr: 0.277722, paupr_m: 0.433403, dauc: 0.919070, daupr: 0.425016, daupr_m: 0.480107
Epoch: 999 loss: 0.000020, pauc: 0.856303, paupr: 0.289335, paupr_m: 0.427617, dauc: 0.918201, daupr: 0.414600, daupr_m: 0.479651
Epoch: 9 loss: 0.000585, pauc: 0.925134, paupr: 0.029572, paupr_m: 0.073749, dauc: 0.760885, daupr: 0.202164, daupr_m: 0.226332
Epoch: 19 loss: 0.000442, pauc: 0.936738, paupr: 0.047286, paupr_m: 0.120912, dauc: 0.830274, daupr: 0.302618, daupr_m: 0.346060
Epoch: 29 loss: 0.000357, pauc: 0.929039, paupr: 0.062778, paupr_m: 0.163448, dauc: 0.857247, daupr: 0.331272, daupr_m: 0.379520
Epoch: 39 loss: 0.000286, pauc: 0.939935, paupr: 0.116943, paupr_m: 0.225287, dauc: 0.871558, daupr: 0.340430, daupr_m: 0.394213
Epoch: 49 loss: 0.000231, pauc: 0.939665, paupr: 0.117482, paupr_m: 0.230446, dauc: 0.881714, daupr: 0.345402, daupr_m: 0.389905
Epoch: 59 loss: 0.000187, pauc: 0.932843, paupr: 0.207639, paupr_m: 0.286801, dauc: 0.887374, daupr: 0.334427, daupr_m: 0.372731
Epoch: 69 loss: 0.000155, pauc: 0.935747, paupr: 0.202836, paupr_m: 0.315011, dauc: 0.890954, daupr: 0.331194, daupr_m: 0.364395
Epoch: 79 loss: 0.000130, pauc: 0.945364, paupr: 0.239829, paupr_m: 0.311539, dauc: 0.893987, daupr: 0.330976, daupr_m: 0.368381
Epoch: 89 loss: 0.000111, pauc: 0.937921, paupr: 0.318519, paupr_m: 0.372263, dauc: 0.895140, daupr: 0.333475, daupr_m: 0.371177
Epoch: 99 loss: 0.000096, pauc: 0.947330, paupr: 0.341154, paupr_m: 0.396992, dauc: 0.897711, daupr: 0.340118, daupr_m: 0.379490
Epoch: 109 loss: 0.000083, pauc: 0.942469, paupr: 0.360345, paupr_m: 0.412993, dauc: 0.899469, daupr: 0.337773, daupr_m: 0.378222
Epoch: 119 loss: 0.000073, pauc: 0.939919, paupr: 0.382515, paupr_m: 0.428655, dauc: 0.900960, daupr: 0.341190, daupr_m: 0.378985
Epoch: 129 loss: 0.000066, pauc: 0.942075, paupr: 0.403839, paupr_m: 0.407028, dauc: 0.900520, daupr: 0.339367, daupr_m: 0.380115
Epoch: 139 loss: 0.000060, pauc: 0.946361, paupr: 0.365141, paupr_m: 0.433120, dauc: 0.901383, daupr: 0.337949, daupr_m: 0.377755
Epoch: 149 loss: 0.000056, pauc: 0.955387, paupr: 0.389225, paupr_m: 0.433966, dauc: 0.900958, daupr: 0.336529, daupr_m: 0.380073
Epoch: 159 loss: 0.000050, pauc: 0.947829, paupr: 0.457078, paupr_m: 0.476375, dauc: 0.902123, daupr: 0.341647, daupr_m: 0.380022
Epoch: 169 loss: 0.000047, pauc: 0.952621, paupr: 0.444969, paupr_m: 0.472803, dauc: 0.902135, daupr: 0.336266, daupr_m: 0.386796
Epoch: 179 loss: 0.000045, pauc: 0.953220, paupr: 0.437444, paupr_m: 0.477473, dauc: 0.902573, daupr: 0.341186, daupr_m: 0.382383
Epoch: 189 loss: 0.000042, pauc: 0.935070, paupr: 0.439438, paupr_m: 0.482891, dauc: 0.903035, daupr: 0.338508, daupr_m: 0.381365
Epoch: 199 loss: 0.000040, pauc: 0.952555, paupr: 0.451431, paupr_m: 0.479309, dauc: 0.903071, daupr: 0.340262, daupr_m: 0.381802
Epoch: 209 loss: 0.000038, pauc: 0.937773, paupr: 0.468087, paupr_m: 0.492638, dauc: 0.903804, daupr: 0.348082, daupr_m: 0.386142
Epoch: 219 loss: 0.000037, pauc: 0.934637, paupr: 0.476520, paupr_m: 0.501366, dauc: 0.903839, daupr: 0.340519, daupr_m: 0.383096
Epoch: 229 loss: 0.000036, pauc: 0.946680, paupr: 0.469735, paupr_m: 0.524224, dauc: 0.903485, daupr: 0.343872, daupr_m: 0.391587
Epoch: 239 loss: 0.000034, pauc: 0.941079, paupr: 0.451421, paupr_m: 0.525158, dauc: 0.903970, daupr: 0.343478, daupr_m: 0.385541
Epoch: 249 loss: 0.000033, pauc: 0.931217, paupr: 0.478535, paupr_m: 0.519847, dauc: 0.904405, daupr: 0.343761, daupr_m: 0.390599
Epoch: 259 loss: 0.000033, pauc: 0.941557, paupr: 0.477472, paupr_m: 0.543455, dauc: 0.904586, daupr: 0.347051, daupr_m: 0.388699
Epoch: 269 loss: 0.000032, pauc: 0.930235, paupr: 0.493524, paupr_m: 0.527535, dauc: 0.905228, daupr: 0.352449, daupr_m: 0.389985
Epoch: 279 loss: 0.000031, pauc: 0.938949, paupr: 0.485539, paupr_m: 0.529318, dauc: 0.905222, daupr: 0.351527, daupr_m: 0.391139
Epoch: 289 loss: 0.000030, pauc: 0.925714, paupr: 0.493003, paupr_m: 0.533957, dauc: 0.904014, daupr: 0.337702, daupr_m: 0.388274
Epoch: 299 loss: 0.000030, pauc: 0.942242, paupr: 0.490804, paupr_m: 0.527396, dauc: 0.905138, daupr: 0.347754, daupr_m: 0.390879
Epoch: 309 loss: 0.000029, pauc: 0.930028, paupr: 0.490272, paupr_m: 0.521110, dauc: 0.905560, daupr: 0.345973, daupr_m: 0.393091
Epoch: 319 loss: 0.000029, pauc: 0.949693, paupr: 0.491634, paupr_m: 0.548016, dauc: 0.906018, daupr: 0.352782, daupr_m: 0.394560
Epoch: 329 loss: 0.000028, pauc: 0.939931, paupr: 0.513392, paupr_m: 0.533174, dauc: 0.905697, daupr: 0.348769, daupr_m: 0.397389
Epoch: 339 loss: 0.000027, pauc: 0.933745, paupr: 0.505131, paupr_m: 0.548320, dauc: 0.905060, daupr: 0.344201, daupr_m: 0.394484
Epoch: 349 loss: 0.000027, pauc: 0.919556, paupr: 0.485406, paupr_m: 0.520438, dauc: 0.906246, daupr: 0.358633, daupr_m: 0.397042
Epoch: 359 loss: 0.000027, pauc: 0.931781, paupr: 0.493602, paupr_m: 0.536300, dauc: 0.906344, daupr: 0.360097, daupr_m: 0.397834
Epoch: 369 loss: 0.000026, pauc: 0.923990, paupr: 0.484702, paupr_m: 0.547160, dauc: 0.906031, daupr: 0.354328, daupr_m: 0.397920
Epoch: 379 loss: 0.000026, pauc: 0.933700, paupr: 0.494011, paupr_m: 0.527659, dauc: 0.905885, daupr: 0.348643, daupr_m: 0.398599
Epoch: 389 loss: 0.000026, pauc: 0.924365, paupr: 0.510035, paupr_m: 0.550687, dauc: 0.906197, daupr: 0.352249, daupr_m: 0.396243
Epoch: 399 loss: 0.000025, pauc: 0.935917, paupr: 0.489055, paupr_m: 0.542213, dauc: 0.906081, daupr: 0.352515, daupr_m: 0.404520
Epoch: 409 loss: 0.000026, pauc: 0.924533, paupr: 0.512392, paupr_m: 0.584506, dauc: 0.906309, daupr: 0.347990, daupr_m: 0.406064
Epoch: 419 loss: 0.000025, pauc: 0.934532, paupr: 0.500315, paupr_m: 0.531376, dauc: 0.906904, daupr: 0.361858, daupr_m: 0.398712
Epoch: 429 loss: 0.000025, pauc: 0.925786, paupr: 0.503713, paupr_m: 0.551878, dauc: 0.905933, daupr: 0.354776, daupr_m: 0.399238
Epoch: 439 loss: 0.000024, pauc: 0.941666, paupr: 0.508392, paupr_m: 0.551104, dauc: 0.906604, daupr: 0.350131, daupr_m: 0.401023
Epoch: 449 loss: 0.000024, pauc: 0.927718, paupr: 0.508253, paupr_m: 0.574773, dauc: 0.906502, daupr: 0.350195, daupr_m: 0.401194
Epoch: 459 loss: 0.000024, pauc: 0.927082, paupr: 0.516122, paupr_m: 0.547445, dauc: 0.906734, daupr: 0.357510, daupr_m: 0.405810
Epoch: 469 loss: 0.000024, pauc: 0.923875, paupr: 0.519184, paupr_m: 0.533553, dauc: 0.908104, daupr: 0.371347, daupr_m: 0.406974
Epoch: 479 loss: 0.000023, pauc: 0.913663, paupr: 0.501228, paupr_m: 0.554725, dauc: 0.906721, daupr: 0.353393, daupr_m: 0.400817
Epoch: 489 loss: 0.000023, pauc: 0.939236, paupr: 0.514583, paupr_m: 0.532860, dauc: 0.906130, daupr: 0.351586, daupr_m: 0.407709
Epoch: 499 loss: 0.000023, pauc: 0.943183, paupr: 0.523747, paupr_m: 0.548248, dauc: 0.906223, daupr: 0.342482, daupr_m: 0.403817
Epoch: 509 loss: 0.000024, pauc: 0.921039, paupr: 0.518599, paupr_m: 0.577628, dauc: 0.907540, daupr: 0.368859, daupr_m: 0.409993
Epoch: 519 loss: 0.000023, pauc: 0.934982, paupr: 0.513396, paupr_m: 0.534016, dauc: 0.907580, daupr: 0.367663, daupr_m: 0.408236
Epoch: 529 loss: 0.000023, pauc: 0.932303, paupr: 0.514223, paupr_m: 0.563224, dauc: 0.906821, daupr: 0.357468, daupr_m: 0.408979
Epoch: 539 loss: 0.000023, pauc: 0.928488, paupr: 0.518872, paupr_m: 0.585606, dauc: 0.907450, daupr: 0.360878, daupr_m: 0.403303
Epoch: 549 loss: 0.000023, pauc: 0.937676, paupr: 0.511852, paupr_m: 0.538347, dauc: 0.906728, daupr: 0.357380, daupr_m: 0.411457
Epoch: 559 loss: 0.000023, pauc: 0.938746, paupr: 0.502053, paupr_m: 0.568405, dauc: 0.906858, daupr: 0.356122, daupr_m: 0.410491
Epoch: 569 loss: 0.000022, pauc: 0.934923, paupr: 0.512514, paupr_m: 0.555550, dauc: 0.907399, daupr: 0.364687, daupr_m: 0.412898
Epoch: 579 loss: 0.000023, pauc: 0.939276, paupr: 0.518720, paupr_m: 0.554234, dauc: 0.907351, daupr: 0.361587, daupr_m: 0.413961
Epoch: 589 loss: 0.000023, pauc: 0.928414, paupr: 0.526509, paupr_m: 0.557148, dauc: 0.907319, daupr: 0.350854, daupr_m: 0.411662
Epoch: 599 loss: 0.000022, pauc: 0.931282, paupr: 0.512535, paupr_m: 0.567670, dauc: 0.907571, daupr: 0.363533, daupr_m: 0.413197
Epoch: 609 loss: 0.000022, pauc: 0.928894, paupr: 0.514700, paupr_m: 0.538177, dauc: 0.907672, daupr: 0.362465, daupr_m: 0.413032
Epoch: 619 loss: 0.000022, pauc: 0.931006, paupr: 0.515363, paupr_m: 0.566793, dauc: 0.907170, daupr: 0.354986, daupr_m: 0.415707
Epoch: 629 loss: 0.000022, pauc: 0.930807, paupr: 0.513897, paupr_m: 0.541249, dauc: 0.907204, daupr: 0.356914, daupr_m: 0.415274
Epoch: 639 loss: 0.000022, pauc: 0.927840, paupr: 0.510339, paupr_m: 0.556867, dauc: 0.907449, daupr: 0.358641, daupr_m: 0.414723
Epoch: 649 loss: 0.000021, pauc: 0.926906, paupr: 0.514007, paupr_m: 0.549170, dauc: 0.908340, daupr: 0.378279, daupr_m: 0.415802
Epoch: 659 loss: 0.000022, pauc: 0.934494, paupr: 0.515626, paupr_m: 0.556561, dauc: 0.907260, daupr: 0.355081, daupr_m: 0.413998
Epoch: 669 loss: 0.000021, pauc: 0.929625, paupr: 0.530469, paupr_m: 0.576452, dauc: 0.907445, daupr: 0.364000, daupr_m: 0.415916
Epoch: 679 loss: 0.000021, pauc: 0.936861, paupr: 0.521066, paupr_m: 0.565182, dauc: 0.907819, daupr: 0.365067, daupr_m: 0.412741
Epoch: 689 loss: 0.000021, pauc: 0.937896, paupr: 0.511835, paupr_m: 0.553188, dauc: 0.908315, daupr: 0.366142, daupr_m: 0.415844
Epoch: 699 loss: 0.000021, pauc: 0.939267, paupr: 0.517745, paupr_m: 0.555970, dauc: 0.907575, daupr: 0.358336, daupr_m: 0.416234
Epoch: 709 loss: 0.000021, pauc: 0.928190, paupr: 0.511003, paupr_m: 0.548363, dauc: 0.908951, daupr: 0.376577, daupr_m: 0.420205
Epoch: 719 loss: 0.000021, pauc: 0.934511, paupr: 0.512548, paupr_m: 0.556704, dauc: 0.907692, daupr: 0.359577, daupr_m: 0.416140
Epoch: 729 loss: 0.000020, pauc: 0.926925, paupr: 0.522757, paupr_m: 0.563557, dauc: 0.907949, daupr: 0.364601, daupr_m: 0.418010
Epoch: 739 loss: 0.000020, pauc: 0.923108, paupr: 0.524116, paupr_m: 0.568223, dauc: 0.908339, daupr: 0.368266, daupr_m: 0.418496
Epoch: 749 loss: 0.000021, pauc: 0.918227, paupr: 0.525202, paupr_m: 0.557988, dauc: 0.908273, daupr: 0.366202, daupr_m: 0.420032
Epoch: 759 loss: 0.000021, pauc: 0.925715, paupr: 0.517562, paupr_m: 0.548872, dauc: 0.908052, daupr: 0.360939, daupr_m: 0.419791
Epoch: 769 loss: 0.000020, pauc: 0.925267, paupr: 0.519624, paupr_m: 0.558850, dauc: 0.908306, daupr: 0.371710, daupr_m: 0.420179
Epoch: 779 loss: 0.000020, pauc: 0.930639, paupr: 0.516880, paupr_m: 0.566048, dauc: 0.908365, daupr: 0.370032, daupr_m: 0.420337
Epoch: 789 loss: 0.000020, pauc: 0.930769, paupr: 0.520898, paupr_m: 0.572089, dauc: 0.907938, daupr: 0.365983, daupr_m: 0.420662
Epoch: 799 loss: 0.000020, pauc: 0.927981, paupr: 0.509481, paupr_m: 0.566410, dauc: 0.908561, daupr: 0.375412, daupr_m: 0.424949
Epoch: 809 loss: 0.000021, pauc: 0.942306, paupr: 0.523957, paupr_m: 0.571391, dauc: 0.907871, daupr: 0.370049, daupr_m: 0.423940
Epoch: 819 loss: 0.000020, pauc: 0.936740, paupr: 0.511196, paupr_m: 0.572392, dauc: 0.907858, daupr: 0.359842, daupr_m: 0.420183
Epoch: 829 loss: 0.000020, pauc: 0.913108, paupr: 0.517012, paupr_m: 0.552755, dauc: 0.907364, daupr: 0.361621, daupr_m: 0.424514
Epoch: 839 loss: 0.000020, pauc: 0.941843, paupr: 0.524892, paupr_m: 0.565607, dauc: 0.908066, daupr: 0.366848, daupr_m: 0.423726
Epoch: 849 loss: 0.000020, pauc: 0.939224, paupr: 0.519554, paupr_m: 0.570681, dauc: 0.907234, daupr: 0.359503, daupr_m: 0.423652
Epoch: 859 loss: 0.000020, pauc: 0.927772, paupr: 0.523037, paupr_m: 0.559919, dauc: 0.907258, daupr: 0.351081, daupr_m: 0.420410
Epoch: 869 loss: 0.000020, pauc: 0.930027, paupr: 0.532792, paupr_m: 0.596526, dauc: 0.908113, daupr: 0.363313, daupr_m: 0.422666
Epoch: 879 loss: 0.000020, pauc: 0.928287, paupr: 0.523139, paupr_m: 0.557671, dauc: 0.907930, daupr: 0.362876, daupr_m: 0.426007
Epoch: 889 loss: 0.000020, pauc: 0.932674, paupr: 0.510715, paupr_m: 0.566157, dauc: 0.908014, daupr: 0.373290, daupr_m: 0.426058
Epoch: 899 loss: 0.000020, pauc: 0.929212, paupr: 0.521566, paupr_m: 0.557333, dauc: 0.908556, daupr: 0.370433, daupr_m: 0.422549
Epoch: 909 loss: 0.000020, pauc: 0.927226, paupr: 0.515421, paupr_m: 0.565433, dauc: 0.908363, daupr: 0.372922, daupr_m: 0.424258
Epoch: 919 loss: 0.000020, pauc: 0.939690, paupr: 0.518843, paupr_m: 0.548576, dauc: 0.908638, daupr: 0.374595, daupr_m: 0.427027
Epoch: 929 loss: 0.000020, pauc: 0.933835, paupr: 0.515515, paupr_m: 0.578624, dauc: 0.908664, daupr: 0.370705, daupr_m: 0.426796
Epoch: 939 loss: 0.000020, pauc: 0.937716, paupr: 0.515016, paupr_m: 0.591958, dauc: 0.907742, daupr: 0.357437, daupr_m: 0.423667
Epoch: 949 loss: 0.000020, pauc: 0.939319, paupr: 0.527813, paupr_m: 0.571067, dauc: 0.907350, daupr: 0.349753, daupr_m: 0.423167
Epoch: 959 loss: 0.000020, pauc: 0.930184, paupr: 0.515343, paupr_m: 0.555319, dauc: 0.907387, daupr: 0.355535, daupr_m: 0.425115
Epoch: 969 loss: 0.000020, pauc: 0.933792, paupr: 0.493529, paupr_m: 0.575399, dauc: 0.908720, daupr: 0.377587, daupr_m: 0.428283
Epoch: 979 loss: 0.000020, pauc: 0.927412, paupr: 0.514836, paupr_m: 0.564132, dauc: 0.908039, daupr: 0.362456, daupr_m: 0.428801
Epoch: 989 loss: 0.000020, pauc: 0.941646, paupr: 0.518732, paupr_m: 0.571859, dauc: 0.908287, daupr: 0.370667, daupr_m: 0.431648
Epoch: 999 loss: 0.000020, pauc: 0.925422, paupr: 0.505805, paupr_m: 0.563009, dauc: 0.907569, daupr: 0.362074, daupr_m: 0.425264
Epoch: 9 loss: 0.000575, pauc: 0.866176, paupr: 0.029711, paupr_m: 0.086973, dauc: 0.804687, daupr: 0.205942, daupr_m: 0.221773
Epoch: 19 loss: 0.000443, pauc: 0.873189, paupr: 0.043050, paupr_m: 0.115408, dauc: 0.867509, daupr: 0.296911, daupr_m: 0.325149
Epoch: 29 loss: 0.000354, pauc: 0.880460, paupr: 0.048001, paupr_m: 0.143888, dauc: 0.891689, daupr: 0.328166, daupr_m: 0.360644
Epoch: 39 loss: 0.000288, pauc: 0.873529, paupr: 0.085836, paupr_m: 0.201656, dauc: 0.902261, daupr: 0.334721, daupr_m: 0.365147
Epoch: 49 loss: 0.000233, pauc: 0.875088, paupr: 0.101199, paupr_m: 0.235714, dauc: 0.909456, daupr: 0.333454, daupr_m: 0.356477
Epoch: 59 loss: 0.000189, pauc: 0.889006, paupr: 0.129648, paupr_m: 0.229553, dauc: 0.912848, daupr: 0.310389, daupr_m: 0.339359
Epoch: 69 loss: 0.000157, pauc: 0.875736, paupr: 0.133436, paupr_m: 0.267955, dauc: 0.914616, daupr: 0.305730, daupr_m: 0.327359
Epoch: 79 loss: 0.000132, pauc: 0.870959, paupr: 0.180395, paupr_m: 0.267034, dauc: 0.916347, daupr: 0.306695, daupr_m: 0.328831
Epoch: 89 loss: 0.000112, pauc: 0.885869, paupr: 0.186202, paupr_m: 0.311815, dauc: 0.917801, daupr: 0.317992, daupr_m: 0.336428
Epoch: 99 loss: 0.000098, pauc: 0.899709, paupr: 0.217271, paupr_m: 0.320613, dauc: 0.919196, daupr: 0.319530, daupr_m: 0.344252
Epoch: 109 loss: 0.000085, pauc: 0.883241, paupr: 0.191962, paupr_m: 0.321368, dauc: 0.918530, daupr: 0.312352, daupr_m: 0.341113
Epoch: 119 loss: 0.000075, pauc: 0.882427, paupr: 0.239823, paupr_m: 0.336462, dauc: 0.920611, daupr: 0.319306, daupr_m: 0.340658
Epoch: 129 loss: 0.000068, pauc: 0.883807, paupr: 0.238960, paupr_m: 0.335487, dauc: 0.920045, daupr: 0.317932, daupr_m: 0.344495
Epoch: 139 loss: 0.000062, pauc: 0.881906, paupr: 0.253534, paupr_m: 0.371389, dauc: 0.920601, daupr: 0.321561, daupr_m: 0.343400
Epoch: 149 loss: 0.000056, pauc: 0.891344, paupr: 0.271747, paupr_m: 0.363482, dauc: 0.921834, daupr: 0.326541, daupr_m: 0.344662
Epoch: 159 loss: 0.000052, pauc: 0.872943, paupr: 0.302599, paupr_m: 0.391457, dauc: 0.921069, daupr: 0.320871, daupr_m: 0.346788
Epoch: 169 loss: 0.000048, pauc: 0.872615, paupr: 0.272672, paupr_m: 0.379929, dauc: 0.921910, daupr: 0.326382, daupr_m: 0.345182
Epoch: 179 loss: 0.000045, pauc: 0.873891, paupr: 0.296466, paupr_m: 0.393125, dauc: 0.921358, daupr: 0.319982, daupr_m: 0.343303
Epoch: 189 loss: 0.000044, pauc: 0.890920, paupr: 0.331032, paupr_m: 0.402912, dauc: 0.922914, daupr: 0.327240, daupr_m: 0.348648
Epoch: 199 loss: 0.000041, pauc: 0.886734, paupr: 0.284710, paupr_m: 0.390382, dauc: 0.922328, daupr: 0.327180, daupr_m: 0.356869
Epoch: 209 loss: 0.000040, pauc: 0.882911, paupr: 0.320425, paupr_m: 0.412584, dauc: 0.921780, daupr: 0.318750, daupr_m: 0.350691
Epoch: 219 loss: 0.000038, pauc: 0.888323, paupr: 0.306611, paupr_m: 0.427734, dauc: 0.923136, daupr: 0.329632, daupr_m: 0.351154
Epoch: 229 loss: 0.000036, pauc: 0.887414, paupr: 0.310926, paupr_m: 0.419512, dauc: 0.922522, daupr: 0.317729, daupr_m: 0.353884
Epoch: 239 loss: 0.000035, pauc: 0.879603, paupr: 0.317869, paupr_m: 0.401158, dauc: 0.923342, daupr: 0.330939, daupr_m: 0.352897
Epoch: 249 loss: 0.000034, pauc: 0.867029, paupr: 0.320871, paupr_m: 0.412255, dauc: 0.922781, daupr: 0.323416, daupr_m: 0.352966
Epoch: 259 loss: 0.000033, pauc: 0.867205, paupr: 0.343384, paupr_m: 0.429351, dauc: 0.923645, daupr: 0.336757, daupr_m: 0.355289
Epoch: 269 loss: 0.000032, pauc: 0.896924, paupr: 0.335595, paupr_m: 0.413115, dauc: 0.923554, daupr: 0.328993, daupr_m: 0.348694
Epoch: 279 loss: 0.000031, pauc: 0.886797, paupr: 0.337303, paupr_m: 0.413047, dauc: 0.923335, daupr: 0.327205, daupr_m: 0.355116
Epoch: 289 loss: 0.000031, pauc: 0.882070, paupr: 0.344241, paupr_m: 0.449084, dauc: 0.923523, daupr: 0.330223, daupr_m: 0.359076
Epoch: 299 loss: 0.000030, pauc: 0.883242, paupr: 0.346112, paupr_m: 0.415968, dauc: 0.923630, daupr: 0.334197, daupr_m: 0.360139
Epoch: 309 loss: 0.000030, pauc: 0.870594, paupr: 0.366073, paupr_m: 0.439132, dauc: 0.924325, daupr: 0.334738, daupr_m: 0.364865
Epoch: 319 loss: 0.000030, pauc: 0.879425, paupr: 0.331633, paupr_m: 0.431632, dauc: 0.923344, daupr: 0.326588, daupr_m: 0.356660
Epoch: 329 loss: 0.000028, pauc: 0.871301, paupr: 0.352906, paupr_m: 0.458977, dauc: 0.923919, daupr: 0.333086, daupr_m: 0.365302
Epoch: 339 loss: 0.000028, pauc: 0.888809, paupr: 0.367346, paupr_m: 0.439748, dauc: 0.923751, daupr: 0.330410, daupr_m: 0.359340
Epoch: 349 loss: 0.000028, pauc: 0.884035, paupr: 0.338812, paupr_m: 0.422513, dauc: 0.923521, daupr: 0.328209, daupr_m: 0.364492
Epoch: 359 loss: 0.000027, pauc: 0.875119, paupr: 0.368194, paupr_m: 0.441535, dauc: 0.924437, daupr: 0.340140, daupr_m: 0.365813
Epoch: 369 loss: 0.000027, pauc: 0.880303, paupr: 0.356785, paupr_m: 0.440739, dauc: 0.923533, daupr: 0.329805, daupr_m: 0.363157
Epoch: 379 loss: 0.000026, pauc: 0.862903, paupr: 0.355409, paupr_m: 0.456020, dauc: 0.924492, daupr: 0.340401, daupr_m: 0.367693
Epoch: 389 loss: 0.000026, pauc: 0.870777, paupr: 0.361714, paupr_m: 0.458655, dauc: 0.923906, daupr: 0.331087, daupr_m: 0.366204
Epoch: 399 loss: 0.000026, pauc: 0.907579, paupr: 0.360510, paupr_m: 0.457018, dauc: 0.924453, daupr: 0.336587, daupr_m: 0.373323
Epoch: 409 loss: 0.000025, pauc: 0.880961, paupr: 0.376222, paupr_m: 0.447765, dauc: 0.924831, daupr: 0.346332, daupr_m: 0.364716
Epoch: 419 loss: 0.000025, pauc: 0.885863, paupr: 0.359066, paupr_m: 0.458107, dauc: 0.924222, daupr: 0.339472, daupr_m: 0.365379
Epoch: 429 loss: 0.000025, pauc: 0.874900, paupr: 0.357722, paupr_m: 0.426849, dauc: 0.925087, daupr: 0.344625, daupr_m: 0.368278
Epoch: 439 loss: 0.000025, pauc: 0.884417, paupr: 0.373157, paupr_m: 0.452615, dauc: 0.924872, daupr: 0.338746, daupr_m: 0.368245
Epoch: 449 loss: 0.000024, pauc: 0.875604, paupr: 0.378951, paupr_m: 0.443920, dauc: 0.925326, daupr: 0.348619, daupr_m: 0.374895
Epoch: 459 loss: 0.000024, pauc: 0.889746, paupr: 0.370389, paupr_m: 0.461228, dauc: 0.925273, daupr: 0.344813, daupr_m: 0.374442
Epoch: 469 loss: 0.000024, pauc: 0.871628, paupr: 0.376523, paupr_m: 0.467353, dauc: 0.924753, daupr: 0.346631, daupr_m: 0.374191
Epoch: 479 loss: 0.000024, pauc: 0.875549, paupr: 0.374174, paupr_m: 0.467271, dauc: 0.924401, daupr: 0.336118, daupr_m: 0.370306
Epoch: 489 loss: 0.000024, pauc: 0.863085, paupr: 0.378074, paupr_m: 0.450226, dauc: 0.924890, daupr: 0.346748, daupr_m: 0.375313
Epoch: 499 loss: 0.000024, pauc: 0.889269, paupr: 0.380202, paupr_m: 0.461755, dauc: 0.925306, daupr: 0.345535, daupr_m: 0.378794
Epoch: 509 loss: 0.000023, pauc: 0.872829, paupr: 0.376869, paupr_m: 0.458478, dauc: 0.925565, daupr: 0.347047, daupr_m: 0.375840
Epoch: 519 loss: 0.000023, pauc: 0.876009, paupr: 0.384019, paupr_m: 0.445192, dauc: 0.925369, daupr: 0.347823, daupr_m: 0.376817
Epoch: 529 loss: 0.000023, pauc: 0.885760, paupr: 0.373715, paupr_m: 0.447907, dauc: 0.925740, daupr: 0.349321, daupr_m: 0.377214
Epoch: 539 loss: 0.000023, pauc: 0.881547, paupr: 0.381564, paupr_m: 0.455318, dauc: 0.925140, daupr: 0.350609, daupr_m: 0.382827
Epoch: 549 loss: 0.000023, pauc: 0.861269, paupr: 0.391275, paupr_m: 0.439242, dauc: 0.925108, daupr: 0.344340, daupr_m: 0.382057
Epoch: 559 loss: 0.000023, pauc: 0.877432, paupr: 0.396375, paupr_m: 0.478245, dauc: 0.924694, daupr: 0.339298, daupr_m: 0.377735
Epoch: 569 loss: 0.000022, pauc: 0.880142, paupr: 0.375920, paupr_m: 0.457399, dauc: 0.924557, daupr: 0.338377, daupr_m: 0.380271
Epoch: 579 loss: 0.000022, pauc: 0.881418, paupr: 0.378506, paupr_m: 0.459178, dauc: 0.925055, daupr: 0.343633, daupr_m: 0.381488
Epoch: 589 loss: 0.000022, pauc: 0.881684, paupr: 0.386449, paupr_m: 0.445547, dauc: 0.925322, daupr: 0.346596, daupr_m: 0.379528
Epoch: 599 loss: 0.000022, pauc: 0.871767, paupr: 0.385275, paupr_m: 0.462399, dauc: 0.926068, daupr: 0.354735, daupr_m: 0.381705
Epoch: 609 loss: 0.000022, pauc: 0.872338, paupr: 0.389252, paupr_m: 0.482918, dauc: 0.925345, daupr: 0.350192, daupr_m: 0.389755
Epoch: 619 loss: 0.000022, pauc: 0.882653, paupr: 0.380366, paupr_m: 0.451175, dauc: 0.926567, daupr: 0.365954, daupr_m: 0.391614
Epoch: 629 loss: 0.000022, pauc: 0.886360, paupr: 0.404509, paupr_m: 0.474261, dauc: 0.925805, daupr: 0.355425, daupr_m: 0.388425
Epoch: 639 loss: 0.000022, pauc: 0.881036, paupr: 0.391684, paupr_m: 0.463613, dauc: 0.926343, daupr: 0.366541, daupr_m: 0.386862
Epoch: 649 loss: 0.000021, pauc: 0.877226, paupr: 0.376811, paupr_m: 0.435426, dauc: 0.925847, daupr: 0.357823, daupr_m: 0.391332
Epoch: 659 loss: 0.000022, pauc: 0.892697, paupr: 0.395644, paupr_m: 0.468272, dauc: 0.924978, daupr: 0.340476, daupr_m: 0.393073
Epoch: 669 loss: 0.000021, pauc: 0.870146, paupr: 0.383337, paupr_m: 0.450848, dauc: 0.925402, daupr: 0.344760, daupr_m: 0.391108
Epoch: 679 loss: 0.000021, pauc: 0.894427, paupr: 0.385127, paupr_m: 0.454695, dauc: 0.925961, daupr: 0.352942, daupr_m: 0.386830
Epoch: 689 loss: 0.000021, pauc: 0.901380, paupr: 0.379628, paupr_m: 0.462764, dauc: 0.926717, daupr: 0.369194, daupr_m: 0.387088
Epoch: 699 loss: 0.000021, pauc: 0.891898, paupr: 0.382609, paupr_m: 0.435001, dauc: 0.926106, daupr: 0.354313, daupr_m: 0.391436
Epoch: 709 loss: 0.000021, pauc: 0.887751, paupr: 0.394425, paupr_m: 0.459877, dauc: 0.925352, daupr: 0.344269, daupr_m: 0.386602
Epoch: 719 loss: 0.000021, pauc: 0.888050, paupr: 0.398631, paupr_m: 0.478928, dauc: 0.925425, daupr: 0.345206, daupr_m: 0.389835
Epoch: 729 loss: 0.000021, pauc: 0.883349, paupr: 0.375701, paupr_m: 0.477841, dauc: 0.925665, daupr: 0.350162, daupr_m: 0.390604
Epoch: 739 loss: 0.000021, pauc: 0.888246, paupr: 0.386007, paupr_m: 0.451091, dauc: 0.925990, daupr: 0.362193, daupr_m: 0.394402
Epoch: 749 loss: 0.000021, pauc: 0.877493, paupr: 0.389094, paupr_m: 0.458229, dauc: 0.926302, daupr: 0.358012, daupr_m: 0.402946
Epoch: 759 loss: 0.000021, pauc: 0.874383, paupr: 0.402243, paupr_m: 0.475852, dauc: 0.926330, daupr: 0.370146, daupr_m: 0.391691
Epoch: 769 loss: 0.000021, pauc: 0.894629, paupr: 0.402388, paupr_m: 0.485626, dauc: 0.925995, daupr: 0.355407, daupr_m: 0.395624
Epoch: 779 loss: 0.000021, pauc: 0.869730, paupr: 0.395732, paupr_m: 0.463365, dauc: 0.926127, daupr: 0.367286, daupr_m: 0.397528
Epoch: 789 loss: 0.000021, pauc: 0.883455, paupr: 0.405266, paupr_m: 0.478018, dauc: 0.926415, daupr: 0.355468, daupr_m: 0.395777
Epoch: 799 loss: 0.000020, pauc: 0.871167, paupr: 0.396707, paupr_m: 0.458436, dauc: 0.925738, daupr: 0.345944, daupr_m: 0.392714
Epoch: 809 loss: 0.000020, pauc: 0.895024, paupr: 0.397199, paupr_m: 0.490969, dauc: 0.926446, daupr: 0.361786, daupr_m: 0.394858
Epoch: 819 loss: 0.000020, pauc: 0.883033, paupr: 0.394801, paupr_m: 0.473536, dauc: 0.925963, daupr: 0.353580, daupr_m: 0.406088
Epoch: 829 loss: 0.000020, pauc: 0.870160, paupr: 0.385987, paupr_m: 0.454680, dauc: 0.925958, daupr: 0.351423, daupr_m: 0.398625
Epoch: 839 loss: 0.000020, pauc: 0.879383, paupr: 0.410292, paupr_m: 0.487947, dauc: 0.925956, daupr: 0.359732, daupr_m: 0.398932
Epoch: 849 loss: 0.000021, pauc: 0.883413, paupr: 0.394882, paupr_m: 0.481114, dauc: 0.926290, daupr: 0.360420, daupr_m: 0.401218
Epoch: 859 loss: 0.000021, pauc: 0.873647, paupr: 0.394325, paupr_m: 0.477023, dauc: 0.925950, daupr: 0.355320, daupr_m: 0.402804
Epoch: 869 loss: 0.000020, pauc: 0.882224, paupr: 0.397880, paupr_m: 0.462953, dauc: 0.925594, daupr: 0.349703, daupr_m: 0.400305
Epoch: 879 loss: 0.000020, pauc: 0.888082, paupr: 0.393852, paupr_m: 0.466944, dauc: 0.925921, daupr: 0.359997, daupr_m: 0.400537
Epoch: 889 loss: 0.000020, pauc: 0.866005, paupr: 0.392567, paupr_m: 0.466387, dauc: 0.925438, daupr: 0.349508, daupr_m: 0.399563
Epoch: 899 loss: 0.000020, pauc: 0.859150, paupr: 0.397326, paupr_m: 0.465688, dauc: 0.926354, daupr: 0.362974, daupr_m: 0.399560
Epoch: 909 loss: 0.000020, pauc: 0.882478, paupr: 0.392628, paupr_m: 0.477562, dauc: 0.925656, daupr: 0.350116, daupr_m: 0.402562
Epoch: 919 loss: 0.000020, pauc: 0.892371, paupr: 0.402236, paupr_m: 0.477290, dauc: 0.925709, daupr: 0.356920, daupr_m: 0.405316
Epoch: 929 loss: 0.000020, pauc: 0.886181, paupr: 0.402754, paupr_m: 0.471768, dauc: 0.926248, daupr: 0.358039, daupr_m: 0.403275
Epoch: 939 loss: 0.000020, pauc: 0.867127, paupr: 0.411332, paupr_m: 0.480660, dauc: 0.925725, daupr: 0.355494, daupr_m: 0.400866
Epoch: 949 loss: 0.000020, pauc: 0.876313, paupr: 0.406252, paupr_m: 0.499362, dauc: 0.926480, daupr: 0.366897, daupr_m: 0.400705
Epoch: 959 loss: 0.000020, pauc: 0.885604, paupr: 0.402106, paupr_m: 0.464766, dauc: 0.925769, daupr: 0.346081, daupr_m: 0.401624
Epoch: 969 loss: 0.000020, pauc: 0.874617, paupr: 0.395295, paupr_m: 0.466495, dauc: 0.925777, daupr: 0.353969, daupr_m: 0.401679
Epoch: 979 loss: 0.000020, pauc: 0.897760, paupr: 0.400135, paupr_m: 0.458016, dauc: 0.926133, daupr: 0.359760, daupr_m: 0.400453
Epoch: 989 loss: 0.000020, pauc: 0.878004, paupr: 0.395444, paupr_m: 0.479202, dauc: 0.926187, daupr: 0.361946, daupr_m: 0.407619
Epoch: 999 loss: 0.000020, pauc: 0.880555, paupr: 0.403141, paupr_m: 0.473868, dauc: 0.925958, daupr: 0.353253, daupr_m: 0.403946
