{'epoch': 1000, 'lr': 4e-05, 'wd': 8e-07, 'sim_threshold': 0.5, 'loss_p_weight': 0.998, 'loss_d_weight': 0.95, 'loss_weight': 0.0002, 'a1': 1e-09, 'a2': 1e-09, 'dropout': 0.15, 'graph_dropout': 0.1, 'fr_dim': [4096, [1512, 1024], [5603, 2048]], 'fd_dim': [2048, [1512, 1024], [5603, 2048]]}
Epoch: 9 loss: 0.000589, pauc: 0.927228, paupr: 0.026734, paupr_m: 0.071273, dauc: 0.788068, daupr: 0.193280, daupr_m: 0.212422
Epoch: 19 loss: 0.000446, pauc: 0.928730, paupr: 0.051237, paupr_m: 0.154898, dauc: 0.860146, daupr: 0.300947, daupr_m: 0.334494
Epoch: 29 loss: 0.000362, pauc: 0.937334, paupr: 0.077029, paupr_m: 0.191346, dauc: 0.885461, daupr: 0.332746, daupr_m: 0.372555
Epoch: 39 loss: 0.000290, pauc: 0.935903, paupr: 0.103854, paupr_m: 0.195760, dauc: 0.898169, daupr: 0.345360, daupr_m: 0.380696
Epoch: 49 loss: 0.000237, pauc: 0.939081, paupr: 0.126985, paupr_m: 0.255546, dauc: 0.905625, daupr: 0.339641, daupr_m: 0.376158
Epoch: 59 loss: 0.000193, pauc: 0.947471, paupr: 0.190699, paupr_m: 0.269507, dauc: 0.909752, daupr: 0.326425, daupr_m: 0.356530
Epoch: 69 loss: 0.000158, pauc: 0.946414, paupr: 0.247417, paupr_m: 0.309242, dauc: 0.912149, daupr: 0.331040, daupr_m: 0.347144
Epoch: 79 loss: 0.000133, pauc: 0.944488, paupr: 0.241803, paupr_m: 0.334802, dauc: 0.914286, daupr: 0.329676, daupr_m: 0.352321
Epoch: 89 loss: 0.000113, pauc: 0.948292, paupr: 0.267137, paupr_m: 0.325181, dauc: 0.914695, daupr: 0.327311, daupr_m: 0.353225
Epoch: 99 loss: 0.000097, pauc: 0.945378, paupr: 0.270272, paupr_m: 0.331030, dauc: 0.916993, daupr: 0.333194, daupr_m: 0.357861
Epoch: 109 loss: 0.000084, pauc: 0.946219, paupr: 0.301006, paupr_m: 0.379840, dauc: 0.916684, daupr: 0.331744, daupr_m: 0.364272
Epoch: 119 loss: 0.000076, pauc: 0.944024, paupr: 0.321963, paupr_m: 0.394936, dauc: 0.917299, daupr: 0.330872, daupr_m: 0.359237
Epoch: 129 loss: 0.000067, pauc: 0.955089, paupr: 0.303989, paupr_m: 0.402563, dauc: 0.917894, daupr: 0.334979, daupr_m: 0.360555
Epoch: 139 loss: 0.000061, pauc: 0.949462, paupr: 0.345529, paupr_m: 0.415892, dauc: 0.918721, daupr: 0.333142, daupr_m: 0.361628
Epoch: 149 loss: 0.000055, pauc: 0.953783, paupr: 0.326955, paupr_m: 0.443839, dauc: 0.918547, daupr: 0.339454, daupr_m: 0.359546
Epoch: 159 loss: 0.000051, pauc: 0.949449, paupr: 0.331527, paupr_m: 0.415614, dauc: 0.918480, daupr: 0.333807, daupr_m: 0.367258
Epoch: 169 loss: 0.000048, pauc: 0.957306, paupr: 0.334051, paupr_m: 0.458649, dauc: 0.918888, daupr: 0.335132, daupr_m: 0.362907
Epoch: 179 loss: 0.000045, pauc: 0.944032, paupr: 0.337649, paupr_m: 0.457060, dauc: 0.919061, daupr: 0.331964, daupr_m: 0.367681
Epoch: 189 loss: 0.000043, pauc: 0.949912, paupr: 0.359321, paupr_m: 0.467085, dauc: 0.920143, daupr: 0.342432, daupr_m: 0.371581
Epoch: 199 loss: 0.000040, pauc: 0.956090, paupr: 0.363360, paupr_m: 0.465054, dauc: 0.919445, daupr: 0.336720, daupr_m: 0.369680
Epoch: 209 loss: 0.000040, pauc: 0.953186, paupr: 0.354202, paupr_m: 0.511867, dauc: 0.919888, daupr: 0.340644, daupr_m: 0.372124
Epoch: 219 loss: 0.000037, pauc: 0.940454, paupr: 0.368903, paupr_m: 0.483080, dauc: 0.920077, daupr: 0.336695, daupr_m: 0.367755
Epoch: 229 loss: 0.000036, pauc: 0.948381, paupr: 0.388523, paupr_m: 0.485928, dauc: 0.919844, daupr: 0.332962, daupr_m: 0.372861
Epoch: 239 loss: 0.000035, pauc: 0.945197, paupr: 0.404179, paupr_m: 0.510312, dauc: 0.919881, daupr: 0.334564, daupr_m: 0.371323
Epoch: 249 loss: 0.000034, pauc: 0.940622, paupr: 0.375300, paupr_m: 0.509108, dauc: 0.920355, daupr: 0.340024, daupr_m: 0.370413
Epoch: 259 loss: 0.000033, pauc: 0.944752, paupr: 0.391100, paupr_m: 0.491336, dauc: 0.920976, daupr: 0.342180, daupr_m: 0.374756
Epoch: 269 loss: 0.000032, pauc: 0.949787, paupr: 0.402854, paupr_m: 0.505058, dauc: 0.920415, daupr: 0.334173, daupr_m: 0.378700
Epoch: 279 loss: 0.000031, pauc: 0.941034, paupr: 0.389013, paupr_m: 0.508432, dauc: 0.920666, daupr: 0.340761, daupr_m: 0.374685
Epoch: 289 loss: 0.000031, pauc: 0.943112, paupr: 0.394277, paupr_m: 0.511149, dauc: 0.920969, daupr: 0.337646, daupr_m: 0.376610
Epoch: 299 loss: 0.000031, pauc: 0.945862, paupr: 0.381875, paupr_m: 0.493591, dauc: 0.921407, daupr: 0.354514, daupr_m: 0.374314
Epoch: 309 loss: 0.000029, pauc: 0.946815, paupr: 0.428632, paupr_m: 0.539553, dauc: 0.920895, daupr: 0.337652, daupr_m: 0.374127
Epoch: 319 loss: 0.000028, pauc: 0.942998, paupr: 0.421680, paupr_m: 0.507573, dauc: 0.920353, daupr: 0.336806, daupr_m: 0.375324
Epoch: 329 loss: 0.000028, pauc: 0.951987, paupr: 0.393229, paupr_m: 0.538541, dauc: 0.920976, daupr: 0.346841, daupr_m: 0.380157
Epoch: 339 loss: 0.000027, pauc: 0.953521, paupr: 0.416663, paupr_m: 0.525790, dauc: 0.921460, daupr: 0.347983, daupr_m: 0.377757
Epoch: 349 loss: 0.000027, pauc: 0.942663, paupr: 0.415897, paupr_m: 0.537828, dauc: 0.921561, daupr: 0.352424, daupr_m: 0.381358
Epoch: 359 loss: 0.000027, pauc: 0.942030, paupr: 0.402670, paupr_m: 0.528211, dauc: 0.921146, daupr: 0.339682, daupr_m: 0.380865
Epoch: 369 loss: 0.000026, pauc: 0.948556, paupr: 0.422018, paupr_m: 0.518462, dauc: 0.922030, daupr: 0.355691, daupr_m: 0.388728
Epoch: 379 loss: 0.000026, pauc: 0.952525, paupr: 0.413824, paupr_m: 0.521469, dauc: 0.921855, daupr: 0.354600, daupr_m: 0.385674
Epoch: 389 loss: 0.000026, pauc: 0.937040, paupr: 0.411181, paupr_m: 0.535309, dauc: 0.921301, daupr: 0.342895, daupr_m: 0.387630
Epoch: 399 loss: 0.000026, pauc: 0.940935, paupr: 0.416748, paupr_m: 0.517315, dauc: 0.922132, daupr: 0.345267, daupr_m: 0.382277
Epoch: 409 loss: 0.000027, pauc: 0.956215, paupr: 0.430701, paupr_m: 0.552396, dauc: 0.922437, daupr: 0.355871, daupr_m: 0.385979
Epoch: 419 loss: 0.000025, pauc: 0.948287, paupr: 0.424434, paupr_m: 0.545840, dauc: 0.922350, daupr: 0.360316, daupr_m: 0.384755
Epoch: 429 loss: 0.000025, pauc: 0.944540, paupr: 0.435347, paupr_m: 0.530338, dauc: 0.922383, daupr: 0.354770, daupr_m: 0.389746
Epoch: 439 loss: 0.000025, pauc: 0.945026, paupr: 0.425037, paupr_m: 0.539304, dauc: 0.921247, daupr: 0.337885, daupr_m: 0.389333
Epoch: 449 loss: 0.000024, pauc: 0.946711, paupr: 0.429653, paupr_m: 0.537274, dauc: 0.922714, daupr: 0.359132, daupr_m: 0.392009
Epoch: 459 loss: 0.000024, pauc: 0.954482, paupr: 0.420445, paupr_m: 0.545208, dauc: 0.922367, daupr: 0.360930, daupr_m: 0.394974
Epoch: 469 loss: 0.000024, pauc: 0.947937, paupr: 0.428266, paupr_m: 0.539668, dauc: 0.923287, daupr: 0.365004, daupr_m: 0.395828
Epoch: 479 loss: 0.000024, pauc: 0.958193, paupr: 0.440224, paupr_m: 0.552951, dauc: 0.923171, daupr: 0.359856, daupr_m: 0.387154
Epoch: 489 loss: 0.000024, pauc: 0.942638, paupr: 0.437662, paupr_m: 0.542102, dauc: 0.922055, daupr: 0.346898, daupr_m: 0.391397
Epoch: 499 loss: 0.000023, pauc: 0.951715, paupr: 0.418255, paupr_m: 0.544775, dauc: 0.922126, daupr: 0.353561, daupr_m: 0.391783
Epoch: 509 loss: 0.000023, pauc: 0.945950, paupr: 0.435711, paupr_m: 0.538527, dauc: 0.922958, daupr: 0.359780, daupr_m: 0.392493
Epoch: 519 loss: 0.000023, pauc: 0.945896, paupr: 0.452840, paupr_m: 0.536502, dauc: 0.922790, daupr: 0.354373, daupr_m: 0.390779
Epoch: 529 loss: 0.000023, pauc: 0.934380, paupr: 0.443412, paupr_m: 0.537361, dauc: 0.922019, daupr: 0.351979, daupr_m: 0.395936
Epoch: 539 loss: 0.000023, pauc: 0.958362, paupr: 0.439636, paupr_m: 0.542824, dauc: 0.922320, daupr: 0.347719, daupr_m: 0.393256
Epoch: 549 loss: 0.000023, pauc: 0.931371, paupr: 0.446230, paupr_m: 0.539365, dauc: 0.922380, daupr: 0.354219, daupr_m: 0.398559
Epoch: 559 loss: 0.000022, pauc: 0.941108, paupr: 0.436102, paupr_m: 0.552174, dauc: 0.922900, daupr: 0.357313, daupr_m: 0.395593
Epoch: 569 loss: 0.000022, pauc: 0.941828, paupr: 0.441802, paupr_m: 0.537348, dauc: 0.923220, daupr: 0.369205, daupr_m: 0.395023
Epoch: 579 loss: 0.000022, pauc: 0.948676, paupr: 0.442471, paupr_m: 0.534872, dauc: 0.921971, daupr: 0.347452, daupr_m: 0.398446
Epoch: 589 loss: 0.000022, pauc: 0.939265, paupr: 0.437659, paupr_m: 0.535943, dauc: 0.923349, daupr: 0.369674, daupr_m: 0.398860
Epoch: 599 loss: 0.000022, pauc: 0.942893, paupr: 0.461146, paupr_m: 0.553905, dauc: 0.923215, daupr: 0.367196, daupr_m: 0.401025
Epoch: 609 loss: 0.000022, pauc: 0.950015, paupr: 0.448651, paupr_m: 0.561139, dauc: 0.923484, daupr: 0.365867, daupr_m: 0.403827
Epoch: 619 loss: 0.000022, pauc: 0.945099, paupr: 0.464529, paupr_m: 0.540298, dauc: 0.922364, daupr: 0.355994, daupr_m: 0.400102
Epoch: 629 loss: 0.000022, pauc: 0.944255, paupr: 0.456725, paupr_m: 0.554574, dauc: 0.923125, daupr: 0.363537, daupr_m: 0.405567
Epoch: 639 loss: 0.000022, pauc: 0.950595, paupr: 0.451230, paupr_m: 0.572222, dauc: 0.922777, daupr: 0.350857, daupr_m: 0.403402
Epoch: 649 loss: 0.000021, pauc: 0.940203, paupr: 0.466123, paupr_m: 0.560322, dauc: 0.923169, daupr: 0.359667, daupr_m: 0.408073
Epoch: 659 loss: 0.000021, pauc: 0.951562, paupr: 0.449748, paupr_m: 0.551072, dauc: 0.923179, daupr: 0.365141, daupr_m: 0.399638
Epoch: 669 loss: 0.000022, pauc: 0.947119, paupr: 0.442491, paupr_m: 0.551264, dauc: 0.922675, daupr: 0.352996, daupr_m: 0.404552
Epoch: 679 loss: 0.000022, pauc: 0.957134, paupr: 0.446665, paupr_m: 0.560183, dauc: 0.923165, daupr: 0.363795, daupr_m: 0.404980
Epoch: 689 loss: 0.000021, pauc: 0.945456, paupr: 0.462487, paupr_m: 0.558189, dauc: 0.923640, daupr: 0.369928, daupr_m: 0.403866
Epoch: 699 loss: 0.000021, pauc: 0.942809, paupr: 0.448914, paupr_m: 0.554252, dauc: 0.923821, daupr: 0.370371, daupr_m: 0.404233
Epoch: 709 loss: 0.000021, pauc: 0.955896, paupr: 0.468402, paupr_m: 0.549642, dauc: 0.923612, daupr: 0.364900, daupr_m: 0.401024
Epoch: 719 loss: 0.000021, pauc: 0.954565, paupr: 0.467227, paupr_m: 0.540253, dauc: 0.923507, daupr: 0.367826, daupr_m: 0.403258
Epoch: 729 loss: 0.000021, pauc: 0.948501, paupr: 0.460552, paupr_m: 0.556756, dauc: 0.922710, daupr: 0.353240, daupr_m: 0.405001
Epoch: 739 loss: 0.000021, pauc: 0.941469, paupr: 0.445772, paupr_m: 0.543015, dauc: 0.923811, daupr: 0.379149, daupr_m: 0.406829
Epoch: 749 loss: 0.000021, pauc: 0.958314, paupr: 0.449882, paupr_m: 0.562691, dauc: 0.923925, daupr: 0.371434, daupr_m: 0.402931
Epoch: 759 loss: 0.000021, pauc: 0.948664, paupr: 0.450640, paupr_m: 0.546134, dauc: 0.922470, daupr: 0.352130, daupr_m: 0.411887
Epoch: 769 loss: 0.000021, pauc: 0.945971, paupr: 0.447092, paupr_m: 0.550008, dauc: 0.923420, daupr: 0.366327, daupr_m: 0.410765
Epoch: 779 loss: 0.000020, pauc: 0.940361, paupr: 0.438344, paupr_m: 0.568584, dauc: 0.923418, daupr: 0.362574, daupr_m: 0.406832
Epoch: 789 loss: 0.000020, pauc: 0.948845, paupr: 0.449459, paupr_m: 0.549195, dauc: 0.923566, daupr: 0.372512, daupr_m: 0.407375
Epoch: 799 loss: 0.000020, pauc: 0.954719, paupr: 0.448353, paupr_m: 0.547437, dauc: 0.923388, daupr: 0.367674, daupr_m: 0.409182
Epoch: 809 loss: 0.000020, pauc: 0.947439, paupr: 0.449354, paupr_m: 0.551125, dauc: 0.923802, daupr: 0.372232, daupr_m: 0.405567
Epoch: 819 loss: 0.000020, pauc: 0.951446, paupr: 0.454021, paupr_m: 0.538953, dauc: 0.924096, daupr: 0.375695, daupr_m: 0.409647
Epoch: 829 loss: 0.000020, pauc: 0.948760, paupr: 0.460125, paupr_m: 0.564634, dauc: 0.923992, daupr: 0.369858, daupr_m: 0.409191
Epoch: 839 loss: 0.000020, pauc: 0.954526, paupr: 0.472217, paupr_m: 0.546545, dauc: 0.923339, daupr: 0.366878, daupr_m: 0.408419
Epoch: 849 loss: 0.000020, pauc: 0.932261, paupr: 0.452736, paupr_m: 0.542118, dauc: 0.923848, daupr: 0.366552, daupr_m: 0.412043
Epoch: 859 loss: 0.000020, pauc: 0.946601, paupr: 0.462424, paupr_m: 0.533192, dauc: 0.923316, daupr: 0.360114, daupr_m: 0.416259
Epoch: 869 loss: 0.000020, pauc: 0.943857, paupr: 0.461449, paupr_m: 0.567956, dauc: 0.924375, daupr: 0.380380, daupr_m: 0.411719
Epoch: 879 loss: 0.000020, pauc: 0.937579, paupr: 0.458090, paupr_m: 0.567102, dauc: 0.923156, daupr: 0.365975, daupr_m: 0.413112
Epoch: 889 loss: 0.000020, pauc: 0.948344, paupr: 0.463903, paupr_m: 0.561859, dauc: 0.923677, daupr: 0.375103, daupr_m: 0.412489
Epoch: 899 loss: 0.000020, pauc: 0.945796, paupr: 0.460716, paupr_m: 0.548387, dauc: 0.924020, daupr: 0.376345, daupr_m: 0.412436
Epoch: 909 loss: 0.000020, pauc: 0.950183, paupr: 0.468520, paupr_m: 0.563635, dauc: 0.924233, daupr: 0.380356, daupr_m: 0.418410
Epoch: 919 loss: 0.000020, pauc: 0.952799, paupr: 0.449345, paupr_m: 0.541078, dauc: 0.923331, daupr: 0.368353, daupr_m: 0.412606
Epoch: 929 loss: 0.000020, pauc: 0.951578, paupr: 0.448038, paupr_m: 0.547964, dauc: 0.923784, daupr: 0.373840, daupr_m: 0.420542
Epoch: 939 loss: 0.000020, pauc: 0.953957, paupr: 0.473443, paupr_m: 0.546987, dauc: 0.923998, daupr: 0.381863, daupr_m: 0.414348
Epoch: 949 loss: 0.000019, pauc: 0.950398, paupr: 0.451012, paupr_m: 0.553842, dauc: 0.924309, daupr: 0.377484, daupr_m: 0.416244
Epoch: 959 loss: 0.000020, pauc: 0.941732, paupr: 0.475032, paupr_m: 0.580757, dauc: 0.923469, daupr: 0.364389, daupr_m: 0.409962
Epoch: 969 loss: 0.000019, pauc: 0.950909, paupr: 0.468778, paupr_m: 0.557457, dauc: 0.923564, daupr: 0.366851, daupr_m: 0.414795
Epoch: 979 loss: 0.000020, pauc: 0.947742, paupr: 0.465633, paupr_m: 0.564694, dauc: 0.923777, daupr: 0.372873, daupr_m: 0.413911
Epoch: 989 loss: 0.000020, pauc: 0.948075, paupr: 0.465904, paupr_m: 0.558149, dauc: 0.923629, daupr: 0.367822, daupr_m: 0.417798
Epoch: 999 loss: 0.000019, pauc: 0.935227, paupr: 0.452720, paupr_m: 0.553340, dauc: 0.923123, daupr: 0.354779, daupr_m: 0.417918
Epoch: 9 loss: 0.000568, pauc: 0.821922, paupr: 0.028687, paupr_m: 0.114492, dauc: 0.749366, daupr: 0.219250, daupr_m: 0.254953
Epoch: 19 loss: 0.000436, pauc: 0.810972, paupr: 0.041621, paupr_m: 0.118711, dauc: 0.816847, daupr: 0.325080, daupr_m: 0.383499
Epoch: 29 loss: 0.000353, pauc: 0.838830, paupr: 0.051578, paupr_m: 0.213382, dauc: 0.845692, daupr: 0.359033, daupr_m: 0.425427
Epoch: 39 loss: 0.000290, pauc: 0.829623, paupr: 0.078140, paupr_m: 0.236436, dauc: 0.862472, daupr: 0.372010, daupr_m: 0.438215
Epoch: 49 loss: 0.000236, pauc: 0.829525, paupr: 0.093625, paupr_m: 0.222696, dauc: 0.872634, daupr: 0.374818, daupr_m: 0.438990
Epoch: 59 loss: 0.000195, pauc: 0.827639, paupr: 0.124692, paupr_m: 0.235530, dauc: 0.879499, daupr: 0.367268, daupr_m: 0.446570
Epoch: 69 loss: 0.000162, pauc: 0.834091, paupr: 0.159652, paupr_m: 0.323526, dauc: 0.883753, daupr: 0.364297, daupr_m: 0.421849
Epoch: 79 loss: 0.000136, pauc: 0.840168, paupr: 0.153974, paupr_m: 0.295076, dauc: 0.886984, daupr: 0.363300, daupr_m: 0.423589
Epoch: 89 loss: 0.000117, pauc: 0.838928, paupr: 0.146051, paupr_m: 0.329697, dauc: 0.889648, daupr: 0.369931, daupr_m: 0.444044
Epoch: 99 loss: 0.000101, pauc: 0.833117, paupr: 0.197596, paupr_m: 0.350446, dauc: 0.890311, daupr: 0.373093, daupr_m: 0.434055
Epoch: 109 loss: 0.000089, pauc: 0.852519, paupr: 0.198703, paupr_m: 0.353629, dauc: 0.891784, daupr: 0.363239, daupr_m: 0.432450
Epoch: 119 loss: 0.000078, pauc: 0.816600, paupr: 0.235442, paupr_m: 0.373951, dauc: 0.892934, daupr: 0.367939, daupr_m: 0.432384
Epoch: 129 loss: 0.000071, pauc: 0.822792, paupr: 0.252288, paupr_m: 0.382136, dauc: 0.894684, daupr: 0.380021, daupr_m: 0.439722
Epoch: 139 loss: 0.000063, pauc: 0.840370, paupr: 0.235121, paupr_m: 0.368991, dauc: 0.894589, daupr: 0.367283, daupr_m: 0.432844
Epoch: 149 loss: 0.000057, pauc: 0.824978, paupr: 0.241624, paupr_m: 0.392230, dauc: 0.895249, daupr: 0.368933, daupr_m: 0.436922
Epoch: 159 loss: 0.000055, pauc: 0.839209, paupr: 0.250140, paupr_m: 0.389986, dauc: 0.895692, daupr: 0.373462, daupr_m: 0.439285
Epoch: 169 loss: 0.000050, pauc: 0.837801, paupr: 0.279668, paupr_m: 0.411320, dauc: 0.895376, daupr: 0.371488, daupr_m: 0.433569
Epoch: 179 loss: 0.000046, pauc: 0.827350, paupr: 0.262444, paupr_m: 0.395595, dauc: 0.896255, daupr: 0.369691, daupr_m: 0.437825
Epoch: 189 loss: 0.000044, pauc: 0.810626, paupr: 0.261269, paupr_m: 0.399408, dauc: 0.896251, daupr: 0.371487, daupr_m: 0.440541
Epoch: 199 loss: 0.000041, pauc: 0.823765, paupr: 0.269136, paupr_m: 0.436291, dauc: 0.896802, daupr: 0.369651, daupr_m: 0.443574
Epoch: 209 loss: 0.000039, pauc: 0.833958, paupr: 0.281786, paupr_m: 0.449917, dauc: 0.897837, daupr: 0.378825, daupr_m: 0.444985
Epoch: 219 loss: 0.000038, pauc: 0.841738, paupr: 0.279043, paupr_m: 0.449436, dauc: 0.898024, daupr: 0.377131, daupr_m: 0.437271
Epoch: 229 loss: 0.000036, pauc: 0.828329, paupr: 0.290402, paupr_m: 0.428726, dauc: 0.897919, daupr: 0.379987, daupr_m: 0.446993
Epoch: 239 loss: 0.000035, pauc: 0.832719, paupr: 0.276547, paupr_m: 0.442457, dauc: 0.897883, daupr: 0.373060, daupr_m: 0.449553
Epoch: 249 loss: 0.000034, pauc: 0.823027, paupr: 0.269805, paupr_m: 0.431514, dauc: 0.899040, daupr: 0.377827, daupr_m: 0.442451
Epoch: 259 loss: 0.000033, pauc: 0.832778, paupr: 0.273160, paupr_m: 0.454926, dauc: 0.897985, daupr: 0.368686, daupr_m: 0.450423
Epoch: 269 loss: 0.000032, pauc: 0.835622, paupr: 0.284153, paupr_m: 0.450918, dauc: 0.899320, daupr: 0.381603, daupr_m: 0.443534
Epoch: 279 loss: 0.000031, pauc: 0.824927, paupr: 0.294592, paupr_m: 0.437844, dauc: 0.898505, daupr: 0.376204, daupr_m: 0.462597
Epoch: 289 loss: 0.000030, pauc: 0.829216, paupr: 0.289544, paupr_m: 0.459343, dauc: 0.897821, daupr: 0.364802, daupr_m: 0.448240
Epoch: 299 loss: 0.000030, pauc: 0.835302, paupr: 0.287733, paupr_m: 0.453400, dauc: 0.898920, daupr: 0.374715, daupr_m: 0.450631
Epoch: 309 loss: 0.000029, pauc: 0.838238, paupr: 0.317102, paupr_m: 0.453824, dauc: 0.898436, daupr: 0.375551, daupr_m: 0.450071
Epoch: 319 loss: 0.000028, pauc: 0.822221, paupr: 0.307576, paupr_m: 0.459258, dauc: 0.899802, daupr: 0.384624, daupr_m: 0.451062
Epoch: 329 loss: 0.000028, pauc: 0.837638, paupr: 0.304935, paupr_m: 0.454523, dauc: 0.899273, daupr: 0.379067, daupr_m: 0.452369
Epoch: 339 loss: 0.000028, pauc: 0.835888, paupr: 0.294809, paupr_m: 0.464191, dauc: 0.899927, daupr: 0.383904, daupr_m: 0.452921
Epoch: 349 loss: 0.000027, pauc: 0.832753, paupr: 0.288128, paupr_m: 0.431165, dauc: 0.899568, daupr: 0.380185, daupr_m: 0.452278
Epoch: 359 loss: 0.000027, pauc: 0.843711, paupr: 0.301850, paupr_m: 0.475174, dauc: 0.899588, daupr: 0.380216, daupr_m: 0.450968
Epoch: 369 loss: 0.000027, pauc: 0.830142, paupr: 0.303093, paupr_m: 0.460197, dauc: 0.899922, daupr: 0.378141, daupr_m: 0.456686
Epoch: 379 loss: 0.000026, pauc: 0.826070, paupr: 0.304994, paupr_m: 0.461840, dauc: 0.900356, daupr: 0.382292, daupr_m: 0.450828
Epoch: 389 loss: 0.000026, pauc: 0.844484, paupr: 0.314299, paupr_m: 0.450275, dauc: 0.900374, daupr: 0.384475, daupr_m: 0.452491
Epoch: 399 loss: 0.000026, pauc: 0.830281, paupr: 0.307776, paupr_m: 0.465358, dauc: 0.900421, daupr: 0.379466, daupr_m: 0.468410
Epoch: 409 loss: 0.000025, pauc: 0.828034, paupr: 0.307620, paupr_m: 0.466007, dauc: 0.900614, daupr: 0.382723, daupr_m: 0.456467
Epoch: 419 loss: 0.000025, pauc: 0.829928, paupr: 0.303298, paupr_m: 0.460763, dauc: 0.900185, daupr: 0.378462, daupr_m: 0.456236
Epoch: 429 loss: 0.000024, pauc: 0.810649, paupr: 0.306755, paupr_m: 0.462746, dauc: 0.899897, daupr: 0.380664, daupr_m: 0.460091
Epoch: 439 loss: 0.000025, pauc: 0.833105, paupr: 0.308381, paupr_m: 0.468492, dauc: 0.900407, daupr: 0.388925, daupr_m: 0.457446
Epoch: 449 loss: 0.000024, pauc: 0.840762, paupr: 0.309474, paupr_m: 0.473295, dauc: 0.900594, daupr: 0.388782, daupr_m: 0.458616
Epoch: 459 loss: 0.000024, pauc: 0.822114, paupr: 0.311265, paupr_m: 0.460462, dauc: 0.900574, daupr: 0.384814, daupr_m: 0.470407
Epoch: 469 loss: 0.000024, pauc: 0.844879, paupr: 0.316989, paupr_m: 0.458679, dauc: 0.900638, daupr: 0.386917, daupr_m: 0.456751
Epoch: 479 loss: 0.000024, pauc: 0.848021, paupr: 0.312024, paupr_m: 0.464186, dauc: 0.900577, daupr: 0.378337, daupr_m: 0.457377
Epoch: 489 loss: 0.000023, pauc: 0.834080, paupr: 0.304585, paupr_m: 0.478458, dauc: 0.901301, daupr: 0.387059, daupr_m: 0.459879
Epoch: 499 loss: 0.000023, pauc: 0.845430, paupr: 0.316981, paupr_m: 0.448094, dauc: 0.900015, daupr: 0.381292, daupr_m: 0.462551
Epoch: 509 loss: 0.000023, pauc: 0.830045, paupr: 0.307154, paupr_m: 0.461788, dauc: 0.900656, daupr: 0.380661, daupr_m: 0.459632
Epoch: 519 loss: 0.000023, pauc: 0.832322, paupr: 0.318278, paupr_m: 0.466507, dauc: 0.900816, daupr: 0.376857, daupr_m: 0.462283
Epoch: 529 loss: 0.000023, pauc: 0.839817, paupr: 0.319625, paupr_m: 0.448869, dauc: 0.900867, daupr: 0.385597, daupr_m: 0.465195
Epoch: 539 loss: 0.000023, pauc: 0.838531, paupr: 0.309231, paupr_m: 0.470339, dauc: 0.900479, daupr: 0.376556, daupr_m: 0.459601
Epoch: 549 loss: 0.000023, pauc: 0.823259, paupr: 0.310168, paupr_m: 0.448101, dauc: 0.901260, daupr: 0.389763, daupr_m: 0.465281
Epoch: 559 loss: 0.000022, pauc: 0.848042, paupr: 0.293675, paupr_m: 0.471605, dauc: 0.901249, daupr: 0.390229, daupr_m: 0.465897
Epoch: 569 loss: 0.000023, pauc: 0.844890, paupr: 0.307930, paupr_m: 0.480973, dauc: 0.901325, daupr: 0.396789, daupr_m: 0.463900
Epoch: 579 loss: 0.000023, pauc: 0.822993, paupr: 0.295696, paupr_m: 0.489718, dauc: 0.900653, daupr: 0.386211, daupr_m: 0.469620
Epoch: 589 loss: 0.000022, pauc: 0.827335, paupr: 0.304792, paupr_m: 0.474236, dauc: 0.900942, daupr: 0.386788, daupr_m: 0.464881
Epoch: 599 loss: 0.000022, pauc: 0.825710, paupr: 0.324408, paupr_m: 0.479463, dauc: 0.901344, daupr: 0.387907, daupr_m: 0.481870
Epoch: 609 loss: 0.000022, pauc: 0.827042, paupr: 0.304729, paupr_m: 0.462715, dauc: 0.901189, daupr: 0.388401, daupr_m: 0.473731
Epoch: 619 loss: 0.000022, pauc: 0.818063, paupr: 0.313244, paupr_m: 0.468003, dauc: 0.901425, daupr: 0.387314, daupr_m: 0.470957
Epoch: 629 loss: 0.000021, pauc: 0.854152, paupr: 0.313238, paupr_m: 0.472202, dauc: 0.901178, daupr: 0.387322, daupr_m: 0.468977
Epoch: 639 loss: 0.000021, pauc: 0.830830, paupr: 0.309555, paupr_m: 0.485528, dauc: 0.902079, daupr: 0.395526, daupr_m: 0.469046
Epoch: 649 loss: 0.000021, pauc: 0.838330, paupr: 0.314891, paupr_m: 0.486969, dauc: 0.901800, daupr: 0.393688, daupr_m: 0.475571
Epoch: 659 loss: 0.000021, pauc: 0.813477, paupr: 0.324683, paupr_m: 0.483724, dauc: 0.901634, daupr: 0.390462, daupr_m: 0.467725
Epoch: 669 loss: 0.000021, pauc: 0.824542, paupr: 0.323086, paupr_m: 0.476095, dauc: 0.901893, daupr: 0.390735, daupr_m: 0.470963
Epoch: 679 loss: 0.000021, pauc: 0.844644, paupr: 0.316841, paupr_m: 0.472823, dauc: 0.901929, daupr: 0.397113, daupr_m: 0.469895
Epoch: 689 loss: 0.000021, pauc: 0.834020, paupr: 0.318835, paupr_m: 0.477153, dauc: 0.901229, daupr: 0.393564, daupr_m: 0.472941
Epoch: 699 loss: 0.000021, pauc: 0.818622, paupr: 0.313588, paupr_m: 0.468476, dauc: 0.900646, daupr: 0.376523, daupr_m: 0.471543
Epoch: 709 loss: 0.000021, pauc: 0.835779, paupr: 0.316843, paupr_m: 0.480506, dauc: 0.901657, daupr: 0.390993, daupr_m: 0.473572
Epoch: 719 loss: 0.000020, pauc: 0.838621, paupr: 0.317453, paupr_m: 0.481198, dauc: 0.902040, daupr: 0.397368, daupr_m: 0.475815
Epoch: 729 loss: 0.000020, pauc: 0.824065, paupr: 0.319346, paupr_m: 0.470409, dauc: 0.901098, daupr: 0.383332, daupr_m: 0.471972
Epoch: 739 loss: 0.000021, pauc: 0.818861, paupr: 0.319007, paupr_m: 0.466133, dauc: 0.901390, daupr: 0.385731, daupr_m: 0.474780
Epoch: 749 loss: 0.000021, pauc: 0.850141, paupr: 0.318837, paupr_m: 0.464358, dauc: 0.901331, daupr: 0.379689, daupr_m: 0.470188
Epoch: 759 loss: 0.000020, pauc: 0.832621, paupr: 0.300568, paupr_m: 0.480306, dauc: 0.901661, daupr: 0.396329, daupr_m: 0.470191
Epoch: 769 loss: 0.000020, pauc: 0.827866, paupr: 0.310400, paupr_m: 0.466288, dauc: 0.901573, daupr: 0.385055, daupr_m: 0.474857
Epoch: 779 loss: 0.000020, pauc: 0.833173, paupr: 0.325947, paupr_m: 0.484592, dauc: 0.900902, daupr: 0.380074, daupr_m: 0.477360
Epoch: 789 loss: 0.000020, pauc: 0.823131, paupr: 0.322877, paupr_m: 0.477850, dauc: 0.901606, daupr: 0.387553, daupr_m: 0.475479
Epoch: 799 loss: 0.000020, pauc: 0.815948, paupr: 0.317543, paupr_m: 0.462587, dauc: 0.901607, daupr: 0.393812, daupr_m: 0.475751
Epoch: 809 loss: 0.000020, pauc: 0.845658, paupr: 0.316820, paupr_m: 0.440883, dauc: 0.901340, daupr: 0.389727, daupr_m: 0.479933
Epoch: 819 loss: 0.000020, pauc: 0.833108, paupr: 0.310848, paupr_m: 0.455308, dauc: 0.901456, daupr: 0.389046, daupr_m: 0.480976
Epoch: 829 loss: 0.000020, pauc: 0.842410, paupr: 0.317225, paupr_m: 0.473751, dauc: 0.901955, daupr: 0.397584, daupr_m: 0.475639
Epoch: 839 loss: 0.000020, pauc: 0.839445, paupr: 0.324546, paupr_m: 0.475112, dauc: 0.901833, daupr: 0.395830, daupr_m: 0.473966
Epoch: 849 loss: 0.000020, pauc: 0.828237, paupr: 0.308601, paupr_m: 0.475068, dauc: 0.901009, daupr: 0.382559, daupr_m: 0.475969
Epoch: 859 loss: 0.000020, pauc: 0.840161, paupr: 0.317345, paupr_m: 0.485054, dauc: 0.901339, daupr: 0.385951, daupr_m: 0.474140
Epoch: 869 loss: 0.000020, pauc: 0.836114, paupr: 0.329285, paupr_m: 0.479723, dauc: 0.901532, daupr: 0.386140, daupr_m: 0.479279
Epoch: 879 loss: 0.000019, pauc: 0.827700, paupr: 0.309466, paupr_m: 0.485947, dauc: 0.901095, daupr: 0.382591, daupr_m: 0.475931
Epoch: 889 loss: 0.000020, pauc: 0.821366, paupr: 0.325079, paupr_m: 0.474975, dauc: 0.901204, daupr: 0.386720, daupr_m: 0.477289
Epoch: 899 loss: 0.000020, pauc: 0.827904, paupr: 0.316522, paupr_m: 0.474232, dauc: 0.901177, daupr: 0.385928, daupr_m: 0.477472
Epoch: 909 loss: 0.000020, pauc: 0.824825, paupr: 0.319988, paupr_m: 0.459687, dauc: 0.901853, daupr: 0.394739, daupr_m: 0.476961
Epoch: 919 loss: 0.000020, pauc: 0.828606, paupr: 0.317272, paupr_m: 0.477884, dauc: 0.900590, daupr: 0.371571, daupr_m: 0.477433
Epoch: 929 loss: 0.000020, pauc: 0.834848, paupr: 0.307040, paupr_m: 0.487730, dauc: 0.901394, daupr: 0.390613, daupr_m: 0.475607
Epoch: 939 loss: 0.000020, pauc: 0.829937, paupr: 0.320436, paupr_m: 0.473543, dauc: 0.901247, daupr: 0.396660, daupr_m: 0.479005
Epoch: 949 loss: 0.000019, pauc: 0.819272, paupr: 0.328159, paupr_m: 0.479386, dauc: 0.901707, daupr: 0.386885, daupr_m: 0.479075
Epoch: 959 loss: 0.000019, pauc: 0.818398, paupr: 0.317305, paupr_m: 0.469790, dauc: 0.901728, daupr: 0.392351, daupr_m: 0.484119
Epoch: 969 loss: 0.000019, pauc: 0.863106, paupr: 0.316813, paupr_m: 0.478164, dauc: 0.901881, daupr: 0.403499, daupr_m: 0.482468
Epoch: 979 loss: 0.000019, pauc: 0.837671, paupr: 0.318300, paupr_m: 0.480665, dauc: 0.901476, daupr: 0.390235, daupr_m: 0.478150
Epoch: 989 loss: 0.000019, pauc: 0.832675, paupr: 0.313977, paupr_m: 0.464446, dauc: 0.901483, daupr: 0.388795, daupr_m: 0.481911
Epoch: 999 loss: 0.000019, pauc: 0.831206, paupr: 0.328720, paupr_m: 0.485640, dauc: 0.901458, daupr: 0.387180, daupr_m: 0.479360
Epoch: 9 loss: 0.000583, pauc: 0.866783, paupr: 0.017633, paupr_m: 0.053079, dauc: 0.738875, daupr: 0.188150, daupr_m: 0.226352
Epoch: 19 loss: 0.000444, pauc: 0.861369, paupr: 0.044275, paupr_m: 0.107700, dauc: 0.802584, daupr: 0.273666, daupr_m: 0.334237
Epoch: 29 loss: 0.000361, pauc: 0.882757, paupr: 0.032687, paupr_m: 0.092704, dauc: 0.830200, daupr: 0.299277, daupr_m: 0.367088
Epoch: 39 loss: 0.000291, pauc: 0.878261, paupr: 0.046842, paupr_m: 0.103207, dauc: 0.845676, daupr: 0.310491, daupr_m: 0.379803
Epoch: 49 loss: 0.000238, pauc: 0.871560, paupr: 0.068167, paupr_m: 0.134893, dauc: 0.856291, daupr: 0.313486, daupr_m: 0.373257
Epoch: 59 loss: 0.000198, pauc: 0.869821, paupr: 0.103443, paupr_m: 0.156696, dauc: 0.862298, daupr: 0.306364, daupr_m: 0.361590
Epoch: 69 loss: 0.000165, pauc: 0.879726, paupr: 0.114090, paupr_m: 0.212158, dauc: 0.866634, daupr: 0.302471, daupr_m: 0.353736
Epoch: 79 loss: 0.000138, pauc: 0.869287, paupr: 0.112487, paupr_m: 0.233389, dauc: 0.869482, daupr: 0.301441, daupr_m: 0.356085
Epoch: 89 loss: 0.000119, pauc: 0.879753, paupr: 0.135024, paupr_m: 0.253709, dauc: 0.871815, daupr: 0.308928, daupr_m: 0.361386
Epoch: 99 loss: 0.000104, pauc: 0.898620, paupr: 0.169015, paupr_m: 0.284400, dauc: 0.873877, daupr: 0.306133, daupr_m: 0.363074
Epoch: 109 loss: 0.000091, pauc: 0.874088, paupr: 0.205119, paupr_m: 0.339571, dauc: 0.874232, daupr: 0.305529, daupr_m: 0.367498
Epoch: 119 loss: 0.000080, pauc: 0.877474, paupr: 0.189399, paupr_m: 0.338476, dauc: 0.877039, daupr: 0.315450, daupr_m: 0.365156
Epoch: 129 loss: 0.000071, pauc: 0.895698, paupr: 0.200751, paupr_m: 0.342607, dauc: 0.877453, daupr: 0.311067, daupr_m: 0.369918
Epoch: 139 loss: 0.000065, pauc: 0.869847, paupr: 0.190221, paupr_m: 0.332628, dauc: 0.877315, daupr: 0.308985, daupr_m: 0.364547
Epoch: 149 loss: 0.000060, pauc: 0.890043, paupr: 0.209008, paupr_m: 0.379748, dauc: 0.878209, daupr: 0.312120, daupr_m: 0.369613
Epoch: 159 loss: 0.000055, pauc: 0.873704, paupr: 0.215849, paupr_m: 0.382668, dauc: 0.878246, daupr: 0.306037, daupr_m: 0.367631
Epoch: 169 loss: 0.000051, pauc: 0.888762, paupr: 0.237401, paupr_m: 0.393694, dauc: 0.878815, daupr: 0.309890, daupr_m: 0.368442
Epoch: 179 loss: 0.000047, pauc: 0.899597, paupr: 0.250692, paupr_m: 0.419253, dauc: 0.880067, daupr: 0.311339, daupr_m: 0.369897
Epoch: 189 loss: 0.000045, pauc: 0.884347, paupr: 0.254923, paupr_m: 0.418368, dauc: 0.879916, daupr: 0.313743, daupr_m: 0.377913
Epoch: 199 loss: 0.000042, pauc: 0.889628, paupr: 0.235289, paupr_m: 0.435267, dauc: 0.879746, daupr: 0.311448, daupr_m: 0.372339
Epoch: 209 loss: 0.000042, pauc: 0.886687, paupr: 0.253448, paupr_m: 0.440189, dauc: 0.880658, daupr: 0.315127, daupr_m: 0.373780
Epoch: 219 loss: 0.000039, pauc: 0.888330, paupr: 0.243309, paupr_m: 0.426305, dauc: 0.880151, daupr: 0.308712, daupr_m: 0.374882
Epoch: 229 loss: 0.000037, pauc: 0.885637, paupr: 0.256006, paupr_m: 0.432265, dauc: 0.881226, daupr: 0.316547, daupr_m: 0.391699
Epoch: 239 loss: 0.000036, pauc: 0.891158, paupr: 0.275109, paupr_m: 0.448087, dauc: 0.881847, daupr: 0.318706, daupr_m: 0.373016
Epoch: 249 loss: 0.000035, pauc: 0.881025, paupr: 0.257275, paupr_m: 0.462061, dauc: 0.880804, daupr: 0.311652, daupr_m: 0.380463
Epoch: 259 loss: 0.000035, pauc: 0.888531, paupr: 0.268315, paupr_m: 0.442480, dauc: 0.881073, daupr: 0.316216, daupr_m: 0.383559
Epoch: 269 loss: 0.000033, pauc: 0.895137, paupr: 0.257366, paupr_m: 0.448006, dauc: 0.881003, daupr: 0.314608, daupr_m: 0.382207
Epoch: 279 loss: 0.000032, pauc: 0.889593, paupr: 0.259998, paupr_m: 0.424013, dauc: 0.882195, daupr: 0.315948, daupr_m: 0.381076
Epoch: 289 loss: 0.000031, pauc: 0.885853, paupr: 0.279583, paupr_m: 0.439061, dauc: 0.882241, daupr: 0.319489, daupr_m: 0.375021
Epoch: 299 loss: 0.000031, pauc: 0.900323, paupr: 0.283118, paupr_m: 0.451780, dauc: 0.881100, daupr: 0.315588, daupr_m: 0.390211
Epoch: 309 loss: 0.000030, pauc: 0.883249, paupr: 0.299685, paupr_m: 0.460716, dauc: 0.881404, daupr: 0.313360, daupr_m: 0.378260
Epoch: 319 loss: 0.000029, pauc: 0.878137, paupr: 0.276168, paupr_m: 0.458950, dauc: 0.882064, daupr: 0.319233, daupr_m: 0.388596
Epoch: 329 loss: 0.000030, pauc: 0.886158, paupr: 0.274226, paupr_m: 0.467541, dauc: 0.882239, daupr: 0.318302, daupr_m: 0.386300
Epoch: 339 loss: 0.000029, pauc: 0.893444, paupr: 0.287506, paupr_m: 0.428119, dauc: 0.881878, daupr: 0.316647, daupr_m: 0.390103
Epoch: 349 loss: 0.000028, pauc: 0.889917, paupr: 0.307890, paupr_m: 0.466698, dauc: 0.882740, daupr: 0.316770, daupr_m: 0.384365
Epoch: 359 loss: 0.000027, pauc: 0.899094, paupr: 0.294850, paupr_m: 0.452414, dauc: 0.882406, daupr: 0.314816, daupr_m: 0.384695
Epoch: 369 loss: 0.000027, pauc: 0.899693, paupr: 0.303097, paupr_m: 0.461105, dauc: 0.882244, daupr: 0.312132, daupr_m: 0.388151
Epoch: 379 loss: 0.000027, pauc: 0.904343, paupr: 0.295169, paupr_m: 0.483623, dauc: 0.881995, daupr: 0.309837, daupr_m: 0.386817
Epoch: 389 loss: 0.000027, pauc: 0.901134, paupr: 0.305552, paupr_m: 0.469621, dauc: 0.882244, daupr: 0.317015, daupr_m: 0.384764
Epoch: 399 loss: 0.000026, pauc: 0.892275, paupr: 0.294928, paupr_m: 0.472090, dauc: 0.883576, daupr: 0.324360, daupr_m: 0.385031
Epoch: 409 loss: 0.000026, pauc: 0.910093, paupr: 0.296718, paupr_m: 0.457785, dauc: 0.882950, daupr: 0.324807, daupr_m: 0.391877
Epoch: 419 loss: 0.000026, pauc: 0.887516, paupr: 0.296413, paupr_m: 0.470008, dauc: 0.883268, daupr: 0.319877, daupr_m: 0.388733
Epoch: 429 loss: 0.000025, pauc: 0.904434, paupr: 0.305873, paupr_m: 0.477357, dauc: 0.883491, daupr: 0.322398, daupr_m: 0.389399
Epoch: 439 loss: 0.000025, pauc: 0.904971, paupr: 0.309596, paupr_m: 0.482869, dauc: 0.882896, daupr: 0.316744, daupr_m: 0.407279
Epoch: 449 loss: 0.000025, pauc: 0.907105, paupr: 0.314067, paupr_m: 0.472907, dauc: 0.883363, daupr: 0.319042, daupr_m: 0.396603
Epoch: 459 loss: 0.000024, pauc: 0.898909, paupr: 0.319680, paupr_m: 0.476251, dauc: 0.882449, daupr: 0.315438, daupr_m: 0.388767
Epoch: 469 loss: 0.000025, pauc: 0.897974, paupr: 0.314864, paupr_m: 0.492295, dauc: 0.884678, daupr: 0.332423, daupr_m: 0.393895
Epoch: 479 loss: 0.000024, pauc: 0.899453, paupr: 0.310536, paupr_m: 0.477515, dauc: 0.883931, daupr: 0.329161, daupr_m: 0.394082
Epoch: 489 loss: 0.000024, pauc: 0.898906, paupr: 0.305100, paupr_m: 0.465474, dauc: 0.883173, daupr: 0.320592, daupr_m: 0.391497
Epoch: 499 loss: 0.000024, pauc: 0.897501, paupr: 0.333050, paupr_m: 0.482496, dauc: 0.883489, daupr: 0.317263, daupr_m: 0.395705
Epoch: 509 loss: 0.000024, pauc: 0.897263, paupr: 0.323661, paupr_m: 0.483705, dauc: 0.883197, daupr: 0.317537, daupr_m: 0.392398
Epoch: 519 loss: 0.000024, pauc: 0.897535, paupr: 0.311380, paupr_m: 0.465384, dauc: 0.882759, daupr: 0.311556, daupr_m: 0.399796
Epoch: 529 loss: 0.000023, pauc: 0.906616, paupr: 0.318021, paupr_m: 0.471062, dauc: 0.883589, daupr: 0.319949, daupr_m: 0.397752
Epoch: 539 loss: 0.000023, pauc: 0.902036, paupr: 0.322862, paupr_m: 0.486280, dauc: 0.883506, daupr: 0.320230, daupr_m: 0.401633
Epoch: 549 loss: 0.000023, pauc: 0.903358, paupr: 0.311493, paupr_m: 0.453750, dauc: 0.883948, daupr: 0.321426, daupr_m: 0.399061
Epoch: 559 loss: 0.000023, pauc: 0.892204, paupr: 0.336560, paupr_m: 0.455289, dauc: 0.883651, daupr: 0.322374, daupr_m: 0.398009
Epoch: 569 loss: 0.000022, pauc: 0.901751, paupr: 0.316669, paupr_m: 0.467086, dauc: 0.883818, daupr: 0.327587, daupr_m: 0.400840
Epoch: 579 loss: 0.000023, pauc: 0.896997, paupr: 0.335328, paupr_m: 0.473449, dauc: 0.884087, daupr: 0.326408, daupr_m: 0.407849
Epoch: 589 loss: 0.000022, pauc: 0.901750, paupr: 0.340906, paupr_m: 0.466341, dauc: 0.884219, daupr: 0.328042, daupr_m: 0.396350
Epoch: 599 loss: 0.000023, pauc: 0.907345, paupr: 0.322446, paupr_m: 0.455566, dauc: 0.884044, daupr: 0.318437, daupr_m: 0.399385
Epoch: 609 loss: 0.000023, pauc: 0.899186, paupr: 0.335184, paupr_m: 0.466416, dauc: 0.884211, daupr: 0.328552, daupr_m: 0.403045
Epoch: 619 loss: 0.000022, pauc: 0.903593, paupr: 0.324378, paupr_m: 0.477867, dauc: 0.883917, daupr: 0.322086, daupr_m: 0.400889
Epoch: 629 loss: 0.000022, pauc: 0.900920, paupr: 0.336328, paupr_m: 0.474478, dauc: 0.884704, daupr: 0.332625, daupr_m: 0.407033
Epoch: 639 loss: 0.000022, pauc: 0.901303, paupr: 0.332644, paupr_m: 0.469331, dauc: 0.883115, daupr: 0.320658, daupr_m: 0.400965
Epoch: 649 loss: 0.000023, pauc: 0.892516, paupr: 0.331768, paupr_m: 0.468612, dauc: 0.884721, daupr: 0.330182, daupr_m: 0.400036
Epoch: 659 loss: 0.000022, pauc: 0.896572, paupr: 0.324308, paupr_m: 0.452010, dauc: 0.884306, daupr: 0.326418, daupr_m: 0.404034
Epoch: 669 loss: 0.000021, pauc: 0.898341, paupr: 0.323583, paupr_m: 0.455742, dauc: 0.884893, daupr: 0.326782, daupr_m: 0.400429
Epoch: 679 loss: 0.000021, pauc: 0.902623, paupr: 0.331650, paupr_m: 0.458580, dauc: 0.884361, daupr: 0.320634, daupr_m: 0.404191
Epoch: 689 loss: 0.000021, pauc: 0.889989, paupr: 0.332054, paupr_m: 0.478069, dauc: 0.883741, daupr: 0.322943, daupr_m: 0.405289
Epoch: 699 loss: 0.000022, pauc: 0.904808, paupr: 0.320509, paupr_m: 0.462539, dauc: 0.883168, daupr: 0.310358, daupr_m: 0.407170
Epoch: 709 loss: 0.000021, pauc: 0.897446, paupr: 0.336675, paupr_m: 0.472521, dauc: 0.885230, daupr: 0.339924, daupr_m: 0.409223
Epoch: 719 loss: 0.000021, pauc: 0.880911, paupr: 0.343152, paupr_m: 0.475102, dauc: 0.884405, daupr: 0.327926, daupr_m: 0.408044
Epoch: 729 loss: 0.000021, pauc: 0.906513, paupr: 0.346952, paupr_m: 0.474940, dauc: 0.883988, daupr: 0.317276, daupr_m: 0.411764
Epoch: 739 loss: 0.000022, pauc: 0.897645, paupr: 0.347922, paupr_m: 0.483170, dauc: 0.884450, daupr: 0.330222, daupr_m: 0.404296
Epoch: 749 loss: 0.000021, pauc: 0.911513, paupr: 0.348411, paupr_m: 0.486920, dauc: 0.884757, daupr: 0.331486, daupr_m: 0.412725
Epoch: 759 loss: 0.000021, pauc: 0.899563, paupr: 0.342699, paupr_m: 0.459264, dauc: 0.885000, daupr: 0.327635, daupr_m: 0.407864
Epoch: 769 loss: 0.000020, pauc: 0.905082, paupr: 0.333636, paupr_m: 0.466706, dauc: 0.884646, daupr: 0.325302, daupr_m: 0.412978
Epoch: 779 loss: 0.000021, pauc: 0.904970, paupr: 0.333986, paupr_m: 0.457557, dauc: 0.884433, daupr: 0.328298, daupr_m: 0.406879
Epoch: 789 loss: 0.000021, pauc: 0.889116, paupr: 0.321310, paupr_m: 0.468471, dauc: 0.884825, daupr: 0.326022, daupr_m: 0.410207
Epoch: 799 loss: 0.000021, pauc: 0.897514, paupr: 0.341010, paupr_m: 0.482738, dauc: 0.884884, daupr: 0.322767, daupr_m: 0.422795
Epoch: 809 loss: 0.000020, pauc: 0.900851, paupr: 0.328462, paupr_m: 0.454854, dauc: 0.884614, daupr: 0.334424, daupr_m: 0.420675
Epoch: 819 loss: 0.000021, pauc: 0.903526, paupr: 0.344534, paupr_m: 0.488877, dauc: 0.885614, daupr: 0.345572, daupr_m: 0.408927
Epoch: 829 loss: 0.000020, pauc: 0.904367, paupr: 0.333152, paupr_m: 0.471772, dauc: 0.885346, daupr: 0.338656, daupr_m: 0.413396
Epoch: 839 loss: 0.000020, pauc: 0.887057, paupr: 0.345213, paupr_m: 0.501514, dauc: 0.885257, daupr: 0.332367, daupr_m: 0.413350
Epoch: 849 loss: 0.000021, pauc: 0.909954, paupr: 0.346927, paupr_m: 0.483512, dauc: 0.884575, daupr: 0.333854, daupr_m: 0.410569
Epoch: 859 loss: 0.000020, pauc: 0.895210, paupr: 0.330420, paupr_m: 0.474405, dauc: 0.884856, daupr: 0.327734, daupr_m: 0.412800
Epoch: 869 loss: 0.000020, pauc: 0.888158, paupr: 0.335084, paupr_m: 0.451295, dauc: 0.884886, daupr: 0.328046, daupr_m: 0.417258
Epoch: 879 loss: 0.000020, pauc: 0.893017, paupr: 0.346031, paupr_m: 0.466495, dauc: 0.885653, daupr: 0.339036, daupr_m: 0.413635
Epoch: 889 loss: 0.000020, pauc: 0.889090, paupr: 0.347196, paupr_m: 0.463313, dauc: 0.884969, daupr: 0.326233, daupr_m: 0.413338
Epoch: 899 loss: 0.000020, pauc: 0.898383, paupr: 0.334681, paupr_m: 0.470261, dauc: 0.884386, daupr: 0.323036, daupr_m: 0.415618
Epoch: 909 loss: 0.000020, pauc: 0.897923, paupr: 0.335448, paupr_m: 0.465343, dauc: 0.885353, daupr: 0.338487, daupr_m: 0.415735
Epoch: 919 loss: 0.000020, pauc: 0.910432, paupr: 0.345594, paupr_m: 0.460104, dauc: 0.884422, daupr: 0.322195, daupr_m: 0.422686
Epoch: 929 loss: 0.000020, pauc: 0.897593, paupr: 0.331254, paupr_m: 0.467736, dauc: 0.884634, daupr: 0.332894, daupr_m: 0.420590
Epoch: 939 loss: 0.000020, pauc: 0.898759, paupr: 0.341677, paupr_m: 0.478772, dauc: 0.884048, daupr: 0.319496, daupr_m: 0.413710
Epoch: 949 loss: 0.000020, pauc: 0.887521, paupr: 0.336330, paupr_m: 0.479127, dauc: 0.885614, daupr: 0.345079, daupr_m: 0.429868
Epoch: 959 loss: 0.000020, pauc: 0.896288, paupr: 0.336828, paupr_m: 0.468541, dauc: 0.884204, daupr: 0.323193, daupr_m: 0.418012
Epoch: 969 loss: 0.000021, pauc: 0.892099, paupr: 0.352247, paupr_m: 0.470723, dauc: 0.885885, daupr: 0.343859, daupr_m: 0.417258
Epoch: 979 loss: 0.000020, pauc: 0.899459, paupr: 0.343941, paupr_m: 0.464950, dauc: 0.885158, daupr: 0.332789, daupr_m: 0.417558
Epoch: 989 loss: 0.000020, pauc: 0.905790, paupr: 0.339074, paupr_m: 0.470119, dauc: 0.885035, daupr: 0.331303, daupr_m: 0.416176
Epoch: 999 loss: 0.000020, pauc: 0.895355, paupr: 0.337187, paupr_m: 0.449224, dauc: 0.885488, daupr: 0.339657, daupr_m: 0.418608
Epoch: 9 loss: 0.000570, pauc: 0.911398, paupr: 0.033501, paupr_m: 0.079392, dauc: 0.773625, daupr: 0.205582, daupr_m: 0.237349
Epoch: 19 loss: 0.000437, pauc: 0.921479, paupr: 0.048871, paupr_m: 0.127364, dauc: 0.839116, daupr: 0.303886, daupr_m: 0.350619
Epoch: 29 loss: 0.000348, pauc: 0.926285, paupr: 0.076028, paupr_m: 0.136409, dauc: 0.863692, daupr: 0.332253, daupr_m: 0.381988
Epoch: 39 loss: 0.000283, pauc: 0.925061, paupr: 0.105270, paupr_m: 0.157989, dauc: 0.877123, daupr: 0.341962, daupr_m: 0.394112
Epoch: 49 loss: 0.000226, pauc: 0.921532, paupr: 0.136223, paupr_m: 0.178249, dauc: 0.885974, daupr: 0.340133, daupr_m: 0.387693
Epoch: 59 loss: 0.000184, pauc: 0.922623, paupr: 0.190154, paupr_m: 0.229777, dauc: 0.890905, daupr: 0.333102, daupr_m: 0.371049
Epoch: 69 loss: 0.000152, pauc: 0.918048, paupr: 0.199133, paupr_m: 0.214523, dauc: 0.893106, daupr: 0.321183, daupr_m: 0.358524
Epoch: 79 loss: 0.000127, pauc: 0.927674, paupr: 0.261498, paupr_m: 0.269539, dauc: 0.895194, daupr: 0.322556, daupr_m: 0.360823
Epoch: 89 loss: 0.000109, pauc: 0.920548, paupr: 0.263367, paupr_m: 0.306119, dauc: 0.897955, daupr: 0.330979, daupr_m: 0.377347
Epoch: 99 loss: 0.000093, pauc: 0.933693, paupr: 0.302146, paupr_m: 0.297120, dauc: 0.899603, daupr: 0.336721, daupr_m: 0.389032
Epoch: 109 loss: 0.000082, pauc: 0.931573, paupr: 0.320731, paupr_m: 0.332269, dauc: 0.900403, daupr: 0.334701, daupr_m: 0.376969
Epoch: 119 loss: 0.000072, pauc: 0.917779, paupr: 0.305529, paupr_m: 0.345430, dauc: 0.900531, daupr: 0.329865, daupr_m: 0.374994
Epoch: 129 loss: 0.000064, pauc: 0.922506, paupr: 0.325652, paupr_m: 0.357464, dauc: 0.901213, daupr: 0.332334, daupr_m: 0.374564
Epoch: 139 loss: 0.000058, pauc: 0.924321, paupr: 0.362408, paupr_m: 0.357630, dauc: 0.902425, daupr: 0.330454, daupr_m: 0.376282
Epoch: 149 loss: 0.000053, pauc: 0.928119, paupr: 0.365486, paupr_m: 0.393009, dauc: 0.902118, daupr: 0.331656, daupr_m: 0.376083
Epoch: 159 loss: 0.000049, pauc: 0.930464, paupr: 0.358122, paupr_m: 0.370452, dauc: 0.903238, daupr: 0.335327, daupr_m: 0.378980
Epoch: 169 loss: 0.000046, pauc: 0.920542, paupr: 0.380527, paupr_m: 0.415434, dauc: 0.903514, daupr: 0.334894, daupr_m: 0.375181
Epoch: 179 loss: 0.000043, pauc: 0.935451, paupr: 0.372506, paupr_m: 0.418129, dauc: 0.903832, daupr: 0.329552, daupr_m: 0.381121
Epoch: 189 loss: 0.000041, pauc: 0.931176, paupr: 0.369812, paupr_m: 0.448313, dauc: 0.904039, daupr: 0.336909, daupr_m: 0.377757
Epoch: 199 loss: 0.000039, pauc: 0.934809, paupr: 0.373811, paupr_m: 0.414690, dauc: 0.904159, daupr: 0.334187, daupr_m: 0.379733
Epoch: 209 loss: 0.000037, pauc: 0.926099, paupr: 0.391117, paupr_m: 0.433790, dauc: 0.903965, daupr: 0.331593, daupr_m: 0.381119
Epoch: 219 loss: 0.000035, pauc: 0.925953, paupr: 0.388538, paupr_m: 0.461808, dauc: 0.904795, daupr: 0.336282, daupr_m: 0.389844
Epoch: 229 loss: 0.000035, pauc: 0.938571, paupr: 0.396164, paupr_m: 0.455535, dauc: 0.905109, daupr: 0.340073, daupr_m: 0.383290
Epoch: 239 loss: 0.000035, pauc: 0.927556, paupr: 0.417332, paupr_m: 0.458575, dauc: 0.905128, daupr: 0.338936, daupr_m: 0.388327
Epoch: 249 loss: 0.000032, pauc: 0.934951, paupr: 0.400997, paupr_m: 0.453061, dauc: 0.905972, daupr: 0.346119, daupr_m: 0.387607
Epoch: 259 loss: 0.000031, pauc: 0.929127, paupr: 0.400850, paupr_m: 0.471598, dauc: 0.905542, daupr: 0.344178, daupr_m: 0.391063
Epoch: 269 loss: 0.000030, pauc: 0.921852, paupr: 0.413183, paupr_m: 0.482433, dauc: 0.905930, daupr: 0.338693, daupr_m: 0.386999
Epoch: 279 loss: 0.000030, pauc: 0.930456, paupr: 0.417798, paupr_m: 0.494645, dauc: 0.906662, daupr: 0.347124, daupr_m: 0.390605
Epoch: 289 loss: 0.000029, pauc: 0.930552, paupr: 0.426257, paupr_m: 0.454867, dauc: 0.906271, daupr: 0.339771, daupr_m: 0.387553
Epoch: 299 loss: 0.000029, pauc: 0.934018, paupr: 0.424299, paupr_m: 0.458418, dauc: 0.906160, daupr: 0.340764, daupr_m: 0.391828
Epoch: 309 loss: 0.000028, pauc: 0.918774, paupr: 0.400120, paupr_m: 0.471054, dauc: 0.906341, daupr: 0.344282, daupr_m: 0.395447
Epoch: 319 loss: 0.000028, pauc: 0.929227, paupr: 0.405335, paupr_m: 0.510071, dauc: 0.905642, daupr: 0.339088, daupr_m: 0.391158
Epoch: 329 loss: 0.000027, pauc: 0.929509, paupr: 0.410049, paupr_m: 0.493566, dauc: 0.906993, daupr: 0.352149, daupr_m: 0.398137
Epoch: 339 loss: 0.000027, pauc: 0.914682, paupr: 0.422356, paupr_m: 0.480641, dauc: 0.905793, daupr: 0.343345, daupr_m: 0.392798
Epoch: 349 loss: 0.000027, pauc: 0.923746, paupr: 0.420139, paupr_m: 0.466050, dauc: 0.907173, daupr: 0.349377, daupr_m: 0.403974
Epoch: 359 loss: 0.000026, pauc: 0.924427, paupr: 0.425313, paupr_m: 0.483151, dauc: 0.906948, daupr: 0.349331, daupr_m: 0.403591
Epoch: 369 loss: 0.000025, pauc: 0.928438, paupr: 0.437568, paupr_m: 0.488568, dauc: 0.907498, daupr: 0.352647, daupr_m: 0.414159
Epoch: 379 loss: 0.000025, pauc: 0.914144, paupr: 0.430897, paupr_m: 0.481719, dauc: 0.907385, daupr: 0.353976, daupr_m: 0.398146
Epoch: 389 loss: 0.000025, pauc: 0.925591, paupr: 0.432708, paupr_m: 0.512773, dauc: 0.907170, daupr: 0.351983, daupr_m: 0.402292
Epoch: 399 loss: 0.000024, pauc: 0.938745, paupr: 0.424601, paupr_m: 0.467713, dauc: 0.906966, daupr: 0.342118, daupr_m: 0.397901
Epoch: 409 loss: 0.000025, pauc: 0.919482, paupr: 0.439744, paupr_m: 0.494130, dauc: 0.907847, daupr: 0.358108, daupr_m: 0.400252
Epoch: 419 loss: 0.000024, pauc: 0.919361, paupr: 0.434259, paupr_m: 0.472268, dauc: 0.906789, daupr: 0.338449, daupr_m: 0.402683
Epoch: 429 loss: 0.000024, pauc: 0.921719, paupr: 0.434371, paupr_m: 0.472687, dauc: 0.907301, daupr: 0.349125, daupr_m: 0.409549
Epoch: 439 loss: 0.000024, pauc: 0.922408, paupr: 0.444790, paupr_m: 0.478488, dauc: 0.907385, daupr: 0.347270, daupr_m: 0.407229
Epoch: 449 loss: 0.000023, pauc: 0.924801, paupr: 0.451969, paupr_m: 0.494573, dauc: 0.907966, daupr: 0.351823, daupr_m: 0.406616
Epoch: 459 loss: 0.000023, pauc: 0.910191, paupr: 0.438885, paupr_m: 0.481123, dauc: 0.908102, daupr: 0.350815, daupr_m: 0.411893
Epoch: 469 loss: 0.000023, pauc: 0.921722, paupr: 0.448909, paupr_m: 0.496086, dauc: 0.908300, daupr: 0.353336, daupr_m: 0.414734
Epoch: 479 loss: 0.000023, pauc: 0.915924, paupr: 0.429864, paupr_m: 0.497028, dauc: 0.908447, daupr: 0.358229, daupr_m: 0.417105
Epoch: 489 loss: 0.000023, pauc: 0.921394, paupr: 0.441016, paupr_m: 0.494776, dauc: 0.908170, daupr: 0.350447, daupr_m: 0.408286
Epoch: 499 loss: 0.000022, pauc: 0.923191, paupr: 0.433097, paupr_m: 0.498449, dauc: 0.907627, daupr: 0.351830, daupr_m: 0.407672
Epoch: 509 loss: 0.000022, pauc: 0.925771, paupr: 0.444668, paupr_m: 0.477787, dauc: 0.908378, daupr: 0.353571, daupr_m: 0.411724
Epoch: 519 loss: 0.000022, pauc: 0.928019, paupr: 0.437592, paupr_m: 0.492860, dauc: 0.908384, daupr: 0.357718, daupr_m: 0.412015
Epoch: 529 loss: 0.000022, pauc: 0.919305, paupr: 0.433900, paupr_m: 0.478236, dauc: 0.907913, daupr: 0.353853, daupr_m: 0.438553
Epoch: 539 loss: 0.000022, pauc: 0.932628, paupr: 0.430546, paupr_m: 0.496094, dauc: 0.908655, daupr: 0.358078, daupr_m: 0.410866
Epoch: 549 loss: 0.000022, pauc: 0.923290, paupr: 0.433952, paupr_m: 0.491938, dauc: 0.908131, daupr: 0.348133, daupr_m: 0.409441
Epoch: 559 loss: 0.000022, pauc: 0.940019, paupr: 0.445753, paupr_m: 0.496170, dauc: 0.908298, daupr: 0.357315, daupr_m: 0.420810
Epoch: 569 loss: 0.000022, pauc: 0.928385, paupr: 0.440865, paupr_m: 0.486072, dauc: 0.908061, daupr: 0.353305, daupr_m: 0.408913
Epoch: 579 loss: 0.000021, pauc: 0.920561, paupr: 0.456528, paupr_m: 0.514043, dauc: 0.909174, daupr: 0.366834, daupr_m: 0.416715
Epoch: 589 loss: 0.000021, pauc: 0.920941, paupr: 0.449884, paupr_m: 0.495005, dauc: 0.909074, daupr: 0.370356, daupr_m: 0.416829
Epoch: 599 loss: 0.000022, pauc: 0.924411, paupr: 0.446876, paupr_m: 0.503254, dauc: 0.908533, daupr: 0.353047, daupr_m: 0.421846
Epoch: 609 loss: 0.000021, pauc: 0.926429, paupr: 0.436793, paupr_m: 0.490215, dauc: 0.908896, daupr: 0.360178, daupr_m: 0.417509
Epoch: 619 loss: 0.000021, pauc: 0.919405, paupr: 0.442996, paupr_m: 0.497267, dauc: 0.909450, daupr: 0.372788, daupr_m: 0.420258
Epoch: 629 loss: 0.000021, pauc: 0.931922, paupr: 0.432587, paupr_m: 0.499756, dauc: 0.908093, daupr: 0.353782, daupr_m: 0.419160
Epoch: 639 loss: 0.000021, pauc: 0.924165, paupr: 0.436225, paupr_m: 0.486396, dauc: 0.908250, daupr: 0.347678, daupr_m: 0.433486
Epoch: 649 loss: 0.000021, pauc: 0.923952, paupr: 0.437103, paupr_m: 0.497525, dauc: 0.908863, daupr: 0.358388, daupr_m: 0.417486
Epoch: 659 loss: 0.000021, pauc: 0.919750, paupr: 0.445021, paupr_m: 0.494276, dauc: 0.908465, daupr: 0.352960, daupr_m: 0.424337
Epoch: 669 loss: 0.000021, pauc: 0.928735, paupr: 0.459362, paupr_m: 0.501784, dauc: 0.909045, daupr: 0.364232, daupr_m: 0.425523
Epoch: 679 loss: 0.000020, pauc: 0.916309, paupr: 0.452883, paupr_m: 0.506836, dauc: 0.908298, daupr: 0.355211, daupr_m: 0.433978
Epoch: 689 loss: 0.000021, pauc: 0.937175, paupr: 0.451257, paupr_m: 0.485348, dauc: 0.908093, daupr: 0.346448, daupr_m: 0.420783
Epoch: 699 loss: 0.000020, pauc: 0.929834, paupr: 0.453930, paupr_m: 0.493896, dauc: 0.908243, daupr: 0.350866, daupr_m: 0.418971
Epoch: 709 loss: 0.000020, pauc: 0.921540, paupr: 0.439492, paupr_m: 0.490851, dauc: 0.909107, daupr: 0.364171, daupr_m: 0.429382
Epoch: 719 loss: 0.000021, pauc: 0.929863, paupr: 0.438742, paupr_m: 0.491053, dauc: 0.908986, daupr: 0.364240, daupr_m: 0.422738
Epoch: 729 loss: 0.000020, pauc: 0.935600, paupr: 0.432749, paupr_m: 0.482210, dauc: 0.909755, daupr: 0.379462, daupr_m: 0.420923
Epoch: 739 loss: 0.000021, pauc: 0.921668, paupr: 0.462324, paupr_m: 0.507654, dauc: 0.908589, daupr: 0.360735, daupr_m: 0.428637
Epoch: 749 loss: 0.000020, pauc: 0.918729, paupr: 0.420438, paupr_m: 0.486977, dauc: 0.908715, daupr: 0.359541, daupr_m: 0.436771
Epoch: 759 loss: 0.000020, pauc: 0.925863, paupr: 0.442865, paupr_m: 0.511442, dauc: 0.909364, daupr: 0.364214, daupr_m: 0.416745
Epoch: 769 loss: 0.000020, pauc: 0.933814, paupr: 0.463519, paupr_m: 0.505925, dauc: 0.909268, daupr: 0.360934, daupr_m: 0.422371
Epoch: 779 loss: 0.000020, pauc: 0.921054, paupr: 0.434370, paupr_m: 0.487571, dauc: 0.908843, daupr: 0.357944, daupr_m: 0.435311
Epoch: 789 loss: 0.000021, pauc: 0.927241, paupr: 0.450540, paupr_m: 0.508954, dauc: 0.909536, daupr: 0.367477, daupr_m: 0.428726
Epoch: 799 loss: 0.000020, pauc: 0.930540, paupr: 0.456719, paupr_m: 0.530051, dauc: 0.908552, daupr: 0.354380, daupr_m: 0.424989
Epoch: 809 loss: 0.000020, pauc: 0.920829, paupr: 0.472257, paupr_m: 0.510492, dauc: 0.908771, daupr: 0.354007, daupr_m: 0.438238
Epoch: 819 loss: 0.000020, pauc: 0.920867, paupr: 0.461461, paupr_m: 0.494180, dauc: 0.908876, daupr: 0.358698, daupr_m: 0.443219
Epoch: 829 loss: 0.000020, pauc: 0.922977, paupr: 0.452292, paupr_m: 0.502926, dauc: 0.908059, daupr: 0.351872, daupr_m: 0.429515
Epoch: 839 loss: 0.000019, pauc: 0.932293, paupr: 0.439611, paupr_m: 0.517400, dauc: 0.908676, daupr: 0.364713, daupr_m: 0.445791
Epoch: 849 loss: 0.000019, pauc: 0.935272, paupr: 0.448831, paupr_m: 0.475637, dauc: 0.909104, daupr: 0.361666, daupr_m: 0.436522
Epoch: 859 loss: 0.000020, pauc: 0.925498, paupr: 0.453527, paupr_m: 0.484076, dauc: 0.909032, daupr: 0.357899, daupr_m: 0.438946
Epoch: 869 loss: 0.000019, pauc: 0.923852, paupr: 0.438535, paupr_m: 0.486614, dauc: 0.908921, daupr: 0.362710, daupr_m: 0.442580
Epoch: 879 loss: 0.000019, pauc: 0.933794, paupr: 0.438483, paupr_m: 0.486403, dauc: 0.909657, daupr: 0.378601, daupr_m: 0.448371
Epoch: 889 loss: 0.000019, pauc: 0.916384, paupr: 0.446135, paupr_m: 0.487793, dauc: 0.908213, daupr: 0.351664, daupr_m: 0.432198
Epoch: 899 loss: 0.000019, pauc: 0.937744, paupr: 0.465612, paupr_m: 0.498077, dauc: 0.909561, daupr: 0.373384, daupr_m: 0.442148
Epoch: 909 loss: 0.000019, pauc: 0.919359, paupr: 0.452738, paupr_m: 0.484749, dauc: 0.908880, daupr: 0.357322, daupr_m: 0.447342
Epoch: 919 loss: 0.000019, pauc: 0.927827, paupr: 0.446018, paupr_m: 0.492106, dauc: 0.909092, daupr: 0.362759, daupr_m: 0.429621
Epoch: 929 loss: 0.000019, pauc: 0.924252, paupr: 0.456497, paupr_m: 0.493982, dauc: 0.909240, daupr: 0.365100, daupr_m: 0.431825
Epoch: 939 loss: 0.000019, pauc: 0.925229, paupr: 0.440703, paupr_m: 0.497599, dauc: 0.909758, daupr: 0.373552, daupr_m: 0.443996
Epoch: 949 loss: 0.000019, pauc: 0.931075, paupr: 0.449510, paupr_m: 0.513126, dauc: 0.909305, daupr: 0.362784, daupr_m: 0.445589
Epoch: 959 loss: 0.000019, pauc: 0.913836, paupr: 0.457361, paupr_m: 0.504412, dauc: 0.909410, daupr: 0.365296, daupr_m: 0.442209
Epoch: 969 loss: 0.000019, pauc: 0.917260, paupr: 0.438752, paupr_m: 0.519870, dauc: 0.908571, daupr: 0.360065, daupr_m: 0.430721
Epoch: 979 loss: 0.000019, pauc: 0.924884, paupr: 0.460037, paupr_m: 0.509491, dauc: 0.909261, daupr: 0.370754, daupr_m: 0.445290
Epoch: 989 loss: 0.000019, pauc: 0.916938, paupr: 0.454918, paupr_m: 0.498393, dauc: 0.908682, daupr: 0.353230, daupr_m: 0.438332
Epoch: 999 loss: 0.000019, pauc: 0.908855, paupr: 0.454437, paupr_m: 0.512938, dauc: 0.909114, daupr: 0.368953, daupr_m: 0.450218
Epoch: 9 loss: 0.000579, pauc: 0.872548, paupr: 0.021613, paupr_m: 0.068545, dauc: 0.768746, daupr: 0.216539, daupr_m: 0.235335
Epoch: 19 loss: 0.000444, pauc: 0.875605, paupr: 0.045185, paupr_m: 0.106286, dauc: 0.838762, daupr: 0.327417, daupr_m: 0.364408
Epoch: 29 loss: 0.000360, pauc: 0.878275, paupr: 0.071589, paupr_m: 0.166704, dauc: 0.866464, daupr: 0.361277, daupr_m: 0.409018
Epoch: 39 loss: 0.000293, pauc: 0.891504, paupr: 0.110283, paupr_m: 0.192663, dauc: 0.881343, daupr: 0.374933, daupr_m: 0.419113
Epoch: 49 loss: 0.000236, pauc: 0.907416, paupr: 0.107603, paupr_m: 0.187788, dauc: 0.890652, daupr: 0.379066, daupr_m: 0.423365
Epoch: 59 loss: 0.000194, pauc: 0.881958, paupr: 0.141716, paupr_m: 0.211305, dauc: 0.896072, daupr: 0.371740, daupr_m: 0.412675
Epoch: 69 loss: 0.000160, pauc: 0.896861, paupr: 0.167880, paupr_m: 0.253283, dauc: 0.898501, daupr: 0.360230, daupr_m: 0.403673
Epoch: 79 loss: 0.000135, pauc: 0.894353, paupr: 0.192174, paupr_m: 0.273670, dauc: 0.901781, daupr: 0.368786, daupr_m: 0.402723
Epoch: 89 loss: 0.000114, pauc: 0.895533, paupr: 0.218494, paupr_m: 0.302183, dauc: 0.902857, daupr: 0.364777, daupr_m: 0.407982
Epoch: 99 loss: 0.000099, pauc: 0.902095, paupr: 0.237396, paupr_m: 0.327007, dauc: 0.904652, daupr: 0.367799, daupr_m: 0.415083
Epoch: 109 loss: 0.000086, pauc: 0.889187, paupr: 0.230515, paupr_m: 0.308209, dauc: 0.905950, daupr: 0.372874, daupr_m: 0.415824
Epoch: 119 loss: 0.000075, pauc: 0.891006, paupr: 0.240043, paupr_m: 0.324954, dauc: 0.906239, daupr: 0.369673, daupr_m: 0.415090
Epoch: 129 loss: 0.000068, pauc: 0.880110, paupr: 0.264075, paupr_m: 0.364174, dauc: 0.908084, daupr: 0.371405, daupr_m: 0.414031
Epoch: 139 loss: 0.000061, pauc: 0.888088, paupr: 0.252293, paupr_m: 0.330145, dauc: 0.907869, daupr: 0.373205, daupr_m: 0.416067
Epoch: 149 loss: 0.000056, pauc: 0.888396, paupr: 0.233396, paupr_m: 0.336602, dauc: 0.908573, daupr: 0.375956, daupr_m: 0.415833
Epoch: 159 loss: 0.000052, pauc: 0.886774, paupr: 0.293505, paupr_m: 0.375439, dauc: 0.908786, daupr: 0.369889, daupr_m: 0.422035
Epoch: 169 loss: 0.000049, pauc: 0.868488, paupr: 0.276087, paupr_m: 0.340621, dauc: 0.908921, daupr: 0.372859, daupr_m: 0.416125
Epoch: 179 loss: 0.000045, pauc: 0.874137, paupr: 0.309019, paupr_m: 0.378102, dauc: 0.909631, daupr: 0.379423, daupr_m: 0.414102
Epoch: 189 loss: 0.000043, pauc: 0.873336, paupr: 0.309433, paupr_m: 0.393932, dauc: 0.910270, daupr: 0.378107, daupr_m: 0.419507
Epoch: 199 loss: 0.000041, pauc: 0.872550, paupr: 0.297930, paupr_m: 0.385543, dauc: 0.909571, daupr: 0.377038, daupr_m: 0.421508
Epoch: 209 loss: 0.000039, pauc: 0.890682, paupr: 0.301588, paupr_m: 0.380977, dauc: 0.910313, daupr: 0.382269, daupr_m: 0.424884
Epoch: 219 loss: 0.000037, pauc: 0.869807, paupr: 0.303758, paupr_m: 0.373054, dauc: 0.910930, daupr: 0.383546, daupr_m: 0.426114
Epoch: 229 loss: 0.000036, pauc: 0.869096, paupr: 0.296703, paupr_m: 0.371726, dauc: 0.910585, daupr: 0.379640, daupr_m: 0.422991
Epoch: 239 loss: 0.000035, pauc: 0.877292, paupr: 0.312336, paupr_m: 0.404970, dauc: 0.910714, daupr: 0.381054, daupr_m: 0.423151
Epoch: 249 loss: 0.000034, pauc: 0.867721, paupr: 0.312437, paupr_m: 0.376619, dauc: 0.910797, daupr: 0.376926, daupr_m: 0.426082
Epoch: 259 loss: 0.000033, pauc: 0.881510, paupr: 0.325180, paupr_m: 0.385473, dauc: 0.910487, daupr: 0.377754, daupr_m: 0.421524
Epoch: 269 loss: 0.000032, pauc: 0.892400, paupr: 0.318035, paupr_m: 0.379395, dauc: 0.910546, daupr: 0.379903, daupr_m: 0.428137
Epoch: 279 loss: 0.000031, pauc: 0.870036, paupr: 0.341321, paupr_m: 0.418219, dauc: 0.911917, daupr: 0.386470, daupr_m: 0.423653
Epoch: 289 loss: 0.000030, pauc: 0.888207, paupr: 0.335687, paupr_m: 0.422287, dauc: 0.910975, daupr: 0.378927, daupr_m: 0.428567
Epoch: 299 loss: 0.000030, pauc: 0.875366, paupr: 0.335099, paupr_m: 0.409738, dauc: 0.911483, daupr: 0.386144, daupr_m: 0.423918
Epoch: 309 loss: 0.000029, pauc: 0.883904, paupr: 0.333304, paupr_m: 0.397961, dauc: 0.911068, daupr: 0.379294, daupr_m: 0.428723
Epoch: 319 loss: 0.000028, pauc: 0.861293, paupr: 0.328865, paupr_m: 0.398679, dauc: 0.912082, daupr: 0.386798, daupr_m: 0.433300
Epoch: 329 loss: 0.000028, pauc: 0.889729, paupr: 0.341904, paupr_m: 0.425070, dauc: 0.911646, daupr: 0.384786, daupr_m: 0.432275
Epoch: 339 loss: 0.000028, pauc: 0.885429, paupr: 0.337798, paupr_m: 0.408689, dauc: 0.912467, daupr: 0.391028, daupr_m: 0.429549
Epoch: 349 loss: 0.000027, pauc: 0.883326, paupr: 0.342748, paupr_m: 0.409042, dauc: 0.911409, daupr: 0.379417, daupr_m: 0.432951
Epoch: 359 loss: 0.000027, pauc: 0.872578, paupr: 0.331304, paupr_m: 0.401663, dauc: 0.912319, daupr: 0.385917, daupr_m: 0.430839
Epoch: 369 loss: 0.000026, pauc: 0.865633, paupr: 0.324964, paupr_m: 0.405548, dauc: 0.912043, daupr: 0.384927, daupr_m: 0.432601
Epoch: 379 loss: 0.000026, pauc: 0.879276, paupr: 0.323618, paupr_m: 0.418324, dauc: 0.912916, daupr: 0.392469, daupr_m: 0.430101
Epoch: 389 loss: 0.000026, pauc: 0.880221, paupr: 0.328009, paupr_m: 0.392106, dauc: 0.912099, daupr: 0.378100, daupr_m: 0.432888
Epoch: 399 loss: 0.000026, pauc: 0.867869, paupr: 0.323561, paupr_m: 0.400798, dauc: 0.912465, daupr: 0.386977, daupr_m: 0.436737
Epoch: 409 loss: 0.000025, pauc: 0.884512, paupr: 0.346635, paupr_m: 0.421991, dauc: 0.912207, daupr: 0.387376, daupr_m: 0.437587
Epoch: 419 loss: 0.000025, pauc: 0.886022, paupr: 0.342152, paupr_m: 0.414053, dauc: 0.912456, daupr: 0.386522, daupr_m: 0.437570
Epoch: 429 loss: 0.000025, pauc: 0.878126, paupr: 0.338573, paupr_m: 0.427444, dauc: 0.912050, daupr: 0.384003, daupr_m: 0.436565
Epoch: 439 loss: 0.000025, pauc: 0.876439, paupr: 0.346480, paupr_m: 0.390097, dauc: 0.912404, daupr: 0.388888, daupr_m: 0.441671
Epoch: 449 loss: 0.000024, pauc: 0.884254, paupr: 0.355022, paupr_m: 0.433182, dauc: 0.913605, daupr: 0.398894, daupr_m: 0.444019
Epoch: 459 loss: 0.000024, pauc: 0.877539, paupr: 0.324594, paupr_m: 0.415325, dauc: 0.913366, daupr: 0.397283, daupr_m: 0.438241
Epoch: 469 loss: 0.000024, pauc: 0.880718, paupr: 0.339426, paupr_m: 0.454022, dauc: 0.912332, daupr: 0.390893, daupr_m: 0.440565
Epoch: 479 loss: 0.000024, pauc: 0.878543, paupr: 0.346276, paupr_m: 0.412629, dauc: 0.913062, daupr: 0.388653, daupr_m: 0.444049
Epoch: 489 loss: 0.000024, pauc: 0.871163, paupr: 0.347087, paupr_m: 0.422977, dauc: 0.913031, daupr: 0.390235, daupr_m: 0.439752
Epoch: 499 loss: 0.000024, pauc: 0.871695, paupr: 0.330432, paupr_m: 0.430360, dauc: 0.911946, daupr: 0.379024, daupr_m: 0.447169
Epoch: 509 loss: 0.000023, pauc: 0.869446, paupr: 0.352261, paupr_m: 0.419241, dauc: 0.913558, daupr: 0.397501, daupr_m: 0.443285
Epoch: 519 loss: 0.000023, pauc: 0.868823, paupr: 0.325678, paupr_m: 0.397651, dauc: 0.913543, daupr: 0.395580, daupr_m: 0.443945
Epoch: 529 loss: 0.000023, pauc: 0.882988, paupr: 0.329879, paupr_m: 0.430306, dauc: 0.913280, daupr: 0.396370, daupr_m: 0.443711
Epoch: 539 loss: 0.000023, pauc: 0.874189, paupr: 0.341696, paupr_m: 0.395204, dauc: 0.913024, daupr: 0.388342, daupr_m: 0.447345
Epoch: 549 loss: 0.000023, pauc: 0.877974, paupr: 0.331875, paupr_m: 0.412328, dauc: 0.914074, daupr: 0.407073, daupr_m: 0.443240
Epoch: 559 loss: 0.000023, pauc: 0.895867, paupr: 0.341011, paupr_m: 0.394233, dauc: 0.912990, daupr: 0.388522, daupr_m: 0.443316
Epoch: 569 loss: 0.000022, pauc: 0.879788, paupr: 0.345405, paupr_m: 0.427971, dauc: 0.913050, daupr: 0.394553, daupr_m: 0.447044
Epoch: 579 loss: 0.000022, pauc: 0.884015, paupr: 0.333942, paupr_m: 0.401396, dauc: 0.913285, daupr: 0.394904, daupr_m: 0.447571
Epoch: 589 loss: 0.000022, pauc: 0.876742, paupr: 0.338651, paupr_m: 0.393271, dauc: 0.913121, daupr: 0.392705, daupr_m: 0.443161
Epoch: 599 loss: 0.000022, pauc: 0.878623, paupr: 0.334901, paupr_m: 0.419805, dauc: 0.913276, daupr: 0.388484, daupr_m: 0.448375
Epoch: 609 loss: 0.000023, pauc: 0.860494, paupr: 0.321008, paupr_m: 0.420359, dauc: 0.913504, daupr: 0.393340, daupr_m: 0.447776
Epoch: 619 loss: 0.000022, pauc: 0.878367, paupr: 0.323301, paupr_m: 0.404029, dauc: 0.913669, daupr: 0.396219, daupr_m: 0.446642
Epoch: 629 loss: 0.000021, pauc: 0.864114, paupr: 0.350335, paupr_m: 0.415309, dauc: 0.913683, daupr: 0.400930, daupr_m: 0.452617
Epoch: 639 loss: 0.000022, pauc: 0.861028, paupr: 0.337382, paupr_m: 0.410458, dauc: 0.913522, daupr: 0.389862, daupr_m: 0.446232
Epoch: 649 loss: 0.000021, pauc: 0.872609, paupr: 0.343845, paupr_m: 0.431101, dauc: 0.913930, daupr: 0.403702, daupr_m: 0.448761
Epoch: 659 loss: 0.000021, pauc: 0.885343, paupr: 0.339653, paupr_m: 0.392765, dauc: 0.913996, daupr: 0.397855, daupr_m: 0.450579
Epoch: 669 loss: 0.000021, pauc: 0.876390, paupr: 0.339031, paupr_m: 0.432368, dauc: 0.913508, daupr: 0.392901, daupr_m: 0.449941
Epoch: 679 loss: 0.000021, pauc: 0.882623, paupr: 0.337586, paupr_m: 0.401775, dauc: 0.913983, daupr: 0.400669, daupr_m: 0.452992
Epoch: 689 loss: 0.000021, pauc: 0.868065, paupr: 0.346933, paupr_m: 0.440690, dauc: 0.914345, daupr: 0.401522, daupr_m: 0.450101
Epoch: 699 loss: 0.000021, pauc: 0.880802, paupr: 0.351817, paupr_m: 0.436600, dauc: 0.912994, daupr: 0.388554, daupr_m: 0.450172
Epoch: 709 loss: 0.000021, pauc: 0.893538, paupr: 0.341160, paupr_m: 0.404603, dauc: 0.914502, daupr: 0.408788, daupr_m: 0.451911
Epoch: 719 loss: 0.000021, pauc: 0.848983, paupr: 0.332270, paupr_m: 0.415682, dauc: 0.913441, daupr: 0.390969, daupr_m: 0.453800
Epoch: 729 loss: 0.000021, pauc: 0.878186, paupr: 0.328538, paupr_m: 0.424834, dauc: 0.913168, daupr: 0.389453, daupr_m: 0.452814
Epoch: 739 loss: 0.000021, pauc: 0.851450, paupr: 0.336555, paupr_m: 0.408864, dauc: 0.913390, daupr: 0.392870, daupr_m: 0.457032
Epoch: 749 loss: 0.000021, pauc: 0.861178, paupr: 0.341794, paupr_m: 0.436783, dauc: 0.913635, daupr: 0.387911, daupr_m: 0.451223
Epoch: 759 loss: 0.000021, pauc: 0.860839, paupr: 0.341546, paupr_m: 0.428313, dauc: 0.913631, daupr: 0.400495, daupr_m: 0.450887
Epoch: 769 loss: 0.000021, pauc: 0.881103, paupr: 0.340251, paupr_m: 0.441359, dauc: 0.914439, daupr: 0.408310, daupr_m: 0.454806
Epoch: 779 loss: 0.000020, pauc: 0.856843, paupr: 0.337950, paupr_m: 0.432519, dauc: 0.914486, daupr: 0.407553, daupr_m: 0.451951
Epoch: 789 loss: 0.000020, pauc: 0.881732, paupr: 0.346447, paupr_m: 0.445673, dauc: 0.914032, daupr: 0.392041, daupr_m: 0.454373
Epoch: 799 loss: 0.000020, pauc: 0.875069, paupr: 0.342636, paupr_m: 0.421645, dauc: 0.913933, daupr: 0.397816, daupr_m: 0.454072
Epoch: 809 loss: 0.000020, pauc: 0.864665, paupr: 0.341983, paupr_m: 0.433223, dauc: 0.913893, daupr: 0.402746, daupr_m: 0.457716
Epoch: 819 loss: 0.000020, pauc: 0.872450, paupr: 0.345452, paupr_m: 0.407092, dauc: 0.913731, daupr: 0.396455, daupr_m: 0.459049
Epoch: 829 loss: 0.000020, pauc: 0.872085, paupr: 0.333509, paupr_m: 0.416559, dauc: 0.913669, daupr: 0.391521, daupr_m: 0.451437
Epoch: 839 loss: 0.000020, pauc: 0.889523, paupr: 0.342975, paupr_m: 0.407985, dauc: 0.913989, daupr: 0.401625, daupr_m: 0.452689
Epoch: 849 loss: 0.000020, pauc: 0.868195, paupr: 0.329907, paupr_m: 0.416746, dauc: 0.913563, daupr: 0.395032, daupr_m: 0.456992
Epoch: 859 loss: 0.000021, pauc: 0.866284, paupr: 0.336378, paupr_m: 0.414458, dauc: 0.914150, daupr: 0.402194, daupr_m: 0.455665
Epoch: 869 loss: 0.000020, pauc: 0.873149, paupr: 0.338679, paupr_m: 0.421061, dauc: 0.914803, daupr: 0.413716, daupr_m: 0.461099
Epoch: 879 loss: 0.000020, pauc: 0.884854, paupr: 0.340186, paupr_m: 0.408502, dauc: 0.914108, daupr: 0.403648, daupr_m: 0.456616
Epoch: 889 loss: 0.000020, pauc: 0.877972, paupr: 0.347966, paupr_m: 0.405117, dauc: 0.913658, daupr: 0.398008, daupr_m: 0.457571
Epoch: 899 loss: 0.000020, pauc: 0.879629, paupr: 0.331798, paupr_m: 0.409439, dauc: 0.913780, daupr: 0.397601, daupr_m: 0.458088
Epoch: 909 loss: 0.000020, pauc: 0.879196, paupr: 0.327454, paupr_m: 0.430284, dauc: 0.914004, daupr: 0.398538, daupr_m: 0.458633
Epoch: 919 loss: 0.000020, pauc: 0.888888, paupr: 0.341550, paupr_m: 0.410431, dauc: 0.914379, daupr: 0.404224, daupr_m: 0.458511
Epoch: 929 loss: 0.000020, pauc: 0.878124, paupr: 0.334094, paupr_m: 0.425676, dauc: 0.913657, daupr: 0.395564, daupr_m: 0.457395
Epoch: 939 loss: 0.000019, pauc: 0.891277, paupr: 0.340292, paupr_m: 0.424246, dauc: 0.914563, daupr: 0.416446, daupr_m: 0.464686
Epoch: 949 loss: 0.000020, pauc: 0.863198, paupr: 0.345957, paupr_m: 0.412349, dauc: 0.914412, daupr: 0.406699, daupr_m: 0.459113
Epoch: 959 loss: 0.000019, pauc: 0.879129, paupr: 0.341271, paupr_m: 0.402228, dauc: 0.913433, daupr: 0.386463, daupr_m: 0.459033
Epoch: 969 loss: 0.000019, pauc: 0.865279, paupr: 0.345659, paupr_m: 0.435907, dauc: 0.914022, daupr: 0.404429, daupr_m: 0.460102
Epoch: 979 loss: 0.000019, pauc: 0.874789, paupr: 0.328308, paupr_m: 0.407579, dauc: 0.914066, daupr: 0.402488, daupr_m: 0.460494
Epoch: 989 loss: 0.000020, pauc: 0.853169, paupr: 0.344773, paupr_m: 0.414117, dauc: 0.913915, daupr: 0.395527, daupr_m: 0.460207
Epoch: 999 loss: 0.000019, pauc: 0.876046, paupr: 0.346833, paupr_m: 0.432414, dauc: 0.914144, daupr: 0.398606, daupr_m: 0.458955
Epoch: 9 loss: 0.000585, pauc: 0.853303, paupr: 0.029351, paupr_m: 0.105265, dauc: 0.772686, daupr: 0.203877, daupr_m: 0.228540
Epoch: 19 loss: 0.000447, pauc: 0.859682, paupr: 0.020433, paupr_m: 0.076616, dauc: 0.839408, daupr: 0.315888, daupr_m: 0.358705
Epoch: 29 loss: 0.000357, pauc: 0.878515, paupr: 0.036043, paupr_m: 0.162038, dauc: 0.865747, daupr: 0.352004, daupr_m: 0.398058
Epoch: 39 loss: 0.000287, pauc: 0.875384, paupr: 0.061117, paupr_m: 0.176308, dauc: 0.879067, daupr: 0.362116, daupr_m: 0.404824
Epoch: 49 loss: 0.000235, pauc: 0.873221, paupr: 0.074646, paupr_m: 0.179568, dauc: 0.888162, daupr: 0.363876, daupr_m: 0.400054
Epoch: 59 loss: 0.000191, pauc: 0.897952, paupr: 0.096054, paupr_m: 0.217598, dauc: 0.893870, daupr: 0.349933, daupr_m: 0.386405
Epoch: 69 loss: 0.000158, pauc: 0.869301, paupr: 0.097255, paupr_m: 0.214821, dauc: 0.897105, daupr: 0.339673, daupr_m: 0.376026
Epoch: 79 loss: 0.000134, pauc: 0.882847, paupr: 0.145690, paupr_m: 0.242501, dauc: 0.899622, daupr: 0.339668, daupr_m: 0.374913
Epoch: 89 loss: 0.000112, pauc: 0.881986, paupr: 0.140403, paupr_m: 0.262993, dauc: 0.900931, daupr: 0.345965, daupr_m: 0.383376
Epoch: 99 loss: 0.000098, pauc: 0.885275, paupr: 0.158397, paupr_m: 0.298884, dauc: 0.903351, daupr: 0.354484, daupr_m: 0.387857
Epoch: 109 loss: 0.000087, pauc: 0.870696, paupr: 0.141787, paupr_m: 0.286995, dauc: 0.903931, daupr: 0.348500, daupr_m: 0.389358
Epoch: 119 loss: 0.000076, pauc: 0.886910, paupr: 0.172142, paupr_m: 0.309717, dauc: 0.906238, daupr: 0.352915, daupr_m: 0.390268
Epoch: 129 loss: 0.000068, pauc: 0.875375, paupr: 0.195429, paupr_m: 0.365482, dauc: 0.905634, daupr: 0.348529, daupr_m: 0.389692
Epoch: 139 loss: 0.000062, pauc: 0.878636, paupr: 0.184366, paupr_m: 0.340896, dauc: 0.906415, daupr: 0.353337, daupr_m: 0.387975
Epoch: 149 loss: 0.000056, pauc: 0.879712, paupr: 0.214951, paupr_m: 0.336314, dauc: 0.906485, daupr: 0.346723, daupr_m: 0.389929
Epoch: 159 loss: 0.000054, pauc: 0.878027, paupr: 0.227786, paupr_m: 0.375970, dauc: 0.906842, daupr: 0.352971, daupr_m: 0.391564
Epoch: 169 loss: 0.000049, pauc: 0.895082, paupr: 0.237745, paupr_m: 0.354782, dauc: 0.907933, daupr: 0.357880, daupr_m: 0.407689
Epoch: 179 loss: 0.000046, pauc: 0.861072, paupr: 0.226796, paupr_m: 0.361995, dauc: 0.908116, daupr: 0.354546, daupr_m: 0.392423
Epoch: 189 loss: 0.000043, pauc: 0.888436, paupr: 0.227870, paupr_m: 0.416226, dauc: 0.907992, daupr: 0.357118, daupr_m: 0.396965
Epoch: 199 loss: 0.000041, pauc: 0.890482, paupr: 0.241201, paupr_m: 0.389623, dauc: 0.909338, daupr: 0.357733, daupr_m: 0.392930
Epoch: 209 loss: 0.000039, pauc: 0.880168, paupr: 0.233140, paupr_m: 0.373247, dauc: 0.909598, daupr: 0.359571, daupr_m: 0.394035
Epoch: 219 loss: 0.000038, pauc: 0.893568, paupr: 0.264686, paupr_m: 0.445569, dauc: 0.908980, daupr: 0.357068, daupr_m: 0.394387
Epoch: 229 loss: 0.000036, pauc: 0.876016, paupr: 0.257436, paupr_m: 0.441292, dauc: 0.909513, daupr: 0.352137, daupr_m: 0.393778
Epoch: 239 loss: 0.000035, pauc: 0.879602, paupr: 0.262056, paupr_m: 0.409980, dauc: 0.909218, daupr: 0.357482, daupr_m: 0.398993
Epoch: 249 loss: 0.000034, pauc: 0.893005, paupr: 0.249415, paupr_m: 0.403913, dauc: 0.910280, daupr: 0.366878, daupr_m: 0.402011
Epoch: 259 loss: 0.000034, pauc: 0.885689, paupr: 0.296896, paupr_m: 0.434174, dauc: 0.909464, daupr: 0.358813, daupr_m: 0.400099
Epoch: 269 loss: 0.000032, pauc: 0.892643, paupr: 0.288214, paupr_m: 0.451469, dauc: 0.909342, daupr: 0.358771, daupr_m: 0.400920
Epoch: 279 loss: 0.000032, pauc: 0.883703, paupr: 0.273158, paupr_m: 0.456440, dauc: 0.910750, daupr: 0.365352, daupr_m: 0.399484
Epoch: 289 loss: 0.000030, pauc: 0.887174, paupr: 0.287215, paupr_m: 0.449344, dauc: 0.910844, daupr: 0.365790, daupr_m: 0.408487
Epoch: 299 loss: 0.000030, pauc: 0.875632, paupr: 0.279492, paupr_m: 0.435936, dauc: 0.910158, daupr: 0.353526, daupr_m: 0.405542
Epoch: 309 loss: 0.000030, pauc: 0.876984, paupr: 0.288057, paupr_m: 0.453171, dauc: 0.910751, daupr: 0.367989, daupr_m: 0.404500
Epoch: 319 loss: 0.000029, pauc: 0.892038, paupr: 0.316940, paupr_m: 0.478299, dauc: 0.910853, daupr: 0.367661, daupr_m: 0.407985
Epoch: 329 loss: 0.000028, pauc: 0.868732, paupr: 0.304990, paupr_m: 0.468455, dauc: 0.910125, daupr: 0.361467, daupr_m: 0.408489
Epoch: 339 loss: 0.000028, pauc: 0.889955, paupr: 0.321027, paupr_m: 0.448916, dauc: 0.910689, daupr: 0.358447, daupr_m: 0.403661
Epoch: 349 loss: 0.000027, pauc: 0.878009, paupr: 0.289897, paupr_m: 0.463689, dauc: 0.911302, daupr: 0.368000, daupr_m: 0.406203
Epoch: 359 loss: 0.000027, pauc: 0.870048, paupr: 0.322766, paupr_m: 0.473664, dauc: 0.911774, daupr: 0.374364, daupr_m: 0.408277
Epoch: 369 loss: 0.000027, pauc: 0.885186, paupr: 0.321006, paupr_m: 0.451544, dauc: 0.911119, daupr: 0.364925, daupr_m: 0.413809
Epoch: 379 loss: 0.000026, pauc: 0.882988, paupr: 0.316940, paupr_m: 0.474281, dauc: 0.911224, daupr: 0.363414, daupr_m: 0.409840
Epoch: 389 loss: 0.000027, pauc: 0.884782, paupr: 0.325686, paupr_m: 0.477911, dauc: 0.912130, daupr: 0.375458, daupr_m: 0.411831
Epoch: 399 loss: 0.000026, pauc: 0.889975, paupr: 0.321613, paupr_m: 0.456309, dauc: 0.910896, daupr: 0.361972, daupr_m: 0.414009
Epoch: 409 loss: 0.000026, pauc: 0.876237, paupr: 0.344532, paupr_m: 0.513284, dauc: 0.912329, daupr: 0.372142, daupr_m: 0.413882
Epoch: 419 loss: 0.000026, pauc: 0.887266, paupr: 0.360018, paupr_m: 0.480997, dauc: 0.911079, daupr: 0.369872, daupr_m: 0.415237
Epoch: 429 loss: 0.000025, pauc: 0.887028, paupr: 0.334683, paupr_m: 0.469194, dauc: 0.911812, daupr: 0.368160, daupr_m: 0.415593
Epoch: 439 loss: 0.000025, pauc: 0.888766, paupr: 0.322057, paupr_m: 0.487475, dauc: 0.911413, daupr: 0.368884, daupr_m: 0.416823
Epoch: 449 loss: 0.000025, pauc: 0.889895, paupr: 0.311127, paupr_m: 0.486155, dauc: 0.911797, daupr: 0.374640, daupr_m: 0.414753
Epoch: 459 loss: 0.000025, pauc: 0.904387, paupr: 0.346995, paupr_m: 0.470247, dauc: 0.911500, daupr: 0.362648, daupr_m: 0.415740
Epoch: 469 loss: 0.000025, pauc: 0.885935, paupr: 0.349447, paupr_m: 0.467431, dauc: 0.912178, daupr: 0.369726, daupr_m: 0.421575
Epoch: 479 loss: 0.000025, pauc: 0.896772, paupr: 0.362493, paupr_m: 0.490423, dauc: 0.912091, daupr: 0.379334, daupr_m: 0.419045
Epoch: 489 loss: 0.000024, pauc: 0.868257, paupr: 0.356688, paupr_m: 0.473466, dauc: 0.912409, daupr: 0.381805, daupr_m: 0.415818
Epoch: 499 loss: 0.000023, pauc: 0.869347, paupr: 0.320604, paupr_m: 0.488656, dauc: 0.912722, daupr: 0.382437, daupr_m: 0.418289
Epoch: 509 loss: 0.000023, pauc: 0.887092, paupr: 0.353290, paupr_m: 0.491182, dauc: 0.911827, daupr: 0.373488, daupr_m: 0.424924
Epoch: 519 loss: 0.000023, pauc: 0.889395, paupr: 0.350500, paupr_m: 0.469243, dauc: 0.912559, daupr: 0.378300, daupr_m: 0.425212
Epoch: 529 loss: 0.000023, pauc: 0.875626, paupr: 0.354074, paupr_m: 0.491951, dauc: 0.912783, daupr: 0.376194, daupr_m: 0.426868
Epoch: 539 loss: 0.000023, pauc: 0.891221, paupr: 0.346640, paupr_m: 0.491824, dauc: 0.912167, daupr: 0.374471, daupr_m: 0.429899
Epoch: 549 loss: 0.000023, pauc: 0.887996, paupr: 0.342239, paupr_m: 0.467663, dauc: 0.912701, daupr: 0.375465, daupr_m: 0.425607
Epoch: 559 loss: 0.000023, pauc: 0.877502, paupr: 0.366350, paupr_m: 0.507421, dauc: 0.912436, daupr: 0.369379, daupr_m: 0.424796
Epoch: 569 loss: 0.000023, pauc: 0.880211, paupr: 0.368400, paupr_m: 0.533380, dauc: 0.913282, daupr: 0.381829, daupr_m: 0.427593
Epoch: 579 loss: 0.000023, pauc: 0.875744, paupr: 0.337160, paupr_m: 0.491452, dauc: 0.912697, daupr: 0.378998, daupr_m: 0.428183
Epoch: 589 loss: 0.000023, pauc: 0.876027, paupr: 0.360444, paupr_m: 0.481878, dauc: 0.912063, daupr: 0.369788, daupr_m: 0.431249
Epoch: 599 loss: 0.000023, pauc: 0.898405, paupr: 0.373160, paupr_m: 0.499088, dauc: 0.912788, daupr: 0.380777, daupr_m: 0.428364
Epoch: 609 loss: 0.000022, pauc: 0.862586, paupr: 0.358171, paupr_m: 0.473762, dauc: 0.912399, daupr: 0.370598, daupr_m: 0.427510
Epoch: 619 loss: 0.000022, pauc: 0.881051, paupr: 0.350918, paupr_m: 0.486135, dauc: 0.912500, daupr: 0.377937, daupr_m: 0.431226
Epoch: 629 loss: 0.000022, pauc: 0.879524, paupr: 0.362045, paupr_m: 0.514951, dauc: 0.913421, daupr: 0.382707, daupr_m: 0.429519
Epoch: 639 loss: 0.000022, pauc: 0.882961, paupr: 0.361918, paupr_m: 0.474267, dauc: 0.912555, daupr: 0.374892, daupr_m: 0.432827
Epoch: 649 loss: 0.000022, pauc: 0.890306, paupr: 0.344145, paupr_m: 0.500776, dauc: 0.913620, daupr: 0.385527, daupr_m: 0.429485
Epoch: 659 loss: 0.000022, pauc: 0.875666, paupr: 0.371214, paupr_m: 0.497781, dauc: 0.912972, daupr: 0.380183, daupr_m: 0.432083
Epoch: 669 loss: 0.000022, pauc: 0.889043, paupr: 0.362721, paupr_m: 0.449846, dauc: 0.912737, daupr: 0.380553, daupr_m: 0.431462
Epoch: 679 loss: 0.000021, pauc: 0.887418, paupr: 0.363773, paupr_m: 0.538590, dauc: 0.912533, daupr: 0.378300, daupr_m: 0.437384
Epoch: 689 loss: 0.000021, pauc: 0.876774, paupr: 0.383722, paupr_m: 0.525940, dauc: 0.912950, daupr: 0.383030, daupr_m: 0.445200
Epoch: 699 loss: 0.000021, pauc: 0.879015, paupr: 0.378267, paupr_m: 0.508222, dauc: 0.913452, daupr: 0.392562, daupr_m: 0.433739
Epoch: 709 loss: 0.000021, pauc: 0.889515, paupr: 0.368282, paupr_m: 0.506310, dauc: 0.913212, daupr: 0.383632, daupr_m: 0.435879
Epoch: 719 loss: 0.000021, pauc: 0.895039, paupr: 0.359845, paupr_m: 0.504175, dauc: 0.912662, daupr: 0.374430, daupr_m: 0.437422
Epoch: 729 loss: 0.000021, pauc: 0.877058, paupr: 0.379025, paupr_m: 0.502492, dauc: 0.913338, daupr: 0.384738, daupr_m: 0.435738
Epoch: 739 loss: 0.000021, pauc: 0.883356, paupr: 0.377502, paupr_m: 0.528951, dauc: 0.913263, daupr: 0.383168, daupr_m: 0.435131
Epoch: 749 loss: 0.000021, pauc: 0.871149, paupr: 0.367861, paupr_m: 0.513164, dauc: 0.913715, daupr: 0.392211, daupr_m: 0.434143
Epoch: 759 loss: 0.000021, pauc: 0.894463, paupr: 0.372020, paupr_m: 0.492065, dauc: 0.913518, daupr: 0.386870, daupr_m: 0.440271
Epoch: 769 loss: 0.000021, pauc: 0.888215, paupr: 0.375641, paupr_m: 0.486331, dauc: 0.912789, daupr: 0.374146, daupr_m: 0.444523
Epoch: 779 loss: 0.000021, pauc: 0.889450, paupr: 0.372684, paupr_m: 0.487816, dauc: 0.912482, daupr: 0.369171, daupr_m: 0.439672
Epoch: 789 loss: 0.000021, pauc: 0.892832, paupr: 0.369123, paupr_m: 0.505855, dauc: 0.912874, daupr: 0.377934, daupr_m: 0.449571
Epoch: 799 loss: 0.000021, pauc: 0.890014, paupr: 0.379150, paupr_m: 0.505094, dauc: 0.913271, daupr: 0.387427, daupr_m: 0.435167
Epoch: 809 loss: 0.000021, pauc: 0.883406, paupr: 0.380395, paupr_m: 0.523640, dauc: 0.914038, daupr: 0.400432, daupr_m: 0.441101
Epoch: 819 loss: 0.000020, pauc: 0.892877, paupr: 0.372275, paupr_m: 0.511571, dauc: 0.913103, daupr: 0.376978, daupr_m: 0.440027
Epoch: 829 loss: 0.000020, pauc: 0.881051, paupr: 0.391720, paupr_m: 0.511992, dauc: 0.912800, daupr: 0.378548, daupr_m: 0.439648
Epoch: 839 loss: 0.000020, pauc: 0.878959, paupr: 0.395316, paupr_m: 0.546231, dauc: 0.913099, daupr: 0.374701, daupr_m: 0.439234
Epoch: 849 loss: 0.000021, pauc: 0.884398, paupr: 0.376140, paupr_m: 0.540349, dauc: 0.912677, daupr: 0.383517, daupr_m: 0.442549
Epoch: 859 loss: 0.000021, pauc: 0.872684, paupr: 0.367631, paupr_m: 0.496021, dauc: 0.913241, daupr: 0.382677, daupr_m: 0.441137
Epoch: 869 loss: 0.000021, pauc: 0.874918, paupr: 0.377829, paupr_m: 0.491320, dauc: 0.913275, daupr: 0.382569, daupr_m: 0.441921
Epoch: 879 loss: 0.000020, pauc: 0.900303, paupr: 0.389870, paupr_m: 0.506782, dauc: 0.913475, daupr: 0.388367, daupr_m: 0.446602
Epoch: 889 loss: 0.000020, pauc: 0.881292, paupr: 0.383981, paupr_m: 0.515380, dauc: 0.912782, daupr: 0.376077, daupr_m: 0.453523
Epoch: 899 loss: 0.000020, pauc: 0.877104, paupr: 0.387990, paupr_m: 0.518557, dauc: 0.912912, daupr: 0.380999, daupr_m: 0.444151
Epoch: 909 loss: 0.000020, pauc: 0.886782, paupr: 0.388947, paupr_m: 0.516874, dauc: 0.913686, daupr: 0.391034, daupr_m: 0.442328
Epoch: 919 loss: 0.000020, pauc: 0.885908, paupr: 0.364170, paupr_m: 0.500051, dauc: 0.913434, daupr: 0.390897, daupr_m: 0.447083
Epoch: 929 loss: 0.000021, pauc: 0.881186, paupr: 0.385672, paupr_m: 0.512926, dauc: 0.912678, daupr: 0.377375, daupr_m: 0.449897
Epoch: 939 loss: 0.000020, pauc: 0.881485, paupr: 0.386594, paupr_m: 0.485958, dauc: 0.913626, daupr: 0.381975, daupr_m: 0.446480
Epoch: 949 loss: 0.000020, pauc: 0.882934, paupr: 0.383804, paupr_m: 0.510181, dauc: 0.913964, daupr: 0.394149, daupr_m: 0.452413
Epoch: 959 loss: 0.000020, pauc: 0.870260, paupr: 0.389828, paupr_m: 0.536566, dauc: 0.914303, daupr: 0.390656, daupr_m: 0.444513
Epoch: 969 loss: 0.000020, pauc: 0.874026, paupr: 0.400081, paupr_m: 0.551551, dauc: 0.914242, daupr: 0.400617, daupr_m: 0.452395
Epoch: 979 loss: 0.000020, pauc: 0.873450, paupr: 0.370863, paupr_m: 0.510708, dauc: 0.913352, daupr: 0.380697, daupr_m: 0.447993
Epoch: 989 loss: 0.000020, pauc: 0.878750, paupr: 0.383236, paupr_m: 0.500278, dauc: 0.912904, daupr: 0.378982, daupr_m: 0.451020
Epoch: 999 loss: 0.000020, pauc: 0.879456, paupr: 0.382292, paupr_m: 0.511601, dauc: 0.913499, daupr: 0.385238, daupr_m: 0.448866
Epoch: 9 loss: 0.000557, pauc: 0.876049, paupr: 0.021476, paupr_m: 0.070427, dauc: 0.766881, daupr: 0.214120, daupr_m: 0.251516
Epoch: 19 loss: 0.000426, pauc: 0.890972, paupr: 0.043450, paupr_m: 0.127920, dauc: 0.829233, daupr: 0.313961, daupr_m: 0.374581
Epoch: 29 loss: 0.000339, pauc: 0.876790, paupr: 0.058662, paupr_m: 0.135477, dauc: 0.854302, daupr: 0.340320, daupr_m: 0.405772
Epoch: 39 loss: 0.000272, pauc: 0.883490, paupr: 0.067245, paupr_m: 0.162948, dauc: 0.869253, daupr: 0.354316, daupr_m: 0.417544
Epoch: 49 loss: 0.000220, pauc: 0.879424, paupr: 0.108586, paupr_m: 0.203927, dauc: 0.876954, daupr: 0.350142, daupr_m: 0.410819
Epoch: 59 loss: 0.000179, pauc: 0.877496, paupr: 0.128982, paupr_m: 0.253674, dauc: 0.881883, daupr: 0.341034, daupr_m: 0.400985
Epoch: 69 loss: 0.000148, pauc: 0.892858, paupr: 0.141786, paupr_m: 0.256389, dauc: 0.886203, daupr: 0.341462, daupr_m: 0.394273
Epoch: 79 loss: 0.000125, pauc: 0.882245, paupr: 0.162430, paupr_m: 0.259123, dauc: 0.887262, daupr: 0.331314, daupr_m: 0.388416
Epoch: 89 loss: 0.000105, pauc: 0.873558, paupr: 0.175955, paupr_m: 0.280308, dauc: 0.890544, daupr: 0.339026, daupr_m: 0.399510
Epoch: 99 loss: 0.000091, pauc: 0.880708, paupr: 0.201439, paupr_m: 0.335138, dauc: 0.892573, daupr: 0.348213, daupr_m: 0.403169
Epoch: 109 loss: 0.000080, pauc: 0.878469, paupr: 0.209530, paupr_m: 0.331749, dauc: 0.892821, daupr: 0.343411, daupr_m: 0.402934
Epoch: 119 loss: 0.000070, pauc: 0.883437, paupr: 0.204606, paupr_m: 0.351507, dauc: 0.893362, daupr: 0.347019, daupr_m: 0.403888
Epoch: 129 loss: 0.000064, pauc: 0.862823, paupr: 0.206433, paupr_m: 0.318249, dauc: 0.894060, daupr: 0.347417, daupr_m: 0.404056
Epoch: 139 loss: 0.000057, pauc: 0.871127, paupr: 0.256156, paupr_m: 0.374379, dauc: 0.896433, daupr: 0.353305, daupr_m: 0.411657
Epoch: 149 loss: 0.000053, pauc: 0.873692, paupr: 0.244736, paupr_m: 0.369174, dauc: 0.895435, daupr: 0.346731, daupr_m: 0.404795
Epoch: 159 loss: 0.000050, pauc: 0.873776, paupr: 0.273625, paupr_m: 0.398475, dauc: 0.896685, daupr: 0.354176, daupr_m: 0.406924
Epoch: 169 loss: 0.000046, pauc: 0.879099, paupr: 0.253637, paupr_m: 0.379190, dauc: 0.897067, daupr: 0.351769, daupr_m: 0.407200
Epoch: 179 loss: 0.000044, pauc: 0.882866, paupr: 0.261060, paupr_m: 0.416236, dauc: 0.897965, daupr: 0.354696, daupr_m: 0.409838
Epoch: 189 loss: 0.000041, pauc: 0.876422, paupr: 0.272013, paupr_m: 0.394921, dauc: 0.897872, daupr: 0.348025, daupr_m: 0.415001
Epoch: 199 loss: 0.000040, pauc: 0.873226, paupr: 0.259665, paupr_m: 0.393315, dauc: 0.897299, daupr: 0.348112, daupr_m: 0.411521
Epoch: 209 loss: 0.000038, pauc: 0.872865, paupr: 0.259467, paupr_m: 0.426129, dauc: 0.898266, daupr: 0.355168, daupr_m: 0.408772
Epoch: 219 loss: 0.000036, pauc: 0.867217, paupr: 0.261769, paupr_m: 0.403920, dauc: 0.898320, daupr: 0.350571, daupr_m: 0.408200
Epoch: 229 loss: 0.000034, pauc: 0.874773, paupr: 0.292926, paupr_m: 0.438328, dauc: 0.898306, daupr: 0.350165, daupr_m: 0.411751
Epoch: 239 loss: 0.000034, pauc: 0.873399, paupr: 0.263206, paupr_m: 0.408433, dauc: 0.898298, daupr: 0.350410, daupr_m: 0.412259
Epoch: 249 loss: 0.000033, pauc: 0.868447, paupr: 0.284491, paupr_m: 0.420000, dauc: 0.899179, daupr: 0.354251, daupr_m: 0.418409
Epoch: 259 loss: 0.000032, pauc: 0.879110, paupr: 0.289103, paupr_m: 0.451908, dauc: 0.899437, daupr: 0.357670, daupr_m: 0.423350
Epoch: 269 loss: 0.000031, pauc: 0.873727, paupr: 0.295312, paupr_m: 0.436027, dauc: 0.899303, daupr: 0.358634, daupr_m: 0.415155
Epoch: 279 loss: 0.000031, pauc: 0.868036, paupr: 0.276718, paupr_m: 0.452400, dauc: 0.898891, daupr: 0.349846, daupr_m: 0.420976
Epoch: 289 loss: 0.000029, pauc: 0.877798, paupr: 0.299600, paupr_m: 0.451327, dauc: 0.899538, daupr: 0.355283, daupr_m: 0.417628
Epoch: 299 loss: 0.000029, pauc: 0.878054, paupr: 0.308294, paupr_m: 0.448807, dauc: 0.900407, daupr: 0.357968, daupr_m: 0.421561
Epoch: 309 loss: 0.000028, pauc: 0.863866, paupr: 0.311142, paupr_m: 0.459057, dauc: 0.899411, daupr: 0.356313, daupr_m: 0.422993
Epoch: 319 loss: 0.000028, pauc: 0.878667, paupr: 0.292844, paupr_m: 0.451735, dauc: 0.900289, daupr: 0.360687, daupr_m: 0.424879
Epoch: 329 loss: 0.000028, pauc: 0.876058, paupr: 0.297092, paupr_m: 0.461992, dauc: 0.899957, daupr: 0.360618, daupr_m: 0.417977
Epoch: 339 loss: 0.000027, pauc: 0.868309, paupr: 0.310987, paupr_m: 0.461768, dauc: 0.900340, daupr: 0.361497, daupr_m: 0.427058
Epoch: 349 loss: 0.000027, pauc: 0.878554, paupr: 0.296381, paupr_m: 0.465657, dauc: 0.900329, daupr: 0.358783, daupr_m: 0.427926
Epoch: 359 loss: 0.000026, pauc: 0.881193, paupr: 0.294928, paupr_m: 0.450604, dauc: 0.901007, daupr: 0.362622, daupr_m: 0.431719
Epoch: 369 loss: 0.000026, pauc: 0.867686, paupr: 0.298485, paupr_m: 0.451453, dauc: 0.901624, daupr: 0.362678, daupr_m: 0.423585
Epoch: 379 loss: 0.000026, pauc: 0.884009, paupr: 0.315006, paupr_m: 0.447329, dauc: 0.901288, daupr: 0.362677, daupr_m: 0.424941
Epoch: 389 loss: 0.000026, pauc: 0.861812, paupr: 0.297828, paupr_m: 0.456825, dauc: 0.900664, daupr: 0.363992, daupr_m: 0.428277
Epoch: 399 loss: 0.000026, pauc: 0.882612, paupr: 0.328955, paupr_m: 0.459104, dauc: 0.901887, daupr: 0.370008, daupr_m: 0.429266
Epoch: 409 loss: 0.000025, pauc: 0.868099, paupr: 0.318685, paupr_m: 0.461894, dauc: 0.901505, daupr: 0.357944, daupr_m: 0.429631
Epoch: 419 loss: 0.000025, pauc: 0.865997, paupr: 0.307884, paupr_m: 0.425637, dauc: 0.901902, daupr: 0.367715, daupr_m: 0.430906
Epoch: 429 loss: 0.000025, pauc: 0.858548, paupr: 0.341297, paupr_m: 0.469952, dauc: 0.901918, daupr: 0.369226, daupr_m: 0.433871
Epoch: 439 loss: 0.000026, pauc: 0.872795, paupr: 0.304686, paupr_m: 0.454160, dauc: 0.901652, daupr: 0.361817, daupr_m: 0.429445
Epoch: 449 loss: 0.000024, pauc: 0.881422, paupr: 0.300960, paupr_m: 0.442002, dauc: 0.902636, daupr: 0.376087, daupr_m: 0.432341
Epoch: 459 loss: 0.000024, pauc: 0.878117, paupr: 0.307362, paupr_m: 0.450463, dauc: 0.901652, daupr: 0.368438, daupr_m: 0.433683
Epoch: 469 loss: 0.000023, pauc: 0.870065, paupr: 0.324193, paupr_m: 0.457300, dauc: 0.901803, daupr: 0.365504, daupr_m: 0.433413
Epoch: 479 loss: 0.000023, pauc: 0.882323, paupr: 0.307785, paupr_m: 0.438828, dauc: 0.901381, daupr: 0.365231, daupr_m: 0.439025
Epoch: 489 loss: 0.000023, pauc: 0.858746, paupr: 0.323015, paupr_m: 0.462023, dauc: 0.901673, daupr: 0.368412, daupr_m: 0.435873
Epoch: 499 loss: 0.000023, pauc: 0.876564, paupr: 0.322498, paupr_m: 0.463149, dauc: 0.903271, daupr: 0.378319, daupr_m: 0.437003
Epoch: 509 loss: 0.000022, pauc: 0.868585, paupr: 0.322576, paupr_m: 0.454327, dauc: 0.902220, daupr: 0.372989, daupr_m: 0.439811
Epoch: 519 loss: 0.000023, pauc: 0.876798, paupr: 0.317779, paupr_m: 0.450092, dauc: 0.902395, daupr: 0.370765, daupr_m: 0.436103
Epoch: 529 loss: 0.000022, pauc: 0.877197, paupr: 0.330907, paupr_m: 0.466745, dauc: 0.901245, daupr: 0.359514, daupr_m: 0.440219
Epoch: 539 loss: 0.000022, pauc: 0.869562, paupr: 0.338769, paupr_m: 0.460051, dauc: 0.902499, daupr: 0.372033, daupr_m: 0.444954
Epoch: 549 loss: 0.000022, pauc: 0.870384, paupr: 0.314080, paupr_m: 0.439592, dauc: 0.903038, daupr: 0.378758, daupr_m: 0.444567
Epoch: 559 loss: 0.000022, pauc: 0.863216, paupr: 0.334823, paupr_m: 0.457146, dauc: 0.902243, daupr: 0.365633, daupr_m: 0.441037
Epoch: 569 loss: 0.000022, pauc: 0.876307, paupr: 0.319956, paupr_m: 0.458140, dauc: 0.903242, daupr: 0.386294, daupr_m: 0.441254
Epoch: 579 loss: 0.000022, pauc: 0.882515, paupr: 0.328872, paupr_m: 0.462940, dauc: 0.902208, daupr: 0.366014, daupr_m: 0.444156
Epoch: 589 loss: 0.000022, pauc: 0.890818, paupr: 0.320192, paupr_m: 0.462891, dauc: 0.902260, daupr: 0.366190, daupr_m: 0.441272
Epoch: 599 loss: 0.000022, pauc: 0.872136, paupr: 0.322361, paupr_m: 0.464823, dauc: 0.902646, daupr: 0.366883, daupr_m: 0.443463
Epoch: 609 loss: 0.000022, pauc: 0.861715, paupr: 0.328101, paupr_m: 0.453419, dauc: 0.901930, daupr: 0.363660, daupr_m: 0.445371
Epoch: 619 loss: 0.000021, pauc: 0.858009, paupr: 0.334055, paupr_m: 0.477847, dauc: 0.902657, daupr: 0.369895, daupr_m: 0.447225
Epoch: 629 loss: 0.000022, pauc: 0.872707, paupr: 0.322514, paupr_m: 0.454795, dauc: 0.902795, daupr: 0.378522, daupr_m: 0.445999
Epoch: 639 loss: 0.000021, pauc: 0.862240, paupr: 0.329168, paupr_m: 0.441509, dauc: 0.903055, daupr: 0.371573, daupr_m: 0.447168
Epoch: 649 loss: 0.000022, pauc: 0.889736, paupr: 0.326922, paupr_m: 0.453712, dauc: 0.902115, daupr: 0.365062, daupr_m: 0.443051
Epoch: 659 loss: 0.000022, pauc: 0.860730, paupr: 0.321862, paupr_m: 0.468327, dauc: 0.902714, daupr: 0.366956, daupr_m: 0.446488
Epoch: 669 loss: 0.000022, pauc: 0.866298, paupr: 0.333173, paupr_m: 0.453781, dauc: 0.902952, daupr: 0.375404, daupr_m: 0.450878
Epoch: 679 loss: 0.000021, pauc: 0.866519, paupr: 0.336702, paupr_m: 0.464260, dauc: 0.903844, daupr: 0.385545, daupr_m: 0.451966
Epoch: 689 loss: 0.000021, pauc: 0.868711, paupr: 0.332633, paupr_m: 0.475880, dauc: 0.903609, daupr: 0.379385, daupr_m: 0.452904
Epoch: 699 loss: 0.000021, pauc: 0.861821, paupr: 0.324967, paupr_m: 0.455762, dauc: 0.903211, daupr: 0.380952, daupr_m: 0.456259
Epoch: 709 loss: 0.000021, pauc: 0.878719, paupr: 0.327918, paupr_m: 0.479956, dauc: 0.903326, daupr: 0.376701, daupr_m: 0.450701
Epoch: 719 loss: 0.000020, pauc: 0.876230, paupr: 0.331665, paupr_m: 0.463397, dauc: 0.903984, daupr: 0.387972, daupr_m: 0.448304
Epoch: 729 loss: 0.000020, pauc: 0.875692, paupr: 0.330112, paupr_m: 0.459313, dauc: 0.904192, daupr: 0.392347, daupr_m: 0.454513
Epoch: 739 loss: 0.000020, pauc: 0.863520, paupr: 0.335641, paupr_m: 0.470947, dauc: 0.902774, daupr: 0.369121, daupr_m: 0.451437
Epoch: 749 loss: 0.000020, pauc: 0.880837, paupr: 0.335960, paupr_m: 0.457658, dauc: 0.903677, daupr: 0.383751, daupr_m: 0.450871
Epoch: 759 loss: 0.000021, pauc: 0.856829, paupr: 0.326890, paupr_m: 0.448334, dauc: 0.902806, daupr: 0.372087, daupr_m: 0.455828
Epoch: 769 loss: 0.000020, pauc: 0.843298, paupr: 0.340924, paupr_m: 0.472005, dauc: 0.903017, daupr: 0.372306, daupr_m: 0.452961
Epoch: 779 loss: 0.000020, pauc: 0.862562, paupr: 0.340177, paupr_m: 0.450911, dauc: 0.902844, daupr: 0.373935, daupr_m: 0.456101
Epoch: 789 loss: 0.000021, pauc: 0.879651, paupr: 0.324150, paupr_m: 0.484375, dauc: 0.903541, daupr: 0.380787, daupr_m: 0.454682
Epoch: 799 loss: 0.000020, pauc: 0.865837, paupr: 0.326306, paupr_m: 0.450688, dauc: 0.903761, daupr: 0.379840, daupr_m: 0.454347
Epoch: 809 loss: 0.000020, pauc: 0.874553, paupr: 0.329826, paupr_m: 0.457048, dauc: 0.903700, daupr: 0.382017, daupr_m: 0.455456
Epoch: 819 loss: 0.000020, pauc: 0.875375, paupr: 0.340882, paupr_m: 0.456895, dauc: 0.902256, daupr: 0.363804, daupr_m: 0.455558
Epoch: 829 loss: 0.000020, pauc: 0.873482, paupr: 0.345671, paupr_m: 0.492549, dauc: 0.903355, daupr: 0.374570, daupr_m: 0.452766
Epoch: 839 loss: 0.000020, pauc: 0.867908, paupr: 0.325623, paupr_m: 0.466877, dauc: 0.903965, daupr: 0.384770, daupr_m: 0.458328
Epoch: 849 loss: 0.000020, pauc: 0.873287, paupr: 0.326945, paupr_m: 0.468967, dauc: 0.903704, daupr: 0.377228, daupr_m: 0.454920
Epoch: 859 loss: 0.000020, pauc: 0.883315, paupr: 0.328957, paupr_m: 0.458981, dauc: 0.903915, daupr: 0.390552, daupr_m: 0.458699
Epoch: 869 loss: 0.000020, pauc: 0.874325, paupr: 0.348393, paupr_m: 0.474862, dauc: 0.903328, daupr: 0.383277, daupr_m: 0.456550
Epoch: 879 loss: 0.000019, pauc: 0.862373, paupr: 0.338402, paupr_m: 0.455976, dauc: 0.903146, daupr: 0.368211, daupr_m: 0.454901
Epoch: 889 loss: 0.000020, pauc: 0.858373, paupr: 0.336714, paupr_m: 0.446166, dauc: 0.902249, daupr: 0.360333, daupr_m: 0.459313
Epoch: 899 loss: 0.000020, pauc: 0.872175, paupr: 0.340407, paupr_m: 0.472335, dauc: 0.903617, daupr: 0.371858, daupr_m: 0.457027
Epoch: 909 loss: 0.000020, pauc: 0.878324, paupr: 0.331208, paupr_m: 0.451637, dauc: 0.903933, daupr: 0.381392, daupr_m: 0.457495
Epoch: 919 loss: 0.000020, pauc: 0.870403, paupr: 0.327520, paupr_m: 0.477457, dauc: 0.903205, daupr: 0.371008, daupr_m: 0.456097
Epoch: 929 loss: 0.000019, pauc: 0.871776, paupr: 0.344756, paupr_m: 0.461287, dauc: 0.902749, daupr: 0.370384, daupr_m: 0.461801
Epoch: 939 loss: 0.000019, pauc: 0.881909, paupr: 0.341992, paupr_m: 0.463582, dauc: 0.903059, daupr: 0.379051, daupr_m: 0.459223
Epoch: 949 loss: 0.000019, pauc: 0.865254, paupr: 0.349255, paupr_m: 0.454135, dauc: 0.903185, daupr: 0.382600, daupr_m: 0.462040
Epoch: 959 loss: 0.000019, pauc: 0.865384, paupr: 0.332794, paupr_m: 0.473796, dauc: 0.903774, daupr: 0.393687, daupr_m: 0.460446
Epoch: 969 loss: 0.000019, pauc: 0.861918, paupr: 0.341483, paupr_m: 0.469794, dauc: 0.903995, daupr: 0.384506, daupr_m: 0.460966
Epoch: 979 loss: 0.000019, pauc: 0.867441, paupr: 0.333087, paupr_m: 0.442081, dauc: 0.903927, daupr: 0.377267, daupr_m: 0.460679
Epoch: 989 loss: 0.000019, pauc: 0.876503, paupr: 0.342787, paupr_m: 0.467594, dauc: 0.903540, daupr: 0.387078, daupr_m: 0.460079
Epoch: 999 loss: 0.000019, pauc: 0.871927, paupr: 0.341199, paupr_m: 0.462864, dauc: 0.903296, daupr: 0.381041, daupr_m: 0.458501
Epoch: 9 loss: 0.000575, pauc: 0.900361, paupr: 0.037573, paupr_m: 0.107667, dauc: 0.748906, daupr: 0.210478, daupr_m: 0.246499
Epoch: 19 loss: 0.000439, pauc: 0.897481, paupr: 0.027187, paupr_m: 0.081302, dauc: 0.809547, daupr: 0.298669, daupr_m: 0.357260
Epoch: 29 loss: 0.000354, pauc: 0.909249, paupr: 0.041745, paupr_m: 0.124539, dauc: 0.833877, daupr: 0.326503, daupr_m: 0.392455
Epoch: 39 loss: 0.000284, pauc: 0.896947, paupr: 0.080459, paupr_m: 0.233231, dauc: 0.848555, daupr: 0.342443, daupr_m: 0.404462
Epoch: 49 loss: 0.000230, pauc: 0.892706, paupr: 0.094278, paupr_m: 0.212201, dauc: 0.857123, daupr: 0.341126, daupr_m: 0.405702
Epoch: 59 loss: 0.000188, pauc: 0.886970, paupr: 0.151425, paupr_m: 0.253398, dauc: 0.861935, daupr: 0.331081, daupr_m: 0.394911
Epoch: 69 loss: 0.000155, pauc: 0.895395, paupr: 0.170683, paupr_m: 0.284055, dauc: 0.866415, daupr: 0.329090, daupr_m: 0.384719
Epoch: 79 loss: 0.000131, pauc: 0.900647, paupr: 0.200349, paupr_m: 0.298597, dauc: 0.869027, daupr: 0.330941, daupr_m: 0.384366
Epoch: 89 loss: 0.000111, pauc: 0.892742, paupr: 0.196204, paupr_m: 0.338901, dauc: 0.871140, daupr: 0.333655, daupr_m: 0.388751
Epoch: 99 loss: 0.000097, pauc: 0.895738, paupr: 0.221804, paupr_m: 0.342051, dauc: 0.871811, daupr: 0.330683, daupr_m: 0.392150
Epoch: 109 loss: 0.000085, pauc: 0.886617, paupr: 0.237644, paupr_m: 0.364747, dauc: 0.873931, daupr: 0.337502, daupr_m: 0.393280
Epoch: 119 loss: 0.000075, pauc: 0.899608, paupr: 0.274425, paupr_m: 0.388023, dauc: 0.875111, daupr: 0.338357, daupr_m: 0.394884
Epoch: 129 loss: 0.000068, pauc: 0.897357, paupr: 0.256833, paupr_m: 0.368545, dauc: 0.875608, daupr: 0.335397, daupr_m: 0.399054
Epoch: 139 loss: 0.000062, pauc: 0.892236, paupr: 0.333672, paupr_m: 0.429268, dauc: 0.876726, daupr: 0.341423, daupr_m: 0.400656
Epoch: 149 loss: 0.000056, pauc: 0.885326, paupr: 0.280435, paupr_m: 0.394750, dauc: 0.877790, daupr: 0.338367, daupr_m: 0.397009
Epoch: 159 loss: 0.000052, pauc: 0.882733, paupr: 0.310671, paupr_m: 0.435121, dauc: 0.877655, daupr: 0.343922, daupr_m: 0.397798
Epoch: 169 loss: 0.000048, pauc: 0.885586, paupr: 0.327586, paupr_m: 0.439235, dauc: 0.878802, daupr: 0.342225, daupr_m: 0.396100
Epoch: 179 loss: 0.000046, pauc: 0.881445, paupr: 0.341608, paupr_m: 0.443620, dauc: 0.879131, daupr: 0.339667, daupr_m: 0.396739
Epoch: 189 loss: 0.000043, pauc: 0.882820, paupr: 0.331750, paupr_m: 0.425716, dauc: 0.878966, daupr: 0.343266, daupr_m: 0.398303
Epoch: 199 loss: 0.000041, pauc: 0.888770, paupr: 0.323920, paupr_m: 0.447666, dauc: 0.879520, daupr: 0.342349, daupr_m: 0.398331
Epoch: 209 loss: 0.000040, pauc: 0.870658, paupr: 0.343027, paupr_m: 0.448256, dauc: 0.879973, daupr: 0.343494, daupr_m: 0.400188
Epoch: 219 loss: 0.000038, pauc: 0.883262, paupr: 0.364404, paupr_m: 0.452762, dauc: 0.878459, daupr: 0.338356, daupr_m: 0.401343
Epoch: 229 loss: 0.000036, pauc: 0.883510, paupr: 0.354296, paupr_m: 0.454976, dauc: 0.879364, daupr: 0.346882, daupr_m: 0.402181
Epoch: 239 loss: 0.000035, pauc: 0.889687, paupr: 0.337990, paupr_m: 0.453854, dauc: 0.879992, daupr: 0.348718, daupr_m: 0.404206
Epoch: 249 loss: 0.000034, pauc: 0.869447, paupr: 0.332349, paupr_m: 0.447425, dauc: 0.878607, daupr: 0.337197, daupr_m: 0.406221
Epoch: 259 loss: 0.000033, pauc: 0.877468, paupr: 0.361445, paupr_m: 0.463412, dauc: 0.880443, daupr: 0.348654, daupr_m: 0.404305
Epoch: 269 loss: 0.000032, pauc: 0.870180, paupr: 0.357470, paupr_m: 0.438559, dauc: 0.880593, daupr: 0.340904, daupr_m: 0.408327
Epoch: 279 loss: 0.000031, pauc: 0.894693, paupr: 0.358788, paupr_m: 0.445512, dauc: 0.881720, daupr: 0.347564, daupr_m: 0.403870
Epoch: 289 loss: 0.000030, pauc: 0.863454, paupr: 0.364830, paupr_m: 0.463052, dauc: 0.881270, daupr: 0.348470, daupr_m: 0.409532
Epoch: 299 loss: 0.000029, pauc: 0.868500, paupr: 0.359604, paupr_m: 0.444767, dauc: 0.880245, daupr: 0.345953, daupr_m: 0.406445
Epoch: 309 loss: 0.000029, pauc: 0.871674, paupr: 0.345017, paupr_m: 0.445923, dauc: 0.881586, daupr: 0.348327, daupr_m: 0.410809
Epoch: 319 loss: 0.000028, pauc: 0.893188, paupr: 0.350753, paupr_m: 0.480637, dauc: 0.882266, daupr: 0.350334, daupr_m: 0.409046
Epoch: 329 loss: 0.000028, pauc: 0.882586, paupr: 0.364535, paupr_m: 0.481659, dauc: 0.881920, daupr: 0.348859, daupr_m: 0.410048
Epoch: 339 loss: 0.000028, pauc: 0.876770, paupr: 0.361873, paupr_m: 0.457528, dauc: 0.881618, daupr: 0.340323, daupr_m: 0.409616
Epoch: 349 loss: 0.000027, pauc: 0.872568, paupr: 0.375001, paupr_m: 0.495669, dauc: 0.882553, daupr: 0.359086, daupr_m: 0.418085
Epoch: 359 loss: 0.000027, pauc: 0.874105, paupr: 0.373249, paupr_m: 0.466429, dauc: 0.882825, daupr: 0.350951, daupr_m: 0.409658
Epoch: 369 loss: 0.000027, pauc: 0.887608, paupr: 0.370764, paupr_m: 0.476717, dauc: 0.882217, daupr: 0.347938, daupr_m: 0.413270
Epoch: 379 loss: 0.000027, pauc: 0.878951, paupr: 0.354165, paupr_m: 0.470572, dauc: 0.881739, daupr: 0.351103, daupr_m: 0.414460
Epoch: 389 loss: 0.000026, pauc: 0.875196, paupr: 0.373753, paupr_m: 0.479970, dauc: 0.882548, daupr: 0.349480, daupr_m: 0.415068
Epoch: 399 loss: 0.000026, pauc: 0.890155, paupr: 0.368010, paupr_m: 0.450753, dauc: 0.882683, daupr: 0.355083, daupr_m: 0.419501
Epoch: 409 loss: 0.000026, pauc: 0.877518, paupr: 0.397938, paupr_m: 0.476913, dauc: 0.881466, daupr: 0.339780, daupr_m: 0.416074
Epoch: 419 loss: 0.000025, pauc: 0.881801, paupr: 0.370395, paupr_m: 0.482429, dauc: 0.882798, daupr: 0.359899, daupr_m: 0.419441
Epoch: 429 loss: 0.000025, pauc: 0.871095, paupr: 0.371388, paupr_m: 0.468325, dauc: 0.882441, daupr: 0.352643, daupr_m: 0.420442
Epoch: 439 loss: 0.000025, pauc: 0.852988, paupr: 0.366345, paupr_m: 0.479100, dauc: 0.883296, daupr: 0.359654, daupr_m: 0.422904
Epoch: 449 loss: 0.000025, pauc: 0.866061, paupr: 0.386022, paupr_m: 0.468672, dauc: 0.882929, daupr: 0.351031, daupr_m: 0.417984
Epoch: 459 loss: 0.000025, pauc: 0.876268, paupr: 0.358753, paupr_m: 0.456868, dauc: 0.883214, daupr: 0.356567, daupr_m: 0.422235
Epoch: 469 loss: 0.000025, pauc: 0.882803, paupr: 0.371687, paupr_m: 0.476205, dauc: 0.883642, daupr: 0.349815, daupr_m: 0.422779
Epoch: 479 loss: 0.000024, pauc: 0.892335, paupr: 0.372093, paupr_m: 0.489688, dauc: 0.883447, daupr: 0.353540, daupr_m: 0.419701
Epoch: 489 loss: 0.000024, pauc: 0.881464, paupr: 0.363545, paupr_m: 0.482945, dauc: 0.883807, daupr: 0.359066, daupr_m: 0.423199
Epoch: 499 loss: 0.000023, pauc: 0.872135, paupr: 0.380871, paupr_m: 0.473609, dauc: 0.883752, daupr: 0.360765, daupr_m: 0.425988
Epoch: 509 loss: 0.000023, pauc: 0.867398, paupr: 0.385102, paupr_m: 0.511611, dauc: 0.884250, daupr: 0.367729, daupr_m: 0.424973
Epoch: 519 loss: 0.000023, pauc: 0.873141, paupr: 0.378426, paupr_m: 0.464334, dauc: 0.882193, daupr: 0.346011, daupr_m: 0.425939
Epoch: 529 loss: 0.000024, pauc: 0.865560, paupr: 0.390852, paupr_m: 0.520609, dauc: 0.883380, daupr: 0.352295, daupr_m: 0.431076
Epoch: 539 loss: 0.000023, pauc: 0.871362, paupr: 0.372692, paupr_m: 0.496335, dauc: 0.883938, daupr: 0.357959, daupr_m: 0.426082
Epoch: 549 loss: 0.000023, pauc: 0.885044, paupr: 0.377846, paupr_m: 0.480084, dauc: 0.884129, daupr: 0.363076, daupr_m: 0.433732
Epoch: 559 loss: 0.000022, pauc: 0.874292, paupr: 0.359488, paupr_m: 0.482433, dauc: 0.884109, daupr: 0.359017, daupr_m: 0.427754
Epoch: 569 loss: 0.000022, pauc: 0.863065, paupr: 0.366063, paupr_m: 0.479942, dauc: 0.884074, daupr: 0.361392, daupr_m: 0.425746
Epoch: 579 loss: 0.000022, pauc: 0.880685, paupr: 0.365711, paupr_m: 0.500500, dauc: 0.884435, daupr: 0.363507, daupr_m: 0.429427
Epoch: 589 loss: 0.000022, pauc: 0.873943, paupr: 0.363592, paupr_m: 0.459441, dauc: 0.884534, daupr: 0.363810, daupr_m: 0.430245
Epoch: 599 loss: 0.000022, pauc: 0.872350, paupr: 0.364624, paupr_m: 0.490360, dauc: 0.883684, daupr: 0.356424, daupr_m: 0.428321
Epoch: 609 loss: 0.000022, pauc: 0.854308, paupr: 0.379490, paupr_m: 0.477580, dauc: 0.883859, daupr: 0.359103, daupr_m: 0.427726
Epoch: 619 loss: 0.000022, pauc: 0.860861, paupr: 0.388634, paupr_m: 0.472395, dauc: 0.883737, daupr: 0.358197, daupr_m: 0.432178
Epoch: 629 loss: 0.000022, pauc: 0.879259, paupr: 0.360438, paupr_m: 0.469761, dauc: 0.883500, daupr: 0.364215, daupr_m: 0.432472
Epoch: 639 loss: 0.000022, pauc: 0.874401, paupr: 0.373707, paupr_m: 0.506874, dauc: 0.883686, daupr: 0.356947, daupr_m: 0.433087
Epoch: 649 loss: 0.000021, pauc: 0.886178, paupr: 0.356510, paupr_m: 0.494638, dauc: 0.884625, daupr: 0.363272, daupr_m: 0.430386
Epoch: 659 loss: 0.000021, pauc: 0.863749, paupr: 0.383505, paupr_m: 0.500050, dauc: 0.884412, daupr: 0.361667, daupr_m: 0.432978
Epoch: 669 loss: 0.000022, pauc: 0.869480, paupr: 0.360801, paupr_m: 0.503309, dauc: 0.883758, daupr: 0.356934, daupr_m: 0.432123
Epoch: 679 loss: 0.000021, pauc: 0.872519, paupr: 0.375749, paupr_m: 0.497716, dauc: 0.884031, daupr: 0.362692, daupr_m: 0.430850
Epoch: 689 loss: 0.000021, pauc: 0.885986, paupr: 0.367370, paupr_m: 0.496510, dauc: 0.884606, daupr: 0.361126, daupr_m: 0.435875
Epoch: 699 loss: 0.000021, pauc: 0.874509, paupr: 0.379701, paupr_m: 0.500972, dauc: 0.883576, daupr: 0.359445, daupr_m: 0.434532
Epoch: 709 loss: 0.000021, pauc: 0.890209, paupr: 0.369561, paupr_m: 0.506123, dauc: 0.884668, daupr: 0.368402, daupr_m: 0.434901
Epoch: 719 loss: 0.000021, pauc: 0.878587, paupr: 0.368519, paupr_m: 0.510133, dauc: 0.883740, daupr: 0.357177, daupr_m: 0.437339
Epoch: 729 loss: 0.000021, pauc: 0.874143, paupr: 0.367381, paupr_m: 0.514068, dauc: 0.884044, daupr: 0.359448, daupr_m: 0.436910
Epoch: 739 loss: 0.000021, pauc: 0.875105, paupr: 0.366503, paupr_m: 0.465503, dauc: 0.884636, daupr: 0.368161, daupr_m: 0.435298
Epoch: 749 loss: 0.000021, pauc: 0.878523, paupr: 0.377338, paupr_m: 0.483516, dauc: 0.884101, daupr: 0.355977, daupr_m: 0.438688
Epoch: 759 loss: 0.000021, pauc: 0.871722, paupr: 0.388087, paupr_m: 0.502390, dauc: 0.884021, daupr: 0.356679, daupr_m: 0.441980
Epoch: 769 loss: 0.000021, pauc: 0.884520, paupr: 0.361318, paupr_m: 0.478003, dauc: 0.885425, daupr: 0.377313, daupr_m: 0.440001
Epoch: 779 loss: 0.000021, pauc: 0.883214, paupr: 0.371307, paupr_m: 0.514045, dauc: 0.884697, daupr: 0.365991, daupr_m: 0.443130
Epoch: 789 loss: 0.000020, pauc: 0.876958, paupr: 0.357088, paupr_m: 0.483267, dauc: 0.884550, daupr: 0.363560, daupr_m: 0.437045
Epoch: 799 loss: 0.000020, pauc: 0.877065, paupr: 0.386124, paupr_m: 0.500615, dauc: 0.884734, daupr: 0.373776, daupr_m: 0.436347
Epoch: 809 loss: 0.000021, pauc: 0.887902, paupr: 0.388440, paupr_m: 0.475165, dauc: 0.884454, daupr: 0.366047, daupr_m: 0.440696
Epoch: 819 loss: 0.000021, pauc: 0.883559, paupr: 0.372254, paupr_m: 0.493509, dauc: 0.883893, daupr: 0.363121, daupr_m: 0.439386
Epoch: 829 loss: 0.000021, pauc: 0.878351, paupr: 0.369605, paupr_m: 0.495115, dauc: 0.883911, daupr: 0.366588, daupr_m: 0.439768
Epoch: 839 loss: 0.000020, pauc: 0.893388, paupr: 0.370069, paupr_m: 0.512456, dauc: 0.884217, daupr: 0.357940, daupr_m: 0.439933
Epoch: 849 loss: 0.000020, pauc: 0.884454, paupr: 0.370258, paupr_m: 0.511446, dauc: 0.884758, daupr: 0.362712, daupr_m: 0.440869
Epoch: 859 loss: 0.000020, pauc: 0.875429, paupr: 0.355940, paupr_m: 0.489037, dauc: 0.884851, daupr: 0.367638, daupr_m: 0.440377
Epoch: 869 loss: 0.000021, pauc: 0.886999, paupr: 0.369326, paupr_m: 0.485184, dauc: 0.884625, daupr: 0.370092, daupr_m: 0.443124
Epoch: 879 loss: 0.000021, pauc: 0.889976, paupr: 0.358179, paupr_m: 0.481222, dauc: 0.884811, daupr: 0.365008, daupr_m: 0.442242
Epoch: 889 loss: 0.000020, pauc: 0.887426, paupr: 0.371406, paupr_m: 0.481203, dauc: 0.884496, daupr: 0.360329, daupr_m: 0.442971
Epoch: 899 loss: 0.000021, pauc: 0.879733, paupr: 0.373441, paupr_m: 0.476392, dauc: 0.884370, daupr: 0.354705, daupr_m: 0.442037
Epoch: 909 loss: 0.000021, pauc: 0.865848, paupr: 0.369254, paupr_m: 0.469568, dauc: 0.885408, daupr: 0.362438, daupr_m: 0.443231
Epoch: 919 loss: 0.000020, pauc: 0.876014, paupr: 0.355463, paupr_m: 0.486363, dauc: 0.885021, daupr: 0.372505, daupr_m: 0.441732
Epoch: 929 loss: 0.000020, pauc: 0.889460, paupr: 0.371099, paupr_m: 0.496004, dauc: 0.884951, daupr: 0.361519, daupr_m: 0.446029
Epoch: 939 loss: 0.000019, pauc: 0.873830, paupr: 0.355790, paupr_m: 0.484648, dauc: 0.884733, daupr: 0.357185, daupr_m: 0.442874
Epoch: 949 loss: 0.000020, pauc: 0.877763, paupr: 0.369464, paupr_m: 0.508235, dauc: 0.885194, daupr: 0.367198, daupr_m: 0.448153
Epoch: 959 loss: 0.000020, pauc: 0.849518, paupr: 0.347836, paupr_m: 0.478673, dauc: 0.885327, daupr: 0.369495, daupr_m: 0.441034
Epoch: 969 loss: 0.000020, pauc: 0.882511, paupr: 0.362444, paupr_m: 0.491117, dauc: 0.885189, daupr: 0.366575, daupr_m: 0.447845
Epoch: 979 loss: 0.000020, pauc: 0.884112, paupr: 0.377839, paupr_m: 0.480880, dauc: 0.884941, daupr: 0.366382, daupr_m: 0.445916
Epoch: 989 loss: 0.000020, pauc: 0.876218, paupr: 0.365846, paupr_m: 0.505749, dauc: 0.884796, daupr: 0.365843, daupr_m: 0.444544
Epoch: 999 loss: 0.000020, pauc: 0.888535, paupr: 0.360223, paupr_m: 0.487043, dauc: 0.884961, daupr: 0.359299, daupr_m: 0.445037
Epoch: 9 loss: 0.000574, pauc: 0.883073, paupr: 0.039125, paupr_m: 0.076157, dauc: 0.760689, daupr: 0.220951, daupr_m: 0.248612
Epoch: 19 loss: 0.000441, pauc: 0.895263, paupr: 0.049228, paupr_m: 0.132095, dauc: 0.831626, daupr: 0.335484, daupr_m: 0.377824
Epoch: 29 loss: 0.000356, pauc: 0.907343, paupr: 0.079954, paupr_m: 0.145552, dauc: 0.859181, daupr: 0.370053, daupr_m: 0.418325
Epoch: 39 loss: 0.000287, pauc: 0.911817, paupr: 0.109657, paupr_m: 0.180124, dauc: 0.873627, daupr: 0.384389, daupr_m: 0.433834
Epoch: 49 loss: 0.000232, pauc: 0.909237, paupr: 0.140602, paupr_m: 0.204915, dauc: 0.882716, daupr: 0.380638, daupr_m: 0.428421
Epoch: 59 loss: 0.000191, pauc: 0.901024, paupr: 0.235710, paupr_m: 0.257381, dauc: 0.888443, daupr: 0.375300, daupr_m: 0.418869
Epoch: 69 loss: 0.000157, pauc: 0.914428, paupr: 0.258591, paupr_m: 0.263698, dauc: 0.892209, daupr: 0.369155, daupr_m: 0.405862
Epoch: 79 loss: 0.000133, pauc: 0.906562, paupr: 0.324338, paupr_m: 0.309513, dauc: 0.894454, daupr: 0.362583, daupr_m: 0.405386
Epoch: 89 loss: 0.000113, pauc: 0.911161, paupr: 0.351478, paupr_m: 0.311170, dauc: 0.895762, daupr: 0.364340, daupr_m: 0.409018
Epoch: 99 loss: 0.000098, pauc: 0.914409, paupr: 0.359779, paupr_m: 0.318378, dauc: 0.897946, daupr: 0.365484, daupr_m: 0.413324
Epoch: 109 loss: 0.000085, pauc: 0.913614, paupr: 0.376573, paupr_m: 0.338819, dauc: 0.900033, daupr: 0.371971, daupr_m: 0.421765
Epoch: 119 loss: 0.000076, pauc: 0.908044, paupr: 0.332125, paupr_m: 0.329735, dauc: 0.900758, daupr: 0.368491, daupr_m: 0.408563
Epoch: 129 loss: 0.000068, pauc: 0.885770, paupr: 0.357701, paupr_m: 0.349036, dauc: 0.900691, daupr: 0.370412, daupr_m: 0.418496
Epoch: 139 loss: 0.000061, pauc: 0.907512, paupr: 0.360795, paupr_m: 0.344630, dauc: 0.901699, daupr: 0.369940, daupr_m: 0.415863
Epoch: 149 loss: 0.000055, pauc: 0.909101, paupr: 0.362969, paupr_m: 0.357022, dauc: 0.902858, daupr: 0.373782, daupr_m: 0.416802
Epoch: 159 loss: 0.000051, pauc: 0.918999, paupr: 0.362451, paupr_m: 0.365761, dauc: 0.902738, daupr: 0.373787, daupr_m: 0.419105
Epoch: 169 loss: 0.000048, pauc: 0.893793, paupr: 0.361146, paupr_m: 0.365769, dauc: 0.903569, daupr: 0.381251, daupr_m: 0.423136
Epoch: 179 loss: 0.000045, pauc: 0.913797, paupr: 0.346642, paupr_m: 0.361175, dauc: 0.904147, daupr: 0.378402, daupr_m: 0.422535
Epoch: 189 loss: 0.000043, pauc: 0.898673, paupr: 0.362280, paupr_m: 0.377329, dauc: 0.904224, daupr: 0.375830, daupr_m: 0.418528
Epoch: 199 loss: 0.000042, pauc: 0.907229, paupr: 0.386960, paupr_m: 0.378298, dauc: 0.903505, daupr: 0.369962, daupr_m: 0.423822
Epoch: 209 loss: 0.000039, pauc: 0.915164, paupr: 0.364126, paupr_m: 0.402746, dauc: 0.904865, daupr: 0.375900, daupr_m: 0.423370
Epoch: 219 loss: 0.000038, pauc: 0.902112, paupr: 0.343824, paupr_m: 0.371292, dauc: 0.905089, daupr: 0.379856, daupr_m: 0.423451
Epoch: 229 loss: 0.000037, pauc: 0.907971, paupr: 0.386572, paupr_m: 0.407723, dauc: 0.905378, daupr: 0.380395, daupr_m: 0.426423
Epoch: 239 loss: 0.000035, pauc: 0.902002, paupr: 0.374396, paupr_m: 0.437071, dauc: 0.906024, daupr: 0.378497, daupr_m: 0.427165
Epoch: 249 loss: 0.000033, pauc: 0.894056, paupr: 0.360560, paupr_m: 0.417715, dauc: 0.905213, daupr: 0.374760, daupr_m: 0.427012
Epoch: 259 loss: 0.000033, pauc: 0.906433, paupr: 0.372308, paupr_m: 0.423157, dauc: 0.906395, daupr: 0.381185, daupr_m: 0.430575
Epoch: 269 loss: 0.000032, pauc: 0.914588, paupr: 0.364223, paupr_m: 0.419474, dauc: 0.906419, daupr: 0.387922, daupr_m: 0.431881
Epoch: 279 loss: 0.000031, pauc: 0.906772, paupr: 0.384094, paupr_m: 0.412884, dauc: 0.905334, daupr: 0.375365, daupr_m: 0.432013
Epoch: 289 loss: 0.000031, pauc: 0.900746, paupr: 0.366658, paupr_m: 0.414169, dauc: 0.906077, daupr: 0.385194, daupr_m: 0.429094
Epoch: 299 loss: 0.000030, pauc: 0.897979, paupr: 0.376336, paupr_m: 0.414798, dauc: 0.906154, daupr: 0.383719, daupr_m: 0.434510
Epoch: 309 loss: 0.000029, pauc: 0.907027, paupr: 0.375791, paupr_m: 0.421675, dauc: 0.907048, daupr: 0.391062, daupr_m: 0.437809
Epoch: 319 loss: 0.000029, pauc: 0.897065, paupr: 0.366096, paupr_m: 0.412952, dauc: 0.906914, daupr: 0.383376, daupr_m: 0.434192
Epoch: 329 loss: 0.000028, pauc: 0.884941, paupr: 0.385550, paupr_m: 0.421957, dauc: 0.907710, daupr: 0.385933, daupr_m: 0.437114
Epoch: 339 loss: 0.000028, pauc: 0.906556, paupr: 0.399146, paupr_m: 0.431270, dauc: 0.906664, daupr: 0.380414, daupr_m: 0.436512
Epoch: 349 loss: 0.000027, pauc: 0.908656, paupr: 0.376464, paupr_m: 0.419762, dauc: 0.907059, daupr: 0.380159, daupr_m: 0.435681
Epoch: 359 loss: 0.000027, pauc: 0.905158, paupr: 0.357696, paupr_m: 0.418154, dauc: 0.907493, daupr: 0.387065, daupr_m: 0.436874
Epoch: 369 loss: 0.000027, pauc: 0.911442, paupr: 0.377968, paupr_m: 0.414587, dauc: 0.907523, daupr: 0.391702, daupr_m: 0.436086
Epoch: 379 loss: 0.000027, pauc: 0.894710, paupr: 0.397755, paupr_m: 0.432538, dauc: 0.907473, daupr: 0.383698, daupr_m: 0.437251
Epoch: 389 loss: 0.000026, pauc: 0.896257, paupr: 0.373989, paupr_m: 0.416945, dauc: 0.907500, daupr: 0.390289, daupr_m: 0.443893
Epoch: 399 loss: 0.000026, pauc: 0.897714, paupr: 0.381681, paupr_m: 0.439518, dauc: 0.907526, daupr: 0.388062, daupr_m: 0.441937
Epoch: 409 loss: 0.000025, pauc: 0.893951, paupr: 0.387362, paupr_m: 0.416809, dauc: 0.907426, daupr: 0.387417, daupr_m: 0.442115
Epoch: 419 loss: 0.000025, pauc: 0.908048, paupr: 0.384855, paupr_m: 0.424583, dauc: 0.907184, daupr: 0.380816, daupr_m: 0.439500
Epoch: 429 loss: 0.000025, pauc: 0.905356, paupr: 0.396061, paupr_m: 0.441594, dauc: 0.907248, daupr: 0.385177, daupr_m: 0.445592
Epoch: 439 loss: 0.000025, pauc: 0.901059, paupr: 0.368509, paupr_m: 0.412161, dauc: 0.908010, daupr: 0.390172, daupr_m: 0.443500
Epoch: 449 loss: 0.000025, pauc: 0.894904, paupr: 0.386764, paupr_m: 0.428941, dauc: 0.909109, daupr: 0.397861, daupr_m: 0.444266
Epoch: 459 loss: 0.000024, pauc: 0.906513, paupr: 0.384549, paupr_m: 0.412214, dauc: 0.907920, daupr: 0.387747, daupr_m: 0.445561
Epoch: 469 loss: 0.000024, pauc: 0.915522, paupr: 0.372805, paupr_m: 0.430592, dauc: 0.907514, daupr: 0.382422, daupr_m: 0.449685
Epoch: 479 loss: 0.000024, pauc: 0.891573, paupr: 0.393822, paupr_m: 0.425275, dauc: 0.908908, daupr: 0.397564, daupr_m: 0.446637
Epoch: 489 loss: 0.000024, pauc: 0.901567, paupr: 0.390596, paupr_m: 0.425243, dauc: 0.908812, daupr: 0.397801, daupr_m: 0.449843
Epoch: 499 loss: 0.000024, pauc: 0.912455, paupr: 0.393187, paupr_m: 0.427482, dauc: 0.907744, daupr: 0.385622, daupr_m: 0.450769
Epoch: 509 loss: 0.000023, pauc: 0.918300, paupr: 0.385161, paupr_m: 0.432255, dauc: 0.907302, daupr: 0.379365, daupr_m: 0.445137
Epoch: 519 loss: 0.000023, pauc: 0.896074, paupr: 0.390358, paupr_m: 0.432557, dauc: 0.908095, daupr: 0.390147, daupr_m: 0.450397
Epoch: 529 loss: 0.000024, pauc: 0.903876, paupr: 0.390170, paupr_m: 0.424017, dauc: 0.909408, daupr: 0.400735, daupr_m: 0.450599
Epoch: 539 loss: 0.000024, pauc: 0.897300, paupr: 0.401307, paupr_m: 0.423389, dauc: 0.909164, daupr: 0.398819, daupr_m: 0.450378
Epoch: 549 loss: 0.000024, pauc: 0.909815, paupr: 0.384716, paupr_m: 0.442248, dauc: 0.907435, daupr: 0.384486, daupr_m: 0.452004
Epoch: 559 loss: 0.000023, pauc: 0.916381, paupr: 0.405831, paupr_m: 0.450626, dauc: 0.908227, daupr: 0.387725, daupr_m: 0.454937
Epoch: 569 loss: 0.000023, pauc: 0.893992, paupr: 0.384135, paupr_m: 0.439228, dauc: 0.909038, daupr: 0.402285, daupr_m: 0.453802
Epoch: 579 loss: 0.000023, pauc: 0.914629, paupr: 0.402074, paupr_m: 0.429830, dauc: 0.908555, daupr: 0.390473, daupr_m: 0.455250
Epoch: 589 loss: 0.000022, pauc: 0.894496, paupr: 0.382460, paupr_m: 0.423607, dauc: 0.908697, daupr: 0.389886, daupr_m: 0.453642
Epoch: 599 loss: 0.000022, pauc: 0.914518, paupr: 0.390358, paupr_m: 0.430668, dauc: 0.909515, daupr: 0.406881, daupr_m: 0.456851
Epoch: 609 loss: 0.000022, pauc: 0.918594, paupr: 0.376797, paupr_m: 0.419834, dauc: 0.908937, daupr: 0.394604, daupr_m: 0.455626
Epoch: 619 loss: 0.000022, pauc: 0.912625, paupr: 0.402763, paupr_m: 0.433932, dauc: 0.909353, daupr: 0.399534, daupr_m: 0.458347
Epoch: 629 loss: 0.000022, pauc: 0.911659, paupr: 0.389487, paupr_m: 0.420944, dauc: 0.908342, daupr: 0.384154, daupr_m: 0.455855
Epoch: 639 loss: 0.000021, pauc: 0.908648, paupr: 0.376530, paupr_m: 0.422892, dauc: 0.909157, daupr: 0.399931, daupr_m: 0.455475
Epoch: 649 loss: 0.000022, pauc: 0.913087, paupr: 0.409814, paupr_m: 0.434760, dauc: 0.909112, daupr: 0.396082, daupr_m: 0.458981
Epoch: 659 loss: 0.000022, pauc: 0.894582, paupr: 0.376884, paupr_m: 0.422514, dauc: 0.909148, daupr: 0.396529, daupr_m: 0.455644
Epoch: 669 loss: 0.000021, pauc: 0.915632, paupr: 0.385647, paupr_m: 0.418659, dauc: 0.909441, daupr: 0.395637, daupr_m: 0.458680
Epoch: 679 loss: 0.000021, pauc: 0.915333, paupr: 0.386396, paupr_m: 0.427099, dauc: 0.909250, daupr: 0.405798, daupr_m: 0.458650
Epoch: 689 loss: 0.000021, pauc: 0.910855, paupr: 0.400799, paupr_m: 0.435943, dauc: 0.909938, daupr: 0.410208, daupr_m: 0.458802
Epoch: 699 loss: 0.000021, pauc: 0.900344, paupr: 0.412781, paupr_m: 0.425177, dauc: 0.909542, daupr: 0.404886, daupr_m: 0.458411
Epoch: 709 loss: 0.000021, pauc: 0.914319, paupr: 0.396403, paupr_m: 0.428951, dauc: 0.909082, daupr: 0.399315, daupr_m: 0.461477
Epoch: 719 loss: 0.000021, pauc: 0.914419, paupr: 0.413805, paupr_m: 0.432149, dauc: 0.909188, daupr: 0.398923, daupr_m: 0.461151
Epoch: 729 loss: 0.000021, pauc: 0.913235, paupr: 0.394655, paupr_m: 0.437614, dauc: 0.909897, daupr: 0.408530, daupr_m: 0.461588
Epoch: 739 loss: 0.000022, pauc: 0.913844, paupr: 0.414020, paupr_m: 0.433849, dauc: 0.909131, daupr: 0.397138, daupr_m: 0.464340
Epoch: 749 loss: 0.000021, pauc: 0.903052, paupr: 0.414032, paupr_m: 0.450196, dauc: 0.908935, daupr: 0.387391, daupr_m: 0.461042
Epoch: 759 loss: 0.000020, pauc: 0.906790, paupr: 0.404129, paupr_m: 0.426454, dauc: 0.909823, daupr: 0.402551, daupr_m: 0.462365
Epoch: 769 loss: 0.000021, pauc: 0.891531, paupr: 0.410411, paupr_m: 0.426990, dauc: 0.909083, daupr: 0.400108, daupr_m: 0.461426
Epoch: 779 loss: 0.000021, pauc: 0.904304, paupr: 0.401366, paupr_m: 0.420843, dauc: 0.909703, daupr: 0.404507, daupr_m: 0.462496
Epoch: 789 loss: 0.000020, pauc: 0.911512, paupr: 0.422681, paupr_m: 0.442373, dauc: 0.909790, daupr: 0.408216, daupr_m: 0.462066
Epoch: 799 loss: 0.000020, pauc: 0.906340, paupr: 0.372353, paupr_m: 0.428999, dauc: 0.909345, daupr: 0.395496, daupr_m: 0.462998
Epoch: 809 loss: 0.000020, pauc: 0.905326, paupr: 0.375494, paupr_m: 0.435353, dauc: 0.909598, daupr: 0.405040, daupr_m: 0.464472
Epoch: 819 loss: 0.000020, pauc: 0.916035, paupr: 0.396668, paupr_m: 0.430245, dauc: 0.909156, daupr: 0.390408, daupr_m: 0.465291
Epoch: 829 loss: 0.000021, pauc: 0.912245, paupr: 0.398703, paupr_m: 0.441420, dauc: 0.909821, daupr: 0.404795, daupr_m: 0.467165
Epoch: 839 loss: 0.000021, pauc: 0.917382, paupr: 0.415081, paupr_m: 0.458527, dauc: 0.909540, daupr: 0.403806, daupr_m: 0.466173
Epoch: 849 loss: 0.000020, pauc: 0.896476, paupr: 0.411439, paupr_m: 0.437934, dauc: 0.909206, daupr: 0.396117, daupr_m: 0.465302
Epoch: 859 loss: 0.000020, pauc: 0.905625, paupr: 0.410550, paupr_m: 0.436404, dauc: 0.909891, daupr: 0.402954, daupr_m: 0.468739
Epoch: 869 loss: 0.000020, pauc: 0.912065, paupr: 0.409783, paupr_m: 0.439639, dauc: 0.910228, daupr: 0.406429, daupr_m: 0.462110
Epoch: 879 loss: 0.000020, pauc: 0.906137, paupr: 0.402858, paupr_m: 0.439013, dauc: 0.909563, daupr: 0.396276, daupr_m: 0.466514
Epoch: 889 loss: 0.000020, pauc: 0.905555, paupr: 0.404093, paupr_m: 0.427805, dauc: 0.909821, daupr: 0.408852, daupr_m: 0.468070
Epoch: 899 loss: 0.000020, pauc: 0.909889, paupr: 0.407292, paupr_m: 0.424273, dauc: 0.908968, daupr: 0.393474, daupr_m: 0.470042
Epoch: 909 loss: 0.000020, pauc: 0.909486, paupr: 0.413155, paupr_m: 0.436757, dauc: 0.910192, daupr: 0.414725, daupr_m: 0.465878
Epoch: 919 loss: 0.000020, pauc: 0.904686, paupr: 0.389418, paupr_m: 0.429321, dauc: 0.910724, daupr: 0.423824, daupr_m: 0.466801
Epoch: 929 loss: 0.000020, pauc: 0.901890, paupr: 0.399239, paupr_m: 0.422823, dauc: 0.909932, daupr: 0.408369, daupr_m: 0.469926
Epoch: 939 loss: 0.000020, pauc: 0.906964, paupr: 0.410734, paupr_m: 0.430429, dauc: 0.909260, daupr: 0.401260, daupr_m: 0.468630
Epoch: 949 loss: 0.000020, pauc: 0.912130, paupr: 0.413835, paupr_m: 0.436845, dauc: 0.908941, daupr: 0.391369, daupr_m: 0.469033
Epoch: 959 loss: 0.000020, pauc: 0.906478, paupr: 0.406484, paupr_m: 0.435172, dauc: 0.909280, daupr: 0.410150, daupr_m: 0.467699
Epoch: 969 loss: 0.000020, pauc: 0.912133, paupr: 0.403626, paupr_m: 0.433216, dauc: 0.909535, daupr: 0.407933, daupr_m: 0.468320
Epoch: 979 loss: 0.000020, pauc: 0.904019, paupr: 0.413447, paupr_m: 0.430147, dauc: 0.909931, daupr: 0.405946, daupr_m: 0.468209
Epoch: 989 loss: 0.000020, pauc: 0.906804, paupr: 0.396557, paupr_m: 0.438462, dauc: 0.909592, daupr: 0.400298, daupr_m: 0.467107
Epoch: 999 loss: 0.000019, pauc: 0.904098, paupr: 0.416581, paupr_m: 0.441319, dauc: 0.909582, daupr: 0.409594, daupr_m: 0.469260
Epoch: 9 loss: 0.000562, pauc: 0.890250, paupr: 0.034970, paupr_m: 0.093437, dauc: 0.731026, daupr: 0.189992, daupr_m: 0.221784
Epoch: 19 loss: 0.000437, pauc: 0.898038, paupr: 0.062216, paupr_m: 0.151267, dauc: 0.790855, daupr: 0.279001, daupr_m: 0.333926
Epoch: 29 loss: 0.000348, pauc: 0.909464, paupr: 0.085802, paupr_m: 0.204915, dauc: 0.815006, daupr: 0.305217, daupr_m: 0.369380
Epoch: 39 loss: 0.000283, pauc: 0.907273, paupr: 0.127411, paupr_m: 0.204502, dauc: 0.830550, daupr: 0.312604, daupr_m: 0.383256
Epoch: 49 loss: 0.000231, pauc: 0.913051, paupr: 0.126144, paupr_m: 0.204318, dauc: 0.841304, daupr: 0.313714, daupr_m: 0.378528
Epoch: 59 loss: 0.000187, pauc: 0.901341, paupr: 0.151779, paupr_m: 0.227616, dauc: 0.846972, daupr: 0.311222, daupr_m: 0.371420
Epoch: 69 loss: 0.000155, pauc: 0.898364, paupr: 0.161138, paupr_m: 0.250514, dauc: 0.851567, daupr: 0.307661, daupr_m: 0.360543
Epoch: 79 loss: 0.000130, pauc: 0.913333, paupr: 0.196154, paupr_m: 0.246994, dauc: 0.854165, daupr: 0.302786, daupr_m: 0.361806
Epoch: 89 loss: 0.000110, pauc: 0.914984, paupr: 0.226313, paupr_m: 0.303844, dauc: 0.857008, daupr: 0.308850, daupr_m: 0.364640
Epoch: 99 loss: 0.000095, pauc: 0.911933, paupr: 0.253030, paupr_m: 0.291306, dauc: 0.857772, daupr: 0.310841, daupr_m: 0.371712
Epoch: 109 loss: 0.000083, pauc: 0.913062, paupr: 0.248644, paupr_m: 0.305336, dauc: 0.859485, daupr: 0.308321, daupr_m: 0.376378
Epoch: 119 loss: 0.000074, pauc: 0.912864, paupr: 0.246995, paupr_m: 0.318849, dauc: 0.862641, daupr: 0.316627, daupr_m: 0.367203
Epoch: 129 loss: 0.000066, pauc: 0.917757, paupr: 0.283579, paupr_m: 0.317891, dauc: 0.862863, daupr: 0.309257, daupr_m: 0.371652
Epoch: 139 loss: 0.000059, pauc: 0.907456, paupr: 0.284636, paupr_m: 0.323393, dauc: 0.864048, daupr: 0.316326, daupr_m: 0.373885
Epoch: 149 loss: 0.000054, pauc: 0.906216, paupr: 0.311325, paupr_m: 0.340998, dauc: 0.864376, daupr: 0.318857, daupr_m: 0.373648
Epoch: 159 loss: 0.000051, pauc: 0.919120, paupr: 0.313532, paupr_m: 0.362364, dauc: 0.864936, daupr: 0.322439, daupr_m: 0.375517
Epoch: 169 loss: 0.000048, pauc: 0.909502, paupr: 0.323011, paupr_m: 0.361799, dauc: 0.864564, daupr: 0.313817, daupr_m: 0.375068
Epoch: 179 loss: 0.000044, pauc: 0.918046, paupr: 0.331780, paupr_m: 0.353104, dauc: 0.865052, daupr: 0.312878, daupr_m: 0.376836
Epoch: 189 loss: 0.000041, pauc: 0.908391, paupr: 0.317555, paupr_m: 0.362429, dauc: 0.865607, daupr: 0.322783, daupr_m: 0.377945
Epoch: 199 loss: 0.000040, pauc: 0.904756, paupr: 0.351519, paupr_m: 0.381769, dauc: 0.867828, daupr: 0.323171, daupr_m: 0.380847
Epoch: 209 loss: 0.000038, pauc: 0.906286, paupr: 0.355909, paupr_m: 0.375870, dauc: 0.866962, daupr: 0.319165, daupr_m: 0.379395
Epoch: 219 loss: 0.000036, pauc: 0.914127, paupr: 0.359052, paupr_m: 0.403324, dauc: 0.866261, daupr: 0.318462, daupr_m: 0.380226
Epoch: 229 loss: 0.000035, pauc: 0.921017, paupr: 0.360347, paupr_m: 0.391051, dauc: 0.866817, daupr: 0.317561, daupr_m: 0.382126
Epoch: 239 loss: 0.000033, pauc: 0.914787, paupr: 0.360693, paupr_m: 0.381821, dauc: 0.867004, daupr: 0.317228, daupr_m: 0.379347
Epoch: 249 loss: 0.000033, pauc: 0.909949, paupr: 0.367544, paupr_m: 0.400636, dauc: 0.867782, daupr: 0.319737, daupr_m: 0.382489
Epoch: 259 loss: 0.000032, pauc: 0.922534, paupr: 0.355553, paupr_m: 0.391778, dauc: 0.867441, daupr: 0.315666, daupr_m: 0.379910
Epoch: 269 loss: 0.000031, pauc: 0.904726, paupr: 0.364033, paupr_m: 0.403998, dauc: 0.868336, daupr: 0.319134, daupr_m: 0.383518
Epoch: 279 loss: 0.000030, pauc: 0.907977, paupr: 0.368832, paupr_m: 0.400517, dauc: 0.867784, daupr: 0.322493, daupr_m: 0.379776
Epoch: 289 loss: 0.000030, pauc: 0.915801, paupr: 0.380857, paupr_m: 0.418382, dauc: 0.867871, daupr: 0.317696, daupr_m: 0.389679
Epoch: 299 loss: 0.000028, pauc: 0.909674, paupr: 0.382793, paupr_m: 0.416556, dauc: 0.868549, daupr: 0.322780, daupr_m: 0.393471
Epoch: 309 loss: 0.000028, pauc: 0.919134, paupr: 0.373997, paupr_m: 0.413556, dauc: 0.868580, daupr: 0.322155, daupr_m: 0.387652
Epoch: 319 loss: 0.000028, pauc: 0.917113, paupr: 0.384195, paupr_m: 0.424565, dauc: 0.867907, daupr: 0.316279, daupr_m: 0.388286
Epoch: 329 loss: 0.000027, pauc: 0.914010, paupr: 0.384788, paupr_m: 0.417293, dauc: 0.868916, daupr: 0.323328, daupr_m: 0.398713
Epoch: 339 loss: 0.000027, pauc: 0.907732, paupr: 0.373694, paupr_m: 0.410521, dauc: 0.868402, daupr: 0.322630, daupr_m: 0.389388
Epoch: 349 loss: 0.000026, pauc: 0.911148, paupr: 0.383684, paupr_m: 0.415471, dauc: 0.869958, daupr: 0.330143, daupr_m: 0.391145
Epoch: 359 loss: 0.000026, pauc: 0.914934, paupr: 0.389403, paupr_m: 0.418430, dauc: 0.869385, daupr: 0.324451, daupr_m: 0.387068
Epoch: 369 loss: 0.000025, pauc: 0.926662, paupr: 0.404017, paupr_m: 0.424293, dauc: 0.869238, daupr: 0.325821, daupr_m: 0.385296
Epoch: 379 loss: 0.000026, pauc: 0.903287, paupr: 0.386294, paupr_m: 0.448060, dauc: 0.869832, daupr: 0.329652, daupr_m: 0.391712
Epoch: 389 loss: 0.000025, pauc: 0.914625, paupr: 0.386767, paupr_m: 0.417557, dauc: 0.868748, daupr: 0.313463, daupr_m: 0.392425
Epoch: 399 loss: 0.000025, pauc: 0.917746, paupr: 0.382206, paupr_m: 0.445469, dauc: 0.869520, daupr: 0.322454, daupr_m: 0.398876
Epoch: 409 loss: 0.000024, pauc: 0.912753, paupr: 0.388720, paupr_m: 0.429582, dauc: 0.870325, daupr: 0.333970, daupr_m: 0.400830
Epoch: 419 loss: 0.000024, pauc: 0.907434, paupr: 0.396666, paupr_m: 0.436095, dauc: 0.870600, daupr: 0.322764, daupr_m: 0.396175
Epoch: 429 loss: 0.000023, pauc: 0.904987, paupr: 0.397883, paupr_m: 0.435730, dauc: 0.869760, daupr: 0.321960, daupr_m: 0.397013
Epoch: 439 loss: 0.000023, pauc: 0.914907, paupr: 0.389808, paupr_m: 0.430591, dauc: 0.870873, daupr: 0.330979, daupr_m: 0.403543
Epoch: 449 loss: 0.000023, pauc: 0.923126, paupr: 0.398889, paupr_m: 0.414297, dauc: 0.870340, daupr: 0.337601, daupr_m: 0.398505
Epoch: 459 loss: 0.000023, pauc: 0.904719, paupr: 0.388307, paupr_m: 0.433479, dauc: 0.870847, daupr: 0.329119, daupr_m: 0.398451
Epoch: 469 loss: 0.000023, pauc: 0.911558, paupr: 0.393256, paupr_m: 0.433294, dauc: 0.871425, daupr: 0.332877, daupr_m: 0.403535
Epoch: 479 loss: 0.000022, pauc: 0.914335, paupr: 0.388762, paupr_m: 0.441271, dauc: 0.870334, daupr: 0.329116, daupr_m: 0.399367
Epoch: 489 loss: 0.000022, pauc: 0.912699, paupr: 0.411119, paupr_m: 0.441101, dauc: 0.870431, daupr: 0.330993, daupr_m: 0.400879
Epoch: 499 loss: 0.000022, pauc: 0.902619, paupr: 0.390878, paupr_m: 0.441701, dauc: 0.870465, daupr: 0.325345, daupr_m: 0.399491
Epoch: 509 loss: 0.000022, pauc: 0.904572, paupr: 0.398980, paupr_m: 0.439251, dauc: 0.869767, daupr: 0.319710, daupr_m: 0.404843
Epoch: 519 loss: 0.000022, pauc: 0.917784, paupr: 0.399447, paupr_m: 0.439873, dauc: 0.871714, daupr: 0.335879, daupr_m: 0.406880
Epoch: 529 loss: 0.000022, pauc: 0.910557, paupr: 0.379216, paupr_m: 0.445657, dauc: 0.870558, daupr: 0.325818, daupr_m: 0.404227
Epoch: 539 loss: 0.000022, pauc: 0.906922, paupr: 0.398131, paupr_m: 0.448518, dauc: 0.870875, daupr: 0.331460, daupr_m: 0.404939
Epoch: 549 loss: 0.000021, pauc: 0.919911, paupr: 0.398091, paupr_m: 0.441224, dauc: 0.871263, daupr: 0.327894, daupr_m: 0.402794
Epoch: 559 loss: 0.000022, pauc: 0.906651, paupr: 0.396659, paupr_m: 0.429900, dauc: 0.870110, daupr: 0.319227, daupr_m: 0.406110
Epoch: 569 loss: 0.000021, pauc: 0.911327, paupr: 0.400153, paupr_m: 0.444824, dauc: 0.870857, daupr: 0.328058, daupr_m: 0.409712
Epoch: 579 loss: 0.000021, pauc: 0.906809, paupr: 0.390232, paupr_m: 0.430318, dauc: 0.869819, daupr: 0.327837, daupr_m: 0.408588
Epoch: 589 loss: 0.000021, pauc: 0.907438, paupr: 0.392622, paupr_m: 0.444370, dauc: 0.871632, daupr: 0.336996, daupr_m: 0.408483
Epoch: 599 loss: 0.000021, pauc: 0.914066, paupr: 0.396937, paupr_m: 0.440595, dauc: 0.870984, daupr: 0.328749, daupr_m: 0.404526
Epoch: 609 loss: 0.000021, pauc: 0.896929, paupr: 0.389516, paupr_m: 0.431041, dauc: 0.871124, daupr: 0.332682, daupr_m: 0.409936
Epoch: 619 loss: 0.000021, pauc: 0.910733, paupr: 0.414322, paupr_m: 0.450339, dauc: 0.871777, daupr: 0.334958, daupr_m: 0.409529
Epoch: 629 loss: 0.000021, pauc: 0.909105, paupr: 0.398331, paupr_m: 0.442890, dauc: 0.870751, daupr: 0.327289, daupr_m: 0.408304
Epoch: 639 loss: 0.000022, pauc: 0.908389, paupr: 0.394492, paupr_m: 0.436008, dauc: 0.871989, daupr: 0.332520, daupr_m: 0.409948
Epoch: 649 loss: 0.000021, pauc: 0.905318, paupr: 0.409863, paupr_m: 0.443667, dauc: 0.871549, daupr: 0.339192, daupr_m: 0.413534
Epoch: 659 loss: 0.000020, pauc: 0.919713, paupr: 0.406689, paupr_m: 0.447948, dauc: 0.871378, daupr: 0.337137, daupr_m: 0.409477
Epoch: 669 loss: 0.000021, pauc: 0.915842, paupr: 0.403277, paupr_m: 0.451479, dauc: 0.871516, daupr: 0.332305, daupr_m: 0.417878
Epoch: 679 loss: 0.000020, pauc: 0.911241, paupr: 0.404114, paupr_m: 0.464069, dauc: 0.871232, daupr: 0.332328, daupr_m: 0.410183
Epoch: 689 loss: 0.000020, pauc: 0.902227, paupr: 0.402793, paupr_m: 0.454741, dauc: 0.871132, daupr: 0.329558, daupr_m: 0.409795
Epoch: 699 loss: 0.000020, pauc: 0.906568, paupr: 0.395068, paupr_m: 0.447752, dauc: 0.871436, daupr: 0.335429, daupr_m: 0.412806
Epoch: 709 loss: 0.000020, pauc: 0.925032, paupr: 0.399910, paupr_m: 0.434003, dauc: 0.871976, daupr: 0.342783, daupr_m: 0.415342
Epoch: 719 loss: 0.000020, pauc: 0.915603, paupr: 0.394419, paupr_m: 0.437720, dauc: 0.872199, daupr: 0.336486, daupr_m: 0.421999
Epoch: 729 loss: 0.000020, pauc: 0.900688, paupr: 0.393359, paupr_m: 0.441353, dauc: 0.871545, daupr: 0.333174, daupr_m: 0.416795
Epoch: 739 loss: 0.000020, pauc: 0.918746, paupr: 0.398955, paupr_m: 0.443901, dauc: 0.871702, daupr: 0.333509, daupr_m: 0.423965
Epoch: 749 loss: 0.000020, pauc: 0.906567, paupr: 0.412145, paupr_m: 0.452160, dauc: 0.871592, daupr: 0.329640, daupr_m: 0.416943
Epoch: 759 loss: 0.000019, pauc: 0.913031, paupr: 0.407758, paupr_m: 0.447194, dauc: 0.872181, daupr: 0.346185, daupr_m: 0.415627
Epoch: 769 loss: 0.000020, pauc: 0.906272, paupr: 0.408510, paupr_m: 0.449660, dauc: 0.871078, daupr: 0.328101, daupr_m: 0.425666
Epoch: 779 loss: 0.000019, pauc: 0.915109, paupr: 0.399286, paupr_m: 0.466698, dauc: 0.871532, daupr: 0.332285, daupr_m: 0.419739
Epoch: 789 loss: 0.000020, pauc: 0.910333, paupr: 0.408702, paupr_m: 0.446688, dauc: 0.871230, daupr: 0.330550, daupr_m: 0.415182
Epoch: 799 loss: 0.000020, pauc: 0.907179, paupr: 0.405671, paupr_m: 0.453083, dauc: 0.871308, daupr: 0.327192, daupr_m: 0.417826
Epoch: 809 loss: 0.000019, pauc: 0.895741, paupr: 0.405373, paupr_m: 0.464912, dauc: 0.872606, daupr: 0.343399, daupr_m: 0.415906
Epoch: 819 loss: 0.000020, pauc: 0.918054, paupr: 0.412145, paupr_m: 0.466472, dauc: 0.872260, daupr: 0.349530, daupr_m: 0.418985
Epoch: 829 loss: 0.000019, pauc: 0.910144, paupr: 0.411816, paupr_m: 0.449828, dauc: 0.871280, daupr: 0.327780, daupr_m: 0.424805
Epoch: 839 loss: 0.000019, pauc: 0.909426, paupr: 0.396560, paupr_m: 0.448922, dauc: 0.871880, daupr: 0.337634, daupr_m: 0.421713
Epoch: 849 loss: 0.000020, pauc: 0.901178, paupr: 0.414311, paupr_m: 0.458218, dauc: 0.872353, daupr: 0.343627, daupr_m: 0.418830
Epoch: 859 loss: 0.000019, pauc: 0.907069, paupr: 0.410148, paupr_m: 0.463548, dauc: 0.872006, daupr: 0.338292, daupr_m: 0.426285
Epoch: 869 loss: 0.000019, pauc: 0.908495, paupr: 0.417483, paupr_m: 0.451444, dauc: 0.871783, daupr: 0.331909, daupr_m: 0.425935
Epoch: 879 loss: 0.000019, pauc: 0.909268, paupr: 0.397459, paupr_m: 0.459152, dauc: 0.872745, daupr: 0.343262, daupr_m: 0.420554
Epoch: 889 loss: 0.000019, pauc: 0.909024, paupr: 0.398907, paupr_m: 0.446312, dauc: 0.871837, daupr: 0.331088, daupr_m: 0.419831
Epoch: 899 loss: 0.000019, pauc: 0.915363, paupr: 0.398674, paupr_m: 0.454723, dauc: 0.872246, daupr: 0.342573, daupr_m: 0.422454
Epoch: 909 loss: 0.000019, pauc: 0.902203, paupr: 0.401194, paupr_m: 0.460117, dauc: 0.871782, daupr: 0.339888, daupr_m: 0.422230
Epoch: 919 loss: 0.000019, pauc: 0.909849, paupr: 0.404981, paupr_m: 0.441599, dauc: 0.871790, daupr: 0.329733, daupr_m: 0.422435
Epoch: 929 loss: 0.000019, pauc: 0.906905, paupr: 0.398759, paupr_m: 0.444414, dauc: 0.871500, daupr: 0.335185, daupr_m: 0.418931
Epoch: 939 loss: 0.000019, pauc: 0.912998, paupr: 0.395314, paupr_m: 0.451441, dauc: 0.871244, daupr: 0.340879, daupr_m: 0.421099
Epoch: 949 loss: 0.000019, pauc: 0.908204, paupr: 0.415461, paupr_m: 0.474969, dauc: 0.870758, daupr: 0.329578, daupr_m: 0.424302
Epoch: 959 loss: 0.000019, pauc: 0.916141, paupr: 0.402882, paupr_m: 0.448430, dauc: 0.872559, daupr: 0.348496, daupr_m: 0.428023
Epoch: 969 loss: 0.000018, pauc: 0.902709, paupr: 0.395979, paupr_m: 0.454505, dauc: 0.871617, daupr: 0.338343, daupr_m: 0.423692
Epoch: 979 loss: 0.000019, pauc: 0.917290, paupr: 0.386615, paupr_m: 0.443674, dauc: 0.871321, daupr: 0.329163, daupr_m: 0.420516
Epoch: 989 loss: 0.000018, pauc: 0.921166, paupr: 0.403785, paupr_m: 0.461151, dauc: 0.872287, daupr: 0.335748, daupr_m: 0.425375
Epoch: 999 loss: 0.000018, pauc: 0.933793, paupr: 0.403010, paupr_m: 0.448503, dauc: 0.870870, daupr: 0.324325, daupr_m: 0.423990
