{'epoch': 1000, 'lr': 4e-05, 'wd': 8e-07, 'sim_threshold': 0.5, 'loss_p_weight': 0.998, 'loss_d_weight': 0.95, 'loss_weight': 0.0002, 'a1': 1e-09, 'a2': 1e-09, 'dropout': 0.15, 'graph_dropout': 0.1, 'fr_dim': [4096, [1512, 1024], [5603, 2048]], 'fd_dim': [2048, [1512, 1024], [5603, 2048]]}
Epoch: 9 loss: 0.000585, pauc: 0.932678, paupr: 0.045835, paupr_m: 0.104349, dauc: 0.773873, daupr: 0.206677, daupr_m: 0.232804
Epoch: 19 loss: 0.000446, pauc: 0.933252, paupr: 0.054079, paupr_m: 0.163068, dauc: 0.842538, daupr: 0.317849, daupr_m: 0.363258
Epoch: 29 loss: 0.000357, pauc: 0.939698, paupr: 0.082638, paupr_m: 0.176080, dauc: 0.868202, daupr: 0.351432, daupr_m: 0.402119
Epoch: 39 loss: 0.000288, pauc: 0.938496, paupr: 0.078808, paupr_m: 0.215122, dauc: 0.881634, daupr: 0.362843, daupr_m: 0.416566
Epoch: 49 loss: 0.000232, pauc: 0.949308, paupr: 0.148860, paupr_m: 0.241618, dauc: 0.888871, daupr: 0.355564, daupr_m: 0.409778
Epoch: 59 loss: 0.000190, pauc: 0.947827, paupr: 0.184944, paupr_m: 0.289532, dauc: 0.895076, daupr: 0.347719, daupr_m: 0.394420
Epoch: 69 loss: 0.000158, pauc: 0.948172, paupr: 0.197244, paupr_m: 0.314211, dauc: 0.897407, daupr: 0.333812, daupr_m: 0.381788
Epoch: 79 loss: 0.000132, pauc: 0.947185, paupr: 0.323837, paupr_m: 0.375144, dauc: 0.900122, daupr: 0.340888, daupr_m: 0.383405
Epoch: 89 loss: 0.000114, pauc: 0.947389, paupr: 0.309246, paupr_m: 0.410309, dauc: 0.901936, daupr: 0.336949, daupr_m: 0.386901
Epoch: 99 loss: 0.000096, pauc: 0.950846, paupr: 0.344755, paupr_m: 0.415456, dauc: 0.904606, daupr: 0.354879, daupr_m: 0.395469
Epoch: 109 loss: 0.000085, pauc: 0.945452, paupr: 0.376146, paupr_m: 0.449484, dauc: 0.904991, daupr: 0.354693, daupr_m: 0.400723
Epoch: 119 loss: 0.000076, pauc: 0.950312, paupr: 0.363194, paupr_m: 0.458527, dauc: 0.905603, daupr: 0.349772, daupr_m: 0.395831
Epoch: 129 loss: 0.000068, pauc: 0.945253, paupr: 0.407998, paupr_m: 0.487340, dauc: 0.906589, daupr: 0.347629, daupr_m: 0.394938
Epoch: 139 loss: 0.000061, pauc: 0.949305, paupr: 0.414428, paupr_m: 0.511706, dauc: 0.907132, daupr: 0.348033, daupr_m: 0.400333
Epoch: 149 loss: 0.000056, pauc: 0.946304, paupr: 0.397305, paupr_m: 0.488095, dauc: 0.908293, daupr: 0.355321, daupr_m: 0.398130
Epoch: 159 loss: 0.000051, pauc: 0.941744, paupr: 0.435786, paupr_m: 0.514839, dauc: 0.908413, daupr: 0.349110, daupr_m: 0.397321
Epoch: 169 loss: 0.000048, pauc: 0.941488, paupr: 0.407726, paupr_m: 0.485131, dauc: 0.908382, daupr: 0.352625, daupr_m: 0.397301
Epoch: 179 loss: 0.000046, pauc: 0.951389, paupr: 0.445514, paupr_m: 0.533292, dauc: 0.908656, daupr: 0.355044, daupr_m: 0.401458
Epoch: 189 loss: 0.000043, pauc: 0.956951, paupr: 0.433702, paupr_m: 0.539248, dauc: 0.909214, daupr: 0.353446, daupr_m: 0.399230
Epoch: 199 loss: 0.000041, pauc: 0.939470, paupr: 0.464576, paupr_m: 0.508578, dauc: 0.910225, daupr: 0.359697, daupr_m: 0.403705
Epoch: 209 loss: 0.000039, pauc: 0.940562, paupr: 0.438978, paupr_m: 0.509392, dauc: 0.909779, daupr: 0.357606, daupr_m: 0.403352
Epoch: 219 loss: 0.000038, pauc: 0.949778, paupr: 0.464742, paupr_m: 0.552369, dauc: 0.909832, daupr: 0.356404, daupr_m: 0.404257
Epoch: 229 loss: 0.000036, pauc: 0.945657, paupr: 0.475916, paupr_m: 0.542973, dauc: 0.910681, daupr: 0.360830, daupr_m: 0.405958
Epoch: 239 loss: 0.000034, pauc: 0.952663, paupr: 0.479785, paupr_m: 0.539467, dauc: 0.910139, daupr: 0.360670, daupr_m: 0.408757
Epoch: 249 loss: 0.000033, pauc: 0.959023, paupr: 0.463134, paupr_m: 0.515247, dauc: 0.910941, daupr: 0.365481, daupr_m: 0.406152
Epoch: 259 loss: 0.000032, pauc: 0.940490, paupr: 0.486856, paupr_m: 0.533883, dauc: 0.911218, daupr: 0.360592, daupr_m: 0.406394
Epoch: 269 loss: 0.000032, pauc: 0.946282, paupr: 0.474362, paupr_m: 0.519363, dauc: 0.911180, daupr: 0.366019, daupr_m: 0.406289
Epoch: 279 loss: 0.000032, pauc: 0.941298, paupr: 0.496979, paupr_m: 0.530613, dauc: 0.911313, daupr: 0.363662, daupr_m: 0.410704
Epoch: 289 loss: 0.000031, pauc: 0.948928, paupr: 0.513529, paupr_m: 0.562514, dauc: 0.910503, daupr: 0.360642, daupr_m: 0.410092
Epoch: 299 loss: 0.000030, pauc: 0.949519, paupr: 0.506501, paupr_m: 0.564091, dauc: 0.912044, daupr: 0.371087, daupr_m: 0.413631
Epoch: 309 loss: 0.000029, pauc: 0.955901, paupr: 0.447515, paupr_m: 0.545940, dauc: 0.911780, daupr: 0.363894, daupr_m: 0.412998
Epoch: 319 loss: 0.000029, pauc: 0.949669, paupr: 0.480787, paupr_m: 0.525527, dauc: 0.911849, daupr: 0.369224, daupr_m: 0.418439
Epoch: 329 loss: 0.000028, pauc: 0.938600, paupr: 0.504134, paupr_m: 0.546709, dauc: 0.911670, daupr: 0.362099, daupr_m: 0.418673
Epoch: 339 loss: 0.000028, pauc: 0.953003, paupr: 0.463294, paupr_m: 0.532113, dauc: 0.911771, daupr: 0.363665, daupr_m: 0.416976
Epoch: 349 loss: 0.000027, pauc: 0.943890, paupr: 0.516582, paupr_m: 0.543464, dauc: 0.912487, daupr: 0.369179, daupr_m: 0.415860
Epoch: 359 loss: 0.000027, pauc: 0.958318, paupr: 0.501092, paupr_m: 0.529219, dauc: 0.912279, daupr: 0.371886, daupr_m: 0.425357
Epoch: 369 loss: 0.000026, pauc: 0.945689, paupr: 0.517478, paupr_m: 0.560904, dauc: 0.912306, daupr: 0.368090, daupr_m: 0.417421
Epoch: 379 loss: 0.000026, pauc: 0.953774, paupr: 0.504993, paupr_m: 0.532377, dauc: 0.912147, daupr: 0.365605, daupr_m: 0.424836
Epoch: 389 loss: 0.000026, pauc: 0.947295, paupr: 0.495018, paupr_m: 0.564946, dauc: 0.912294, daupr: 0.366442, daupr_m: 0.419063
Epoch: 399 loss: 0.000025, pauc: 0.946128, paupr: 0.510953, paupr_m: 0.536553, dauc: 0.912459, daupr: 0.369394, daupr_m: 0.425938
Epoch: 409 loss: 0.000025, pauc: 0.937199, paupr: 0.512890, paupr_m: 0.552439, dauc: 0.912857, daupr: 0.378072, daupr_m: 0.424454
Epoch: 419 loss: 0.000025, pauc: 0.953110, paupr: 0.507505, paupr_m: 0.547613, dauc: 0.912096, daupr: 0.369810, daupr_m: 0.424932
Epoch: 429 loss: 0.000025, pauc: 0.942904, paupr: 0.515134, paupr_m: 0.563380, dauc: 0.912871, daupr: 0.377567, daupr_m: 0.426156
Epoch: 439 loss: 0.000024, pauc: 0.951433, paupr: 0.500078, paupr_m: 0.555215, dauc: 0.913006, daupr: 0.370152, daupr_m: 0.428280
Epoch: 449 loss: 0.000025, pauc: 0.945438, paupr: 0.506239, paupr_m: 0.561950, dauc: 0.912585, daupr: 0.367849, daupr_m: 0.423001
Epoch: 459 loss: 0.000024, pauc: 0.952646, paupr: 0.512700, paupr_m: 0.573228, dauc: 0.913005, daupr: 0.376533, daupr_m: 0.431385
Epoch: 469 loss: 0.000024, pauc: 0.950650, paupr: 0.510856, paupr_m: 0.556191, dauc: 0.912901, daupr: 0.370490, daupr_m: 0.431155
Epoch: 479 loss: 0.000024, pauc: 0.950301, paupr: 0.531569, paupr_m: 0.557457, dauc: 0.913880, daupr: 0.379789, daupr_m: 0.428088
Epoch: 489 loss: 0.000024, pauc: 0.947649, paupr: 0.516796, paupr_m: 0.544177, dauc: 0.912790, daupr: 0.372641, daupr_m: 0.429896
Epoch: 499 loss: 0.000024, pauc: 0.952341, paupr: 0.531085, paupr_m: 0.564078, dauc: 0.912744, daupr: 0.373754, daupr_m: 0.435412
Epoch: 509 loss: 0.000023, pauc: 0.944015, paupr: 0.540465, paupr_m: 0.555539, dauc: 0.914009, daupr: 0.381930, daupr_m: 0.429765
Epoch: 519 loss: 0.000023, pauc: 0.953521, paupr: 0.507120, paupr_m: 0.539592, dauc: 0.912846, daupr: 0.367931, daupr_m: 0.432161
Epoch: 529 loss: 0.000022, pauc: 0.955600, paupr: 0.524729, paupr_m: 0.566144, dauc: 0.912736, daupr: 0.372789, daupr_m: 0.435642
Epoch: 539 loss: 0.000023, pauc: 0.949451, paupr: 0.521361, paupr_m: 0.551315, dauc: 0.914336, daupr: 0.393026, daupr_m: 0.435259
Epoch: 549 loss: 0.000023, pauc: 0.952542, paupr: 0.515741, paupr_m: 0.560497, dauc: 0.913205, daupr: 0.375177, daupr_m: 0.439228
Epoch: 559 loss: 0.000022, pauc: 0.950094, paupr: 0.529061, paupr_m: 0.546085, dauc: 0.913804, daupr: 0.384705, daupr_m: 0.437010
Epoch: 569 loss: 0.000022, pauc: 0.944401, paupr: 0.506103, paupr_m: 0.525091, dauc: 0.913098, daupr: 0.370371, daupr_m: 0.434561
Epoch: 579 loss: 0.000022, pauc: 0.953320, paupr: 0.537810, paupr_m: 0.568892, dauc: 0.913122, daupr: 0.374824, daupr_m: 0.437976
Epoch: 589 loss: 0.000022, pauc: 0.947230, paupr: 0.516362, paupr_m: 0.530525, dauc: 0.913445, daupr: 0.377435, daupr_m: 0.442927
Epoch: 599 loss: 0.000022, pauc: 0.960844, paupr: 0.524388, paupr_m: 0.547243, dauc: 0.914447, daupr: 0.391002, daupr_m: 0.439029
Epoch: 609 loss: 0.000022, pauc: 0.945610, paupr: 0.542350, paupr_m: 0.567208, dauc: 0.913670, daupr: 0.378618, daupr_m: 0.440419
Epoch: 619 loss: 0.000022, pauc: 0.947983, paupr: 0.539351, paupr_m: 0.551024, dauc: 0.913798, daupr: 0.378664, daupr_m: 0.438758
Epoch: 629 loss: 0.000021, pauc: 0.958468, paupr: 0.521392, paupr_m: 0.548188, dauc: 0.913898, daupr: 0.392934, daupr_m: 0.445467
Epoch: 639 loss: 0.000021, pauc: 0.956632, paupr: 0.561473, paupr_m: 0.547563, dauc: 0.914272, daupr: 0.385158, daupr_m: 0.442194
Epoch: 649 loss: 0.000021, pauc: 0.949717, paupr: 0.530382, paupr_m: 0.557193, dauc: 0.914203, daupr: 0.383258, daupr_m: 0.441492
Epoch: 659 loss: 0.000021, pauc: 0.954184, paupr: 0.553566, paupr_m: 0.549035, dauc: 0.913828, daupr: 0.385784, daupr_m: 0.443193
Epoch: 669 loss: 0.000021, pauc: 0.950168, paupr: 0.548550, paupr_m: 0.570654, dauc: 0.914053, daupr: 0.381021, daupr_m: 0.445432
Epoch: 679 loss: 0.000021, pauc: 0.949092, paupr: 0.550173, paupr_m: 0.544729, dauc: 0.913757, daupr: 0.378373, daupr_m: 0.443538
Epoch: 689 loss: 0.000021, pauc: 0.947077, paupr: 0.551455, paupr_m: 0.581498, dauc: 0.913937, daupr: 0.381420, daupr_m: 0.445378
Epoch: 699 loss: 0.000021, pauc: 0.937698, paupr: 0.552562, paupr_m: 0.583565, dauc: 0.913809, daupr: 0.382656, daupr_m: 0.445380
Epoch: 709 loss: 0.000021, pauc: 0.949421, paupr: 0.547386, paupr_m: 0.582258, dauc: 0.914132, daupr: 0.378334, daupr_m: 0.442713
Epoch: 719 loss: 0.000021, pauc: 0.949596, paupr: 0.542457, paupr_m: 0.544267, dauc: 0.913547, daupr: 0.383132, daupr_m: 0.447877
Epoch: 729 loss: 0.000021, pauc: 0.953184, paupr: 0.544816, paupr_m: 0.560567, dauc: 0.913339, daupr: 0.373928, daupr_m: 0.448804
Epoch: 739 loss: 0.000020, pauc: 0.954071, paupr: 0.530440, paupr_m: 0.561278, dauc: 0.914328, daupr: 0.384927, daupr_m: 0.445538
Epoch: 749 loss: 0.000021, pauc: 0.948233, paupr: 0.537832, paupr_m: 0.560735, dauc: 0.914101, daupr: 0.386458, daupr_m: 0.448296
Epoch: 759 loss: 0.000020, pauc: 0.956939, paupr: 0.536849, paupr_m: 0.555232, dauc: 0.914463, daupr: 0.382884, daupr_m: 0.448598
Epoch: 769 loss: 0.000021, pauc: 0.954892, paupr: 0.538241, paupr_m: 0.563612, dauc: 0.914409, daupr: 0.390734, daupr_m: 0.448352
Epoch: 779 loss: 0.000020, pauc: 0.962312, paupr: 0.544981, paupr_m: 0.570640, dauc: 0.914440, daupr: 0.388709, daupr_m: 0.451543
Epoch: 789 loss: 0.000020, pauc: 0.957217, paupr: 0.529246, paupr_m: 0.548671, dauc: 0.914303, daupr: 0.385127, daupr_m: 0.450961
Epoch: 799 loss: 0.000020, pauc: 0.942768, paupr: 0.554734, paupr_m: 0.553922, dauc: 0.913396, daupr: 0.376886, daupr_m: 0.449014
Epoch: 809 loss: 0.000020, pauc: 0.946220, paupr: 0.551013, paupr_m: 0.579230, dauc: 0.913801, daupr: 0.380507, daupr_m: 0.456362
Epoch: 819 loss: 0.000021, pauc: 0.944976, paupr: 0.538240, paupr_m: 0.553678, dauc: 0.914633, daupr: 0.392682, daupr_m: 0.451756
Epoch: 829 loss: 0.000020, pauc: 0.955923, paupr: 0.548121, paupr_m: 0.565903, dauc: 0.913844, daupr: 0.375423, daupr_m: 0.455532
Epoch: 839 loss: 0.000019, pauc: 0.949386, paupr: 0.539455, paupr_m: 0.551636, dauc: 0.914709, daupr: 0.389561, daupr_m: 0.452318
Epoch: 849 loss: 0.000020, pauc: 0.951295, paupr: 0.517579, paupr_m: 0.551553, dauc: 0.913263, daupr: 0.376596, daupr_m: 0.453432
Epoch: 859 loss: 0.000020, pauc: 0.948223, paupr: 0.545487, paupr_m: 0.562780, dauc: 0.915055, daupr: 0.395992, daupr_m: 0.452034
Epoch: 869 loss: 0.000020, pauc: 0.938177, paupr: 0.550011, paupr_m: 0.557847, dauc: 0.914905, daupr: 0.399999, daupr_m: 0.456027
Epoch: 879 loss: 0.000020, pauc: 0.948442, paupr: 0.543095, paupr_m: 0.531678, dauc: 0.914553, daupr: 0.393058, daupr_m: 0.451708
Epoch: 889 loss: 0.000020, pauc: 0.945873, paupr: 0.554678, paupr_m: 0.556539, dauc: 0.914404, daupr: 0.385065, daupr_m: 0.453588
Epoch: 899 loss: 0.000020, pauc: 0.939687, paupr: 0.550643, paupr_m: 0.556324, dauc: 0.914368, daupr: 0.387328, daupr_m: 0.453752
Epoch: 909 loss: 0.000020, pauc: 0.947273, paupr: 0.553935, paupr_m: 0.565776, dauc: 0.914323, daupr: 0.388086, daupr_m: 0.455190
Epoch: 919 loss: 0.000019, pauc: 0.958991, paupr: 0.553473, paupr_m: 0.570318, dauc: 0.914576, daupr: 0.389710, daupr_m: 0.454404
Epoch: 929 loss: 0.000020, pauc: 0.937789, paupr: 0.531189, paupr_m: 0.537734, dauc: 0.914266, daupr: 0.385317, daupr_m: 0.458572
Epoch: 939 loss: 0.000020, pauc: 0.950802, paupr: 0.538243, paupr_m: 0.554290, dauc: 0.914256, daupr: 0.380777, daupr_m: 0.455249
Epoch: 949 loss: 0.000020, pauc: 0.951328, paupr: 0.577071, paupr_m: 0.575341, dauc: 0.913584, daupr: 0.375889, daupr_m: 0.455966
Epoch: 959 loss: 0.000019, pauc: 0.951019, paupr: 0.539281, paupr_m: 0.575178, dauc: 0.914057, daupr: 0.378867, daupr_m: 0.454083
Epoch: 969 loss: 0.000020, pauc: 0.941403, paupr: 0.537912, paupr_m: 0.553829, dauc: 0.914399, daupr: 0.387023, daupr_m: 0.457527
Epoch: 979 loss: 0.000020, pauc: 0.943903, paupr: 0.540992, paupr_m: 0.574148, dauc: 0.914365, daupr: 0.390506, daupr_m: 0.456089
Epoch: 989 loss: 0.000020, pauc: 0.950156, paupr: 0.525342, paupr_m: 0.553258, dauc: 0.914265, daupr: 0.382530, daupr_m: 0.455888
Epoch: 999 loss: 0.000019, pauc: 0.961686, paupr: 0.568670, paupr_m: 0.565808, dauc: 0.914437, daupr: 0.392066, daupr_m: 0.456506
Epoch: 9 loss: 0.000575, pauc: 0.860808, paupr: 0.033833, paupr_m: 0.077378, dauc: 0.749041, daupr: 0.184341, daupr_m: 0.213843
Epoch: 19 loss: 0.000438, pauc: 0.853687, paupr: 0.026197, paupr_m: 0.085640, dauc: 0.808969, daupr: 0.274680, daupr_m: 0.333148
Epoch: 29 loss: 0.000346, pauc: 0.881828, paupr: 0.051672, paupr_m: 0.124189, dauc: 0.834083, daupr: 0.305751, daupr_m: 0.365212
Epoch: 39 loss: 0.000282, pauc: 0.869641, paupr: 0.052220, paupr_m: 0.143112, dauc: 0.846093, daupr: 0.312493, daupr_m: 0.379460
Epoch: 49 loss: 0.000227, pauc: 0.870060, paupr: 0.055975, paupr_m: 0.151181, dauc: 0.854937, daupr: 0.315565, daupr_m: 0.373787
Epoch: 59 loss: 0.000185, pauc: 0.885779, paupr: 0.071437, paupr_m: 0.180914, dauc: 0.860252, daupr: 0.309318, daupr_m: 0.359547
Epoch: 69 loss: 0.000154, pauc: 0.867601, paupr: 0.102432, paupr_m: 0.201443, dauc: 0.865437, daupr: 0.311743, daupr_m: 0.352160
Epoch: 79 loss: 0.000128, pauc: 0.869341, paupr: 0.152153, paupr_m: 0.249103, dauc: 0.867071, daupr: 0.303147, daupr_m: 0.353817
Epoch: 89 loss: 0.000110, pauc: 0.866392, paupr: 0.174528, paupr_m: 0.249427, dauc: 0.869875, daupr: 0.310086, daupr_m: 0.357955
Epoch: 99 loss: 0.000094, pauc: 0.864330, paupr: 0.170949, paupr_m: 0.259183, dauc: 0.871459, daupr: 0.307108, daupr_m: 0.365429
Epoch: 109 loss: 0.000082, pauc: 0.868728, paupr: 0.182415, paupr_m: 0.267281, dauc: 0.873038, daupr: 0.313906, daupr_m: 0.362929
Epoch: 119 loss: 0.000074, pauc: 0.873508, paupr: 0.212025, paupr_m: 0.293802, dauc: 0.874254, daupr: 0.314784, daupr_m: 0.364831
Epoch: 129 loss: 0.000067, pauc: 0.873462, paupr: 0.217443, paupr_m: 0.307527, dauc: 0.874751, daupr: 0.312142, daupr_m: 0.373545
Epoch: 139 loss: 0.000060, pauc: 0.869510, paupr: 0.239323, paupr_m: 0.341691, dauc: 0.875631, daupr: 0.314196, daupr_m: 0.367356
Epoch: 149 loss: 0.000054, pauc: 0.881372, paupr: 0.270902, paupr_m: 0.361290, dauc: 0.877263, daupr: 0.314842, daupr_m: 0.368404
Epoch: 159 loss: 0.000050, pauc: 0.863625, paupr: 0.242663, paupr_m: 0.364571, dauc: 0.876777, daupr: 0.314209, daupr_m: 0.368445
Epoch: 169 loss: 0.000047, pauc: 0.862670, paupr: 0.269582, paupr_m: 0.365479, dauc: 0.877817, daupr: 0.315065, daupr_m: 0.366666
Epoch: 179 loss: 0.000046, pauc: 0.889203, paupr: 0.305239, paupr_m: 0.371819, dauc: 0.877636, daupr: 0.315514, daupr_m: 0.374796
Epoch: 189 loss: 0.000043, pauc: 0.856863, paupr: 0.330720, paupr_m: 0.405833, dauc: 0.879190, daupr: 0.323750, daupr_m: 0.380066
Epoch: 199 loss: 0.000040, pauc: 0.865388, paupr: 0.274662, paupr_m: 0.372713, dauc: 0.878916, daupr: 0.318013, daupr_m: 0.370414
Epoch: 209 loss: 0.000039, pauc: 0.867291, paupr: 0.318655, paupr_m: 0.404056, dauc: 0.878737, daupr: 0.315332, daupr_m: 0.368822
Epoch: 219 loss: 0.000037, pauc: 0.852355, paupr: 0.322410, paupr_m: 0.381115, dauc: 0.878551, daupr: 0.310358, daupr_m: 0.372696
Epoch: 229 loss: 0.000036, pauc: 0.863184, paupr: 0.308716, paupr_m: 0.390180, dauc: 0.879169, daupr: 0.311873, daupr_m: 0.370699
Epoch: 239 loss: 0.000035, pauc: 0.845190, paupr: 0.333920, paupr_m: 0.419031, dauc: 0.879827, daupr: 0.318430, daupr_m: 0.373189
Epoch: 249 loss: 0.000034, pauc: 0.862247, paupr: 0.313954, paupr_m: 0.426956, dauc: 0.879830, daupr: 0.324018, daupr_m: 0.373942
Epoch: 259 loss: 0.000033, pauc: 0.867844, paupr: 0.315977, paupr_m: 0.403953, dauc: 0.880287, daupr: 0.321558, daupr_m: 0.374096
Epoch: 269 loss: 0.000032, pauc: 0.886343, paupr: 0.304672, paupr_m: 0.408739, dauc: 0.879747, daupr: 0.314847, daupr_m: 0.374840
Epoch: 279 loss: 0.000031, pauc: 0.861640, paupr: 0.316432, paupr_m: 0.435081, dauc: 0.879452, daupr: 0.313254, daupr_m: 0.377074
Epoch: 289 loss: 0.000030, pauc: 0.857111, paupr: 0.336308, paupr_m: 0.440272, dauc: 0.880634, daupr: 0.323128, daupr_m: 0.379846
Epoch: 299 loss: 0.000029, pauc: 0.864953, paupr: 0.338414, paupr_m: 0.447158, dauc: 0.881285, daupr: 0.326290, daupr_m: 0.377420
Epoch: 309 loss: 0.000029, pauc: 0.852931, paupr: 0.332046, paupr_m: 0.435497, dauc: 0.880449, daupr: 0.313495, daupr_m: 0.383593
Epoch: 319 loss: 0.000028, pauc: 0.856877, paupr: 0.332120, paupr_m: 0.437753, dauc: 0.881823, daupr: 0.324261, daupr_m: 0.380809
Epoch: 329 loss: 0.000028, pauc: 0.858689, paupr: 0.320425, paupr_m: 0.427163, dauc: 0.881475, daupr: 0.323591, daupr_m: 0.378815
Epoch: 339 loss: 0.000027, pauc: 0.864190, paupr: 0.356611, paupr_m: 0.452428, dauc: 0.881758, daupr: 0.321103, daupr_m: 0.382536
Epoch: 349 loss: 0.000027, pauc: 0.870871, paupr: 0.339497, paupr_m: 0.432667, dauc: 0.881767, daupr: 0.326257, daupr_m: 0.381662
Epoch: 359 loss: 0.000027, pauc: 0.853521, paupr: 0.355150, paupr_m: 0.445890, dauc: 0.881581, daupr: 0.325859, daupr_m: 0.381019
Epoch: 369 loss: 0.000026, pauc: 0.867412, paupr: 0.371028, paupr_m: 0.432474, dauc: 0.881775, daupr: 0.327214, daupr_m: 0.390282
Epoch: 379 loss: 0.000026, pauc: 0.872038, paupr: 0.353087, paupr_m: 0.428299, dauc: 0.882086, daupr: 0.324979, daupr_m: 0.381669
Epoch: 389 loss: 0.000026, pauc: 0.864983, paupr: 0.357799, paupr_m: 0.422774, dauc: 0.883213, daupr: 0.337078, daupr_m: 0.384457
Epoch: 399 loss: 0.000026, pauc: 0.870507, paupr: 0.356255, paupr_m: 0.440429, dauc: 0.882326, daupr: 0.332419, daupr_m: 0.383651
Epoch: 409 loss: 0.000025, pauc: 0.870329, paupr: 0.333755, paupr_m: 0.446177, dauc: 0.882315, daupr: 0.324727, daupr_m: 0.384575
Epoch: 419 loss: 0.000025, pauc: 0.849309, paupr: 0.345794, paupr_m: 0.435886, dauc: 0.882967, daupr: 0.331285, daupr_m: 0.388049
Epoch: 429 loss: 0.000025, pauc: 0.864173, paupr: 0.359845, paupr_m: 0.446430, dauc: 0.883484, daupr: 0.336111, daupr_m: 0.389437
Epoch: 439 loss: 0.000025, pauc: 0.850990, paupr: 0.350258, paupr_m: 0.454338, dauc: 0.882579, daupr: 0.325609, daupr_m: 0.387524
Epoch: 449 loss: 0.000024, pauc: 0.845190, paupr: 0.359852, paupr_m: 0.446091, dauc: 0.883573, daupr: 0.337696, daupr_m: 0.398861
Epoch: 459 loss: 0.000024, pauc: 0.857563, paupr: 0.361800, paupr_m: 0.440685, dauc: 0.883781, daupr: 0.334437, daupr_m: 0.390282
Epoch: 469 loss: 0.000024, pauc: 0.870049, paupr: 0.362977, paupr_m: 0.443503, dauc: 0.881713, daupr: 0.316779, daupr_m: 0.396208
Epoch: 479 loss: 0.000023, pauc: 0.837425, paupr: 0.353573, paupr_m: 0.441369, dauc: 0.883166, daupr: 0.331321, daupr_m: 0.396501
Epoch: 489 loss: 0.000023, pauc: 0.862611, paupr: 0.348026, paupr_m: 0.447918, dauc: 0.882343, daupr: 0.324848, daupr_m: 0.393247
Epoch: 499 loss: 0.000023, pauc: 0.860195, paupr: 0.346147, paupr_m: 0.425957, dauc: 0.882974, daupr: 0.325769, daupr_m: 0.389140
Epoch: 509 loss: 0.000024, pauc: 0.861848, paupr: 0.350147, paupr_m: 0.424695, dauc: 0.883815, daupr: 0.332923, daupr_m: 0.392535
Epoch: 519 loss: 0.000023, pauc: 0.860845, paupr: 0.347685, paupr_m: 0.449620, dauc: 0.882977, daupr: 0.324086, daupr_m: 0.403117
Epoch: 529 loss: 0.000023, pauc: 0.868091, paupr: 0.352493, paupr_m: 0.430567, dauc: 0.883789, daupr: 0.339905, daupr_m: 0.399356
Epoch: 539 loss: 0.000022, pauc: 0.869799, paupr: 0.361960, paupr_m: 0.442928, dauc: 0.882890, daupr: 0.329029, daupr_m: 0.393391
Epoch: 549 loss: 0.000023, pauc: 0.884208, paupr: 0.362857, paupr_m: 0.425736, dauc: 0.883621, daupr: 0.336805, daupr_m: 0.404011
Epoch: 559 loss: 0.000022, pauc: 0.868716, paupr: 0.345426, paupr_m: 0.433188, dauc: 0.883378, daupr: 0.326689, daupr_m: 0.391025
Epoch: 569 loss: 0.000022, pauc: 0.872031, paupr: 0.372365, paupr_m: 0.444944, dauc: 0.883348, daupr: 0.335196, daupr_m: 0.398030
Epoch: 579 loss: 0.000022, pauc: 0.844211, paupr: 0.347602, paupr_m: 0.444611, dauc: 0.884536, daupr: 0.340290, daupr_m: 0.402229
Epoch: 589 loss: 0.000022, pauc: 0.870681, paupr: 0.354787, paupr_m: 0.432111, dauc: 0.883389, daupr: 0.336081, daupr_m: 0.400796
Epoch: 599 loss: 0.000022, pauc: 0.868687, paupr: 0.354614, paupr_m: 0.442127, dauc: 0.883291, daupr: 0.329953, daupr_m: 0.397024
Epoch: 609 loss: 0.000022, pauc: 0.872078, paupr: 0.352520, paupr_m: 0.448884, dauc: 0.884265, daupr: 0.346854, daupr_m: 0.406819
Epoch: 619 loss: 0.000022, pauc: 0.871309, paupr: 0.356831, paupr_m: 0.460574, dauc: 0.884001, daupr: 0.337258, daupr_m: 0.398131
Epoch: 629 loss: 0.000022, pauc: 0.851282, paupr: 0.355598, paupr_m: 0.435040, dauc: 0.883790, daupr: 0.330248, daupr_m: 0.406589
Epoch: 639 loss: 0.000022, pauc: 0.860560, paupr: 0.339220, paupr_m: 0.441754, dauc: 0.883935, daupr: 0.334934, daupr_m: 0.402451
Epoch: 649 loss: 0.000021, pauc: 0.868757, paupr: 0.348929, paupr_m: 0.450105, dauc: 0.885421, daupr: 0.340839, daupr_m: 0.405240
Epoch: 659 loss: 0.000021, pauc: 0.865407, paupr: 0.347288, paupr_m: 0.436259, dauc: 0.883057, daupr: 0.326084, daupr_m: 0.407429
Epoch: 669 loss: 0.000021, pauc: 0.852270, paupr: 0.350293, paupr_m: 0.446995, dauc: 0.883887, daupr: 0.330825, daupr_m: 0.402659
Epoch: 679 loss: 0.000021, pauc: 0.857115, paupr: 0.353305, paupr_m: 0.443597, dauc: 0.884150, daupr: 0.338987, daupr_m: 0.402305
Epoch: 689 loss: 0.000021, pauc: 0.862822, paupr: 0.359119, paupr_m: 0.444021, dauc: 0.883393, daupr: 0.328023, daupr_m: 0.408495
Epoch: 699 loss: 0.000021, pauc: 0.855542, paupr: 0.353331, paupr_m: 0.438415, dauc: 0.884240, daupr: 0.339776, daupr_m: 0.412716
Epoch: 709 loss: 0.000021, pauc: 0.854032, paupr: 0.340294, paupr_m: 0.440059, dauc: 0.883577, daupr: 0.337530, daupr_m: 0.404679
Epoch: 719 loss: 0.000021, pauc: 0.834679, paupr: 0.351208, paupr_m: 0.428280, dauc: 0.884460, daupr: 0.334746, daupr_m: 0.405840
Epoch: 729 loss: 0.000020, pauc: 0.844195, paupr: 0.345334, paupr_m: 0.445573, dauc: 0.883866, daupr: 0.330617, daupr_m: 0.403634
Epoch: 739 loss: 0.000021, pauc: 0.857111, paupr: 0.360752, paupr_m: 0.457882, dauc: 0.884052, daupr: 0.329736, daupr_m: 0.408232
Epoch: 749 loss: 0.000021, pauc: 0.864693, paupr: 0.349454, paupr_m: 0.457784, dauc: 0.883904, daupr: 0.329644, daupr_m: 0.405383
Epoch: 759 loss: 0.000021, pauc: 0.860973, paupr: 0.360353, paupr_m: 0.428635, dauc: 0.885741, daupr: 0.357966, daupr_m: 0.408948
Epoch: 769 loss: 0.000020, pauc: 0.853330, paupr: 0.338046, paupr_m: 0.446260, dauc: 0.884517, daupr: 0.338795, daupr_m: 0.412044
Epoch: 779 loss: 0.000020, pauc: 0.845029, paupr: 0.357854, paupr_m: 0.438169, dauc: 0.884856, daupr: 0.352682, daupr_m: 0.406281
Epoch: 789 loss: 0.000021, pauc: 0.857695, paupr: 0.353052, paupr_m: 0.444154, dauc: 0.884914, daupr: 0.335255, daupr_m: 0.410896
Epoch: 799 loss: 0.000020, pauc: 0.865260, paupr: 0.348789, paupr_m: 0.440863, dauc: 0.884703, daupr: 0.344081, daupr_m: 0.409055
Epoch: 809 loss: 0.000020, pauc: 0.856191, paupr: 0.356855, paupr_m: 0.446460, dauc: 0.884437, daupr: 0.332233, daupr_m: 0.417806
Epoch: 819 loss: 0.000020, pauc: 0.847988, paupr: 0.344702, paupr_m: 0.438706, dauc: 0.884059, daupr: 0.328669, daupr_m: 0.411132
Epoch: 829 loss: 0.000020, pauc: 0.853275, paupr: 0.341785, paupr_m: 0.421198, dauc: 0.883808, daupr: 0.329470, daupr_m: 0.410669
Epoch: 839 loss: 0.000020, pauc: 0.844322, paupr: 0.350791, paupr_m: 0.445614, dauc: 0.883995, daupr: 0.332782, daupr_m: 0.411117
Epoch: 849 loss: 0.000020, pauc: 0.847507, paupr: 0.353209, paupr_m: 0.456334, dauc: 0.884698, daupr: 0.339757, daupr_m: 0.406898
Epoch: 859 loss: 0.000020, pauc: 0.845879, paupr: 0.357632, paupr_m: 0.445114, dauc: 0.884822, daupr: 0.334349, daupr_m: 0.415436
Epoch: 869 loss: 0.000020, pauc: 0.854656, paupr: 0.334570, paupr_m: 0.431514, dauc: 0.883691, daupr: 0.323533, daupr_m: 0.422928
Epoch: 879 loss: 0.000020, pauc: 0.866752, paupr: 0.346893, paupr_m: 0.462553, dauc: 0.884684, daupr: 0.337318, daupr_m: 0.414579
Epoch: 889 loss: 0.000019, pauc: 0.866925, paupr: 0.349001, paupr_m: 0.434644, dauc: 0.885031, daupr: 0.338154, daupr_m: 0.410904
Epoch: 899 loss: 0.000020, pauc: 0.865757, paupr: 0.357474, paupr_m: 0.450077, dauc: 0.884799, daupr: 0.337610, daupr_m: 0.418139
Epoch: 909 loss: 0.000020, pauc: 0.849869, paupr: 0.333083, paupr_m: 0.433912, dauc: 0.884208, daupr: 0.333008, daupr_m: 0.418467
Epoch: 919 loss: 0.000020, pauc: 0.871608, paupr: 0.345128, paupr_m: 0.466479, dauc: 0.884422, daupr: 0.332930, daupr_m: 0.411457
Epoch: 929 loss: 0.000020, pauc: 0.845467, paupr: 0.344948, paupr_m: 0.453565, dauc: 0.884132, daupr: 0.327287, daupr_m: 0.415353
Epoch: 939 loss: 0.000019, pauc: 0.875502, paupr: 0.342088, paupr_m: 0.432492, dauc: 0.884945, daupr: 0.347648, daupr_m: 0.416865
Epoch: 949 loss: 0.000020, pauc: 0.863801, paupr: 0.351534, paupr_m: 0.450379, dauc: 0.884485, daupr: 0.333923, daupr_m: 0.416546
Epoch: 959 loss: 0.000019, pauc: 0.860268, paupr: 0.336750, paupr_m: 0.453486, dauc: 0.883925, daupr: 0.324256, daupr_m: 0.417900
Epoch: 969 loss: 0.000020, pauc: 0.857619, paupr: 0.368773, paupr_m: 0.451762, dauc: 0.885068, daupr: 0.337502, daupr_m: 0.419062
Epoch: 979 loss: 0.000019, pauc: 0.866276, paupr: 0.337167, paupr_m: 0.442535, dauc: 0.884908, daupr: 0.343517, daupr_m: 0.414461
Epoch: 989 loss: 0.000019, pauc: 0.860078, paupr: 0.355011, paupr_m: 0.453429, dauc: 0.884404, daupr: 0.333739, daupr_m: 0.419202
Epoch: 999 loss: 0.000019, pauc: 0.861570, paupr: 0.349794, paupr_m: 0.442056, dauc: 0.885239, daupr: 0.343142, daupr_m: 0.412530
Epoch: 9 loss: 0.000582, pauc: 0.872336, paupr: 0.012096, paupr_m: 0.042998, dauc: 0.778630, daupr: 0.218012, daupr_m: 0.254927
Epoch: 19 loss: 0.000445, pauc: 0.862325, paupr: 0.021827, paupr_m: 0.084301, dauc: 0.840163, daupr: 0.310099, daupr_m: 0.361315
Epoch: 29 loss: 0.000360, pauc: 0.872734, paupr: 0.026118, paupr_m: 0.094278, dauc: 0.864835, daupr: 0.340751, daupr_m: 0.402003
Epoch: 39 loss: 0.000293, pauc: 0.858640, paupr: 0.025777, paupr_m: 0.111968, dauc: 0.877816, daupr: 0.347887, daupr_m: 0.400517
Epoch: 49 loss: 0.000237, pauc: 0.865906, paupr: 0.034627, paupr_m: 0.138832, dauc: 0.886067, daupr: 0.348490, daupr_m: 0.398650
Epoch: 59 loss: 0.000195, pauc: 0.857161, paupr: 0.039386, paupr_m: 0.144389, dauc: 0.891126, daupr: 0.341238, daupr_m: 0.385197
Epoch: 69 loss: 0.000162, pauc: 0.861777, paupr: 0.050576, paupr_m: 0.147333, dauc: 0.893296, daupr: 0.335131, daupr_m: 0.377440
Epoch: 79 loss: 0.000134, pauc: 0.858679, paupr: 0.057279, paupr_m: 0.162652, dauc: 0.895346, daupr: 0.331008, daupr_m: 0.375346
Epoch: 89 loss: 0.000115, pauc: 0.870751, paupr: 0.058129, paupr_m: 0.200531, dauc: 0.896627, daupr: 0.337343, daupr_m: 0.380205
Epoch: 99 loss: 0.000099, pauc: 0.879772, paupr: 0.072470, paupr_m: 0.212726, dauc: 0.897803, daupr: 0.329768, daupr_m: 0.384570
Epoch: 109 loss: 0.000086, pauc: 0.856516, paupr: 0.075094, paupr_m: 0.231205, dauc: 0.899545, daupr: 0.339476, daupr_m: 0.391521
Epoch: 119 loss: 0.000078, pauc: 0.876628, paupr: 0.076918, paupr_m: 0.215660, dauc: 0.899778, daupr: 0.337867, daupr_m: 0.383198
Epoch: 129 loss: 0.000069, pauc: 0.851876, paupr: 0.079306, paupr_m: 0.230486, dauc: 0.900422, daupr: 0.339612, daupr_m: 0.382257
Epoch: 139 loss: 0.000062, pauc: 0.857425, paupr: 0.080833, paupr_m: 0.238401, dauc: 0.899691, daupr: 0.334062, daupr_m: 0.390698
Epoch: 149 loss: 0.000057, pauc: 0.865757, paupr: 0.082774, paupr_m: 0.237907, dauc: 0.900661, daupr: 0.337655, daupr_m: 0.387220
Epoch: 159 loss: 0.000053, pauc: 0.870195, paupr: 0.089814, paupr_m: 0.284385, dauc: 0.902134, daupr: 0.343490, daupr_m: 0.407348
Epoch: 169 loss: 0.000049, pauc: 0.852189, paupr: 0.099455, paupr_m: 0.273076, dauc: 0.901166, daupr: 0.336565, daupr_m: 0.391874
Epoch: 179 loss: 0.000046, pauc: 0.852894, paupr: 0.095282, paupr_m: 0.301683, dauc: 0.901810, daupr: 0.340039, daupr_m: 0.392789
Epoch: 189 loss: 0.000043, pauc: 0.854178, paupr: 0.102368, paupr_m: 0.295177, dauc: 0.903207, daupr: 0.349450, daupr_m: 0.396153
Epoch: 199 loss: 0.000042, pauc: 0.850596, paupr: 0.107848, paupr_m: 0.335382, dauc: 0.901192, daupr: 0.334294, daupr_m: 0.390384
Epoch: 209 loss: 0.000039, pauc: 0.856238, paupr: 0.120343, paupr_m: 0.314506, dauc: 0.902351, daupr: 0.348336, daupr_m: 0.396224
Epoch: 219 loss: 0.000039, pauc: 0.869800, paupr: 0.112033, paupr_m: 0.322076, dauc: 0.901942, daupr: 0.343842, daupr_m: 0.397556
Epoch: 229 loss: 0.000037, pauc: 0.864809, paupr: 0.123391, paupr_m: 0.327139, dauc: 0.902698, daupr: 0.345769, daupr_m: 0.397375
Epoch: 239 loss: 0.000036, pauc: 0.869699, paupr: 0.121242, paupr_m: 0.336168, dauc: 0.903071, daupr: 0.347700, daupr_m: 0.396376
Epoch: 249 loss: 0.000034, pauc: 0.850535, paupr: 0.116719, paupr_m: 0.335151, dauc: 0.902161, daupr: 0.342793, daupr_m: 0.400145
Epoch: 259 loss: 0.000033, pauc: 0.840904, paupr: 0.127327, paupr_m: 0.327726, dauc: 0.903461, daupr: 0.347195, daupr_m: 0.398101
Epoch: 269 loss: 0.000033, pauc: 0.879378, paupr: 0.135603, paupr_m: 0.324691, dauc: 0.904219, daupr: 0.352749, daupr_m: 0.400194
Epoch: 279 loss: 0.000031, pauc: 0.861920, paupr: 0.119827, paupr_m: 0.324126, dauc: 0.904248, daupr: 0.352356, daupr_m: 0.404462
Epoch: 289 loss: 0.000031, pauc: 0.862334, paupr: 0.125447, paupr_m: 0.331430, dauc: 0.903264, daupr: 0.345065, daupr_m: 0.398704
Epoch: 299 loss: 0.000030, pauc: 0.855801, paupr: 0.127221, paupr_m: 0.349675, dauc: 0.902422, daupr: 0.337077, daupr_m: 0.401093
Epoch: 309 loss: 0.000029, pauc: 0.858709, paupr: 0.125863, paupr_m: 0.342790, dauc: 0.902865, daupr: 0.339275, daupr_m: 0.400565
Epoch: 319 loss: 0.000029, pauc: 0.871003, paupr: 0.119556, paupr_m: 0.329344, dauc: 0.903699, daupr: 0.345161, daupr_m: 0.422472
Epoch: 329 loss: 0.000028, pauc: 0.844047, paupr: 0.134816, paupr_m: 0.359456, dauc: 0.904124, daupr: 0.349370, daupr_m: 0.414446
Epoch: 339 loss: 0.000028, pauc: 0.863517, paupr: 0.143371, paupr_m: 0.340108, dauc: 0.903865, daupr: 0.347790, daupr_m: 0.409029
Epoch: 349 loss: 0.000028, pauc: 0.839301, paupr: 0.133530, paupr_m: 0.333530, dauc: 0.904393, daupr: 0.348043, daupr_m: 0.404261
Epoch: 359 loss: 0.000027, pauc: 0.871302, paupr: 0.136057, paupr_m: 0.354802, dauc: 0.904245, daupr: 0.348772, daupr_m: 0.407658
Epoch: 369 loss: 0.000027, pauc: 0.858387, paupr: 0.137122, paupr_m: 0.354910, dauc: 0.903217, daupr: 0.342568, daupr_m: 0.406261
Epoch: 379 loss: 0.000026, pauc: 0.859220, paupr: 0.142301, paupr_m: 0.356371, dauc: 0.904788, daupr: 0.355106, daupr_m: 0.408986
Epoch: 389 loss: 0.000026, pauc: 0.845755, paupr: 0.131873, paupr_m: 0.358844, dauc: 0.904137, daupr: 0.346726, daupr_m: 0.420556
Epoch: 399 loss: 0.000025, pauc: 0.846488, paupr: 0.149097, paupr_m: 0.372291, dauc: 0.904380, daupr: 0.346353, daupr_m: 0.414724
Epoch: 409 loss: 0.000026, pauc: 0.867629, paupr: 0.145867, paupr_m: 0.363030, dauc: 0.904207, daupr: 0.345387, daupr_m: 0.411368
Epoch: 419 loss: 0.000025, pauc: 0.873163, paupr: 0.136890, paupr_m: 0.361876, dauc: 0.904737, daupr: 0.353091, daupr_m: 0.409778
Epoch: 429 loss: 0.000026, pauc: 0.843341, paupr: 0.138788, paupr_m: 0.362249, dauc: 0.904437, daupr: 0.353952, daupr_m: 0.410565
Epoch: 439 loss: 0.000025, pauc: 0.893105, paupr: 0.138176, paupr_m: 0.373443, dauc: 0.903864, daupr: 0.340499, daupr_m: 0.407969
Epoch: 449 loss: 0.000025, pauc: 0.855935, paupr: 0.141648, paupr_m: 0.367102, dauc: 0.905159, daupr: 0.346497, daupr_m: 0.412241
Epoch: 459 loss: 0.000024, pauc: 0.882384, paupr: 0.139106, paupr_m: 0.359419, dauc: 0.904830, daupr: 0.348640, daupr_m: 0.415350
Epoch: 469 loss: 0.000024, pauc: 0.833838, paupr: 0.145224, paupr_m: 0.358213, dauc: 0.904719, daupr: 0.349331, daupr_m: 0.418184
Epoch: 479 loss: 0.000024, pauc: 0.857321, paupr: 0.140892, paupr_m: 0.362927, dauc: 0.905643, daupr: 0.352798, daupr_m: 0.412125
Epoch: 489 loss: 0.000024, pauc: 0.837915, paupr: 0.149839, paupr_m: 0.379652, dauc: 0.904501, daupr: 0.353000, daupr_m: 0.417160
Epoch: 499 loss: 0.000023, pauc: 0.870725, paupr: 0.146407, paupr_m: 0.374103, dauc: 0.905132, daupr: 0.353010, daupr_m: 0.423546
Epoch: 509 loss: 0.000024, pauc: 0.854059, paupr: 0.145364, paupr_m: 0.342339, dauc: 0.905328, daupr: 0.357745, daupr_m: 0.420207
Epoch: 519 loss: 0.000023, pauc: 0.856463, paupr: 0.149522, paupr_m: 0.362474, dauc: 0.905130, daupr: 0.358659, daupr_m: 0.418256
Epoch: 529 loss: 0.000023, pauc: 0.856291, paupr: 0.133374, paupr_m: 0.374350, dauc: 0.904862, daupr: 0.355223, daupr_m: 0.420683
Epoch: 539 loss: 0.000023, pauc: 0.853924, paupr: 0.144759, paupr_m: 0.364239, dauc: 0.904922, daupr: 0.350520, daupr_m: 0.433087
Epoch: 549 loss: 0.000023, pauc: 0.872209, paupr: 0.154116, paupr_m: 0.366718, dauc: 0.904737, daupr: 0.358500, daupr_m: 0.427950
Epoch: 559 loss: 0.000023, pauc: 0.865983, paupr: 0.144622, paupr_m: 0.362379, dauc: 0.905412, daupr: 0.361448, daupr_m: 0.421257
Epoch: 569 loss: 0.000022, pauc: 0.877038, paupr: 0.145003, paupr_m: 0.359333, dauc: 0.905950, daupr: 0.366979, daupr_m: 0.423947
Epoch: 579 loss: 0.000022, pauc: 0.856901, paupr: 0.154361, paupr_m: 0.367530, dauc: 0.904718, daupr: 0.354256, daupr_m: 0.419128
Epoch: 589 loss: 0.000022, pauc: 0.864938, paupr: 0.142747, paupr_m: 0.368632, dauc: 0.905991, daupr: 0.356570, daupr_m: 0.420817
Epoch: 599 loss: 0.000022, pauc: 0.851257, paupr: 0.158447, paupr_m: 0.378017, dauc: 0.905725, daupr: 0.362144, daupr_m: 0.436385
Epoch: 609 loss: 0.000022, pauc: 0.870573, paupr: 0.157340, paupr_m: 0.364156, dauc: 0.904878, daupr: 0.350406, daupr_m: 0.424846
Epoch: 619 loss: 0.000022, pauc: 0.857287, paupr: 0.145536, paupr_m: 0.364082, dauc: 0.905654, daupr: 0.365987, daupr_m: 0.426264
Epoch: 629 loss: 0.000022, pauc: 0.854467, paupr: 0.150262, paupr_m: 0.371582, dauc: 0.904877, daupr: 0.358168, daupr_m: 0.424884
Epoch: 639 loss: 0.000022, pauc: 0.834568, paupr: 0.155659, paupr_m: 0.359254, dauc: 0.904926, daupr: 0.352014, daupr_m: 0.424109
Epoch: 649 loss: 0.000022, pauc: 0.847454, paupr: 0.154119, paupr_m: 0.359879, dauc: 0.904479, daupr: 0.348080, daupr_m: 0.429747
Epoch: 659 loss: 0.000022, pauc: 0.860819, paupr: 0.151836, paupr_m: 0.365461, dauc: 0.905058, daupr: 0.352627, daupr_m: 0.425210
Epoch: 669 loss: 0.000022, pauc: 0.856000, paupr: 0.152666, paupr_m: 0.354875, dauc: 0.905364, daupr: 0.358822, daupr_m: 0.425867
Epoch: 679 loss: 0.000022, pauc: 0.868019, paupr: 0.160146, paupr_m: 0.365227, dauc: 0.905215, daupr: 0.357473, daupr_m: 0.426813
Epoch: 689 loss: 0.000021, pauc: 0.848124, paupr: 0.160258, paupr_m: 0.368625, dauc: 0.905143, daupr: 0.353937, daupr_m: 0.434177
Epoch: 699 loss: 0.000021, pauc: 0.843367, paupr: 0.146116, paupr_m: 0.364799, dauc: 0.905607, daupr: 0.368831, daupr_m: 0.430064
Epoch: 709 loss: 0.000021, pauc: 0.858587, paupr: 0.165667, paupr_m: 0.392137, dauc: 0.905031, daupr: 0.351917, daupr_m: 0.444123
Epoch: 719 loss: 0.000021, pauc: 0.856142, paupr: 0.161425, paupr_m: 0.367910, dauc: 0.905344, daupr: 0.360092, daupr_m: 0.427444
Epoch: 729 loss: 0.000021, pauc: 0.850939, paupr: 0.153683, paupr_m: 0.369212, dauc: 0.905520, daupr: 0.357176, daupr_m: 0.422685
Epoch: 739 loss: 0.000021, pauc: 0.852399, paupr: 0.150894, paupr_m: 0.346459, dauc: 0.905770, daupr: 0.365555, daupr_m: 0.428413
Epoch: 749 loss: 0.000021, pauc: 0.863530, paupr: 0.163557, paupr_m: 0.366041, dauc: 0.904406, daupr: 0.346624, daupr_m: 0.432868
Epoch: 759 loss: 0.000021, pauc: 0.861292, paupr: 0.157804, paupr_m: 0.368382, dauc: 0.905951, daupr: 0.367248, daupr_m: 0.445317
Epoch: 769 loss: 0.000021, pauc: 0.863674, paupr: 0.157640, paupr_m: 0.371247, dauc: 0.905295, daupr: 0.361168, daupr_m: 0.431304
Epoch: 779 loss: 0.000021, pauc: 0.849267, paupr: 0.162799, paupr_m: 0.370483, dauc: 0.904657, daupr: 0.351081, daupr_m: 0.431108
Epoch: 789 loss: 0.000021, pauc: 0.837722, paupr: 0.146559, paupr_m: 0.376360, dauc: 0.904613, daupr: 0.349027, daupr_m: 0.442004
Epoch: 799 loss: 0.000020, pauc: 0.860985, paupr: 0.154456, paupr_m: 0.379483, dauc: 0.904777, daupr: 0.351911, daupr_m: 0.436703
Epoch: 809 loss: 0.000021, pauc: 0.857890, paupr: 0.164540, paupr_m: 0.359299, dauc: 0.905066, daupr: 0.355099, daupr_m: 0.432824
Epoch: 819 loss: 0.000021, pauc: 0.848212, paupr: 0.156876, paupr_m: 0.373789, dauc: 0.904528, daupr: 0.347285, daupr_m: 0.433161
Epoch: 829 loss: 0.000020, pauc: 0.857168, paupr: 0.159964, paupr_m: 0.380843, dauc: 0.904848, daupr: 0.353973, daupr_m: 0.433148
Epoch: 839 loss: 0.000021, pauc: 0.873416, paupr: 0.164829, paupr_m: 0.362901, dauc: 0.905533, daupr: 0.364151, daupr_m: 0.437459
Epoch: 849 loss: 0.000021, pauc: 0.841379, paupr: 0.151510, paupr_m: 0.367363, dauc: 0.905258, daupr: 0.359736, daupr_m: 0.436003
Epoch: 859 loss: 0.000020, pauc: 0.861121, paupr: 0.153012, paupr_m: 0.368618, dauc: 0.905675, daupr: 0.369972, daupr_m: 0.430982
Epoch: 869 loss: 0.000020, pauc: 0.864004, paupr: 0.158358, paupr_m: 0.356399, dauc: 0.905150, daupr: 0.355465, daupr_m: 0.441418
Epoch: 879 loss: 0.000020, pauc: 0.885537, paupr: 0.157897, paupr_m: 0.376978, dauc: 0.905537, daupr: 0.368528, daupr_m: 0.446641
Epoch: 889 loss: 0.000020, pauc: 0.858011, paupr: 0.171485, paupr_m: 0.360557, dauc: 0.906049, daupr: 0.371346, daupr_m: 0.438814
Epoch: 899 loss: 0.000020, pauc: 0.854643, paupr: 0.156272, paupr_m: 0.362254, dauc: 0.905368, daupr: 0.360782, daupr_m: 0.443392
Epoch: 909 loss: 0.000021, pauc: 0.860244, paupr: 0.161163, paupr_m: 0.364043, dauc: 0.905647, daupr: 0.371601, daupr_m: 0.433956
Epoch: 919 loss: 0.000020, pauc: 0.865110, paupr: 0.157362, paupr_m: 0.369503, dauc: 0.904778, daupr: 0.355241, daupr_m: 0.439462
Epoch: 929 loss: 0.000020, pauc: 0.872166, paupr: 0.156942, paupr_m: 0.378062, dauc: 0.904930, daupr: 0.350181, daupr_m: 0.444584
Epoch: 939 loss: 0.000021, pauc: 0.841568, paupr: 0.163727, paupr_m: 0.380933, dauc: 0.905715, daupr: 0.364769, daupr_m: 0.438520
Epoch: 949 loss: 0.000021, pauc: 0.842780, paupr: 0.154121, paupr_m: 0.374118, dauc: 0.905329, daupr: 0.362181, daupr_m: 0.437829
Epoch: 959 loss: 0.000021, pauc: 0.852355, paupr: 0.161942, paupr_m: 0.372705, dauc: 0.905061, daupr: 0.357017, daupr_m: 0.455751
Epoch: 969 loss: 0.000020, pauc: 0.859152, paupr: 0.159566, paupr_m: 0.368461, dauc: 0.905299, daupr: 0.361722, daupr_m: 0.446875
Epoch: 979 loss: 0.000020, pauc: 0.868886, paupr: 0.162383, paupr_m: 0.365643, dauc: 0.905504, daupr: 0.357840, daupr_m: 0.436876
Epoch: 989 loss: 0.000020, pauc: 0.861710, paupr: 0.146012, paupr_m: 0.360940, dauc: 0.905246, daupr: 0.360532, daupr_m: 0.438068
Epoch: 999 loss: 0.000020, pauc: 0.874916, paupr: 0.157248, paupr_m: 0.382975, dauc: 0.905698, daupr: 0.377502, daupr_m: 0.444868
Epoch: 9 loss: 0.000551, pauc: 0.853312, paupr: 0.035316, paupr_m: 0.094738, dauc: 0.762616, daupr: 0.201496, daupr_m: 0.222854
Epoch: 19 loss: 0.000420, pauc: 0.862690, paupr: 0.037473, paupr_m: 0.108269, dauc: 0.833028, daupr: 0.307325, daupr_m: 0.346175
Epoch: 29 loss: 0.000339, pauc: 0.864519, paupr: 0.058482, paupr_m: 0.162155, dauc: 0.860000, daupr: 0.341753, daupr_m: 0.383177
Epoch: 39 loss: 0.000271, pauc: 0.855026, paupr: 0.077000, paupr_m: 0.157530, dauc: 0.876403, daupr: 0.352931, daupr_m: 0.397703
Epoch: 49 loss: 0.000219, pauc: 0.866054, paupr: 0.104674, paupr_m: 0.212466, dauc: 0.886690, daupr: 0.356361, daupr_m: 0.399641
Epoch: 59 loss: 0.000180, pauc: 0.870047, paupr: 0.115183, paupr_m: 0.226811, dauc: 0.892730, daupr: 0.349733, daupr_m: 0.387208
Epoch: 69 loss: 0.000147, pauc: 0.860158, paupr: 0.169721, paupr_m: 0.261736, dauc: 0.896370, daupr: 0.341187, daupr_m: 0.376852
Epoch: 79 loss: 0.000124, pauc: 0.866404, paupr: 0.196283, paupr_m: 0.278131, dauc: 0.899858, daupr: 0.345992, daupr_m: 0.375476
Epoch: 89 loss: 0.000104, pauc: 0.860580, paupr: 0.213397, paupr_m: 0.292211, dauc: 0.901339, daupr: 0.344957, daupr_m: 0.381266
Epoch: 99 loss: 0.000091, pauc: 0.851704, paupr: 0.232640, paupr_m: 0.307585, dauc: 0.903289, daupr: 0.350662, daupr_m: 0.389314
Epoch: 109 loss: 0.000079, pauc: 0.871762, paupr: 0.248631, paupr_m: 0.314485, dauc: 0.904730, daupr: 0.349898, daupr_m: 0.386520
Epoch: 119 loss: 0.000071, pauc: 0.838141, paupr: 0.237476, paupr_m: 0.336076, dauc: 0.905398, daupr: 0.357417, daupr_m: 0.391938
Epoch: 129 loss: 0.000063, pauc: 0.868317, paupr: 0.277840, paupr_m: 0.349020, dauc: 0.906943, daupr: 0.352761, daupr_m: 0.385880
Epoch: 139 loss: 0.000057, pauc: 0.854775, paupr: 0.257300, paupr_m: 0.337555, dauc: 0.906181, daupr: 0.346106, daupr_m: 0.387376
Epoch: 149 loss: 0.000052, pauc: 0.866899, paupr: 0.273453, paupr_m: 0.337346, dauc: 0.907659, daupr: 0.352758, daupr_m: 0.390767
Epoch: 159 loss: 0.000048, pauc: 0.851940, paupr: 0.289819, paupr_m: 0.370586, dauc: 0.907745, daupr: 0.351736, daupr_m: 0.396255
Epoch: 169 loss: 0.000046, pauc: 0.869489, paupr: 0.280637, paupr_m: 0.347202, dauc: 0.907957, daupr: 0.346593, daupr_m: 0.388874
Epoch: 179 loss: 0.000043, pauc: 0.853808, paupr: 0.297235, paupr_m: 0.376709, dauc: 0.909466, daupr: 0.358849, daupr_m: 0.391751
Epoch: 189 loss: 0.000040, pauc: 0.843882, paupr: 0.306491, paupr_m: 0.379867, dauc: 0.909830, daupr: 0.364770, daupr_m: 0.393258
Epoch: 199 loss: 0.000038, pauc: 0.865348, paupr: 0.298997, paupr_m: 0.387735, dauc: 0.909991, daupr: 0.358548, daupr_m: 0.394898
Epoch: 209 loss: 0.000037, pauc: 0.846709, paupr: 0.307172, paupr_m: 0.396044, dauc: 0.909751, daupr: 0.357766, daupr_m: 0.399869
Epoch: 219 loss: 0.000035, pauc: 0.868843, paupr: 0.305154, paupr_m: 0.376951, dauc: 0.909976, daupr: 0.357159, daupr_m: 0.394460
Epoch: 229 loss: 0.000034, pauc: 0.851809, paupr: 0.311821, paupr_m: 0.378789, dauc: 0.909746, daupr: 0.356963, daupr_m: 0.392347
Epoch: 239 loss: 0.000033, pauc: 0.854342, paupr: 0.317654, paupr_m: 0.381001, dauc: 0.909729, daupr: 0.353581, daupr_m: 0.397644
Epoch: 249 loss: 0.000032, pauc: 0.860003, paupr: 0.317962, paupr_m: 0.388130, dauc: 0.911607, daupr: 0.370500, daupr_m: 0.399850
Epoch: 259 loss: 0.000032, pauc: 0.854079, paupr: 0.317440, paupr_m: 0.402245, dauc: 0.910734, daupr: 0.357984, daupr_m: 0.397810
Epoch: 269 loss: 0.000030, pauc: 0.848055, paupr: 0.328878, paupr_m: 0.398850, dauc: 0.910380, daupr: 0.355319, daupr_m: 0.399540
Epoch: 279 loss: 0.000030, pauc: 0.859892, paupr: 0.327266, paupr_m: 0.388354, dauc: 0.911242, daupr: 0.366677, daupr_m: 0.400687
Epoch: 289 loss: 0.000029, pauc: 0.846086, paupr: 0.322334, paupr_m: 0.399124, dauc: 0.911382, daupr: 0.360342, daupr_m: 0.403386
Epoch: 299 loss: 0.000028, pauc: 0.857212, paupr: 0.315698, paupr_m: 0.393969, dauc: 0.910649, daupr: 0.358404, daupr_m: 0.401587
Epoch: 309 loss: 0.000028, pauc: 0.846529, paupr: 0.318780, paupr_m: 0.395257, dauc: 0.911507, daupr: 0.361198, daupr_m: 0.404322
Epoch: 319 loss: 0.000027, pauc: 0.846249, paupr: 0.314641, paupr_m: 0.405237, dauc: 0.910836, daupr: 0.360967, daupr_m: 0.406725
Epoch: 329 loss: 0.000027, pauc: 0.849930, paupr: 0.326436, paupr_m: 0.399862, dauc: 0.911928, daupr: 0.365459, daupr_m: 0.403787
Epoch: 339 loss: 0.000027, pauc: 0.847749, paupr: 0.337792, paupr_m: 0.424633, dauc: 0.911926, daupr: 0.367593, daupr_m: 0.405360
Epoch: 349 loss: 0.000026, pauc: 0.872631, paupr: 0.327725, paupr_m: 0.398357, dauc: 0.912037, daupr: 0.368752, daupr_m: 0.406607
Epoch: 359 loss: 0.000027, pauc: 0.870079, paupr: 0.326922, paupr_m: 0.405764, dauc: 0.911698, daupr: 0.365293, daupr_m: 0.405413
Epoch: 369 loss: 0.000025, pauc: 0.861009, paupr: 0.329131, paupr_m: 0.388967, dauc: 0.912230, daupr: 0.369259, daupr_m: 0.408371
Epoch: 379 loss: 0.000025, pauc: 0.845350, paupr: 0.338164, paupr_m: 0.411017, dauc: 0.911745, daupr: 0.365109, daupr_m: 0.406258
Epoch: 389 loss: 0.000025, pauc: 0.846825, paupr: 0.329781, paupr_m: 0.389473, dauc: 0.911514, daupr: 0.358422, daupr_m: 0.409457
Epoch: 399 loss: 0.000024, pauc: 0.843006, paupr: 0.327385, paupr_m: 0.402857, dauc: 0.912248, daupr: 0.366850, daupr_m: 0.409421
Epoch: 409 loss: 0.000025, pauc: 0.858182, paupr: 0.338460, paupr_m: 0.398869, dauc: 0.912125, daupr: 0.366220, daupr_m: 0.410993
Epoch: 419 loss: 0.000024, pauc: 0.861113, paupr: 0.340038, paupr_m: 0.408634, dauc: 0.912209, daupr: 0.364360, daupr_m: 0.414010
Epoch: 429 loss: 0.000024, pauc: 0.852352, paupr: 0.347075, paupr_m: 0.410976, dauc: 0.911524, daupr: 0.356134, daupr_m: 0.408486
Epoch: 439 loss: 0.000023, pauc: 0.867743, paupr: 0.339723, paupr_m: 0.402464, dauc: 0.912609, daupr: 0.372872, daupr_m: 0.415716
Epoch: 449 loss: 0.000023, pauc: 0.863941, paupr: 0.333875, paupr_m: 0.414279, dauc: 0.912691, daupr: 0.372165, daupr_m: 0.413587
Epoch: 459 loss: 0.000023, pauc: 0.854426, paupr: 0.339361, paupr_m: 0.410949, dauc: 0.913582, daupr: 0.381033, daupr_m: 0.416064
Epoch: 469 loss: 0.000023, pauc: 0.846643, paupr: 0.330950, paupr_m: 0.401084, dauc: 0.912695, daupr: 0.372054, daupr_m: 0.417489
Epoch: 479 loss: 0.000023, pauc: 0.860188, paupr: 0.323498, paupr_m: 0.408706, dauc: 0.912856, daupr: 0.369234, daupr_m: 0.410734
Epoch: 489 loss: 0.000022, pauc: 0.854658, paupr: 0.346383, paupr_m: 0.408845, dauc: 0.913160, daupr: 0.372548, daupr_m: 0.416598
Epoch: 499 loss: 0.000022, pauc: 0.860649, paupr: 0.334955, paupr_m: 0.403866, dauc: 0.913046, daupr: 0.365827, daupr_m: 0.415269
Epoch: 509 loss: 0.000022, pauc: 0.839703, paupr: 0.334045, paupr_m: 0.408372, dauc: 0.912727, daupr: 0.371289, daupr_m: 0.417714
Epoch: 519 loss: 0.000022, pauc: 0.845404, paupr: 0.330239, paupr_m: 0.402133, dauc: 0.912916, daupr: 0.368341, daupr_m: 0.419574
Epoch: 529 loss: 0.000022, pauc: 0.849834, paupr: 0.337649, paupr_m: 0.410082, dauc: 0.912380, daupr: 0.358664, daupr_m: 0.415455
Epoch: 539 loss: 0.000022, pauc: 0.861909, paupr: 0.342348, paupr_m: 0.411170, dauc: 0.913148, daupr: 0.373083, daupr_m: 0.422092
Epoch: 549 loss: 0.000022, pauc: 0.856997, paupr: 0.335397, paupr_m: 0.406165, dauc: 0.913530, daupr: 0.377829, daupr_m: 0.420620
Epoch: 559 loss: 0.000022, pauc: 0.857077, paupr: 0.346092, paupr_m: 0.407290, dauc: 0.913313, daupr: 0.367072, daupr_m: 0.418571
Epoch: 569 loss: 0.000021, pauc: 0.860768, paupr: 0.326233, paupr_m: 0.398374, dauc: 0.913548, daupr: 0.371224, daupr_m: 0.416902
Epoch: 579 loss: 0.000021, pauc: 0.852362, paupr: 0.342955, paupr_m: 0.415656, dauc: 0.913237, daupr: 0.378197, daupr_m: 0.422947
Epoch: 589 loss: 0.000021, pauc: 0.861791, paupr: 0.343129, paupr_m: 0.417406, dauc: 0.913321, daupr: 0.373105, daupr_m: 0.418146
Epoch: 599 loss: 0.000021, pauc: 0.850930, paupr: 0.330366, paupr_m: 0.402517, dauc: 0.913083, daupr: 0.367699, daupr_m: 0.424606
Epoch: 609 loss: 0.000022, pauc: 0.838467, paupr: 0.352202, paupr_m: 0.417341, dauc: 0.913887, daupr: 0.377701, daupr_m: 0.423018
Epoch: 619 loss: 0.000021, pauc: 0.860215, paupr: 0.334718, paupr_m: 0.394839, dauc: 0.913173, daupr: 0.370982, daupr_m: 0.420380
Epoch: 629 loss: 0.000021, pauc: 0.852007, paupr: 0.350903, paupr_m: 0.426185, dauc: 0.913196, daupr: 0.371711, daupr_m: 0.423987
Epoch: 639 loss: 0.000021, pauc: 0.859968, paupr: 0.338372, paupr_m: 0.408493, dauc: 0.913290, daupr: 0.376385, daupr_m: 0.425117
Epoch: 649 loss: 0.000020, pauc: 0.833827, paupr: 0.341190, paupr_m: 0.398196, dauc: 0.913546, daupr: 0.375949, daupr_m: 0.423045
Epoch: 659 loss: 0.000020, pauc: 0.849758, paupr: 0.343638, paupr_m: 0.401773, dauc: 0.913332, daupr: 0.371309, daupr_m: 0.428316
Epoch: 669 loss: 0.000021, pauc: 0.848193, paupr: 0.333542, paupr_m: 0.419582, dauc: 0.913337, daupr: 0.376957, daupr_m: 0.425762
Epoch: 679 loss: 0.000021, pauc: 0.847081, paupr: 0.346344, paupr_m: 0.427660, dauc: 0.913149, daupr: 0.369154, daupr_m: 0.424797
Epoch: 689 loss: 0.000020, pauc: 0.856508, paupr: 0.327678, paupr_m: 0.401851, dauc: 0.913420, daupr: 0.371555, daupr_m: 0.427701
Epoch: 699 loss: 0.000021, pauc: 0.856822, paupr: 0.340962, paupr_m: 0.412825, dauc: 0.913811, daupr: 0.374160, daupr_m: 0.426305
Epoch: 709 loss: 0.000020, pauc: 0.863401, paupr: 0.339797, paupr_m: 0.418225, dauc: 0.913362, daupr: 0.370974, daupr_m: 0.428118
Epoch: 719 loss: 0.000020, pauc: 0.858851, paupr: 0.332700, paupr_m: 0.421783, dauc: 0.913649, daupr: 0.373456, daupr_m: 0.428687
Epoch: 729 loss: 0.000020, pauc: 0.854988, paupr: 0.333301, paupr_m: 0.397100, dauc: 0.913294, daupr: 0.371118, daupr_m: 0.428854
Epoch: 739 loss: 0.000020, pauc: 0.845496, paupr: 0.339120, paupr_m: 0.408707, dauc: 0.913961, daupr: 0.383466, daupr_m: 0.433659
Epoch: 749 loss: 0.000020, pauc: 0.841640, paupr: 0.336300, paupr_m: 0.405461, dauc: 0.914017, daupr: 0.378439, daupr_m: 0.428492
Epoch: 759 loss: 0.000020, pauc: 0.867069, paupr: 0.341496, paupr_m: 0.410554, dauc: 0.913950, daupr: 0.380912, daupr_m: 0.430039
Epoch: 769 loss: 0.000020, pauc: 0.843299, paupr: 0.333914, paupr_m: 0.406933, dauc: 0.913528, daupr: 0.378573, daupr_m: 0.430953
Epoch: 779 loss: 0.000020, pauc: 0.862939, paupr: 0.341408, paupr_m: 0.404684, dauc: 0.912966, daupr: 0.360072, daupr_m: 0.431008
Epoch: 789 loss: 0.000020, pauc: 0.829101, paupr: 0.343337, paupr_m: 0.419114, dauc: 0.914019, daupr: 0.385399, daupr_m: 0.428248
Epoch: 799 loss: 0.000020, pauc: 0.848063, paupr: 0.331153, paupr_m: 0.398131, dauc: 0.914591, daupr: 0.391370, daupr_m: 0.431891
Epoch: 809 loss: 0.000020, pauc: 0.855573, paupr: 0.341717, paupr_m: 0.416785, dauc: 0.913565, daupr: 0.373635, daupr_m: 0.432470
Epoch: 819 loss: 0.000020, pauc: 0.852955, paupr: 0.345560, paupr_m: 0.414099, dauc: 0.914279, daupr: 0.385182, daupr_m: 0.431481
Epoch: 829 loss: 0.000019, pauc: 0.846629, paupr: 0.330068, paupr_m: 0.407380, dauc: 0.914138, daupr: 0.389112, daupr_m: 0.434332
Epoch: 839 loss: 0.000020, pauc: 0.854930, paupr: 0.348742, paupr_m: 0.429554, dauc: 0.913599, daupr: 0.376783, daupr_m: 0.433251
Epoch: 849 loss: 0.000019, pauc: 0.852066, paupr: 0.335902, paupr_m: 0.398526, dauc: 0.913635, daupr: 0.377113, daupr_m: 0.432411
Epoch: 859 loss: 0.000020, pauc: 0.846381, paupr: 0.328548, paupr_m: 0.414554, dauc: 0.914186, daupr: 0.374933, daupr_m: 0.433869
Epoch: 869 loss: 0.000020, pauc: 0.842501, paupr: 0.345546, paupr_m: 0.412413, dauc: 0.914321, daupr: 0.386503, daupr_m: 0.433682
Epoch: 879 loss: 0.000019, pauc: 0.852386, paupr: 0.331956, paupr_m: 0.402891, dauc: 0.914023, daupr: 0.382534, daupr_m: 0.435201
Epoch: 889 loss: 0.000019, pauc: 0.844879, paupr: 0.331590, paupr_m: 0.429084, dauc: 0.914097, daupr: 0.375532, daupr_m: 0.434602
Epoch: 899 loss: 0.000019, pauc: 0.860647, paupr: 0.340464, paupr_m: 0.407049, dauc: 0.914144, daupr: 0.388675, daupr_m: 0.433391
Epoch: 909 loss: 0.000019, pauc: 0.851561, paupr: 0.326346, paupr_m: 0.427316, dauc: 0.913245, daupr: 0.373711, daupr_m: 0.435300
Epoch: 919 loss: 0.000019, pauc: 0.864058, paupr: 0.328199, paupr_m: 0.419565, dauc: 0.914397, daupr: 0.382454, daupr_m: 0.434854
Epoch: 929 loss: 0.000019, pauc: 0.843966, paupr: 0.340793, paupr_m: 0.422383, dauc: 0.914201, daupr: 0.378090, daupr_m: 0.439054
Epoch: 939 loss: 0.000019, pauc: 0.855968, paupr: 0.340184, paupr_m: 0.409846, dauc: 0.913213, daupr: 0.369571, daupr_m: 0.435409
Epoch: 949 loss: 0.000019, pauc: 0.837663, paupr: 0.338140, paupr_m: 0.411638, dauc: 0.913653, daupr: 0.379460, daupr_m: 0.435193
Epoch: 959 loss: 0.000019, pauc: 0.845525, paupr: 0.324767, paupr_m: 0.397836, dauc: 0.913991, daupr: 0.379253, daupr_m: 0.435891
Epoch: 969 loss: 0.000019, pauc: 0.835885, paupr: 0.334567, paupr_m: 0.408971, dauc: 0.914292, daupr: 0.384199, daupr_m: 0.434318
Epoch: 979 loss: 0.000019, pauc: 0.823269, paupr: 0.330669, paupr_m: 0.398266, dauc: 0.913918, daupr: 0.377753, daupr_m: 0.435636
Epoch: 989 loss: 0.000019, pauc: 0.852815, paupr: 0.338888, paupr_m: 0.414686, dauc: 0.913432, daupr: 0.369169, daupr_m: 0.435844
Epoch: 999 loss: 0.000019, pauc: 0.844637, paupr: 0.335224, paupr_m: 0.414056, dauc: 0.913693, daupr: 0.373296, daupr_m: 0.434963
Epoch: 9 loss: 0.000583, pauc: 0.839928, paupr: 0.020978, paupr_m: 0.064835, dauc: 0.757598, daupr: 0.186213, daupr_m: 0.209924
Epoch: 19 loss: 0.000437, pauc: 0.846809, paupr: 0.027153, paupr_m: 0.114442, dauc: 0.829538, daupr: 0.292443, daupr_m: 0.334998
Epoch: 29 loss: 0.000352, pauc: 0.850843, paupr: 0.059492, paupr_m: 0.154061, dauc: 0.856609, daupr: 0.323002, daupr_m: 0.377210
Epoch: 39 loss: 0.000285, pauc: 0.857607, paupr: 0.075835, paupr_m: 0.146545, dauc: 0.870580, daupr: 0.335869, daupr_m: 0.390086
Epoch: 49 loss: 0.000230, pauc: 0.860774, paupr: 0.097866, paupr_m: 0.211824, dauc: 0.878512, daupr: 0.332816, daupr_m: 0.394476
Epoch: 59 loss: 0.000191, pauc: 0.852648, paupr: 0.130373, paupr_m: 0.242409, dauc: 0.885230, daupr: 0.332387, daupr_m: 0.375607
Epoch: 69 loss: 0.000156, pauc: 0.849625, paupr: 0.122995, paupr_m: 0.253532, dauc: 0.888085, daupr: 0.321398, daupr_m: 0.361393
Epoch: 79 loss: 0.000132, pauc: 0.855265, paupr: 0.225430, paupr_m: 0.312004, dauc: 0.890549, daupr: 0.323750, daupr_m: 0.368138
Epoch: 89 loss: 0.000113, pauc: 0.852163, paupr: 0.240244, paupr_m: 0.318690, dauc: 0.892627, daupr: 0.318693, daupr_m: 0.369044
Epoch: 99 loss: 0.000097, pauc: 0.844938, paupr: 0.264128, paupr_m: 0.330108, dauc: 0.894195, daupr: 0.329294, daupr_m: 0.376687
Epoch: 109 loss: 0.000084, pauc: 0.858077, paupr: 0.281843, paupr_m: 0.375037, dauc: 0.894941, daupr: 0.327647, daupr_m: 0.379982
Epoch: 119 loss: 0.000075, pauc: 0.856859, paupr: 0.306759, paupr_m: 0.378463, dauc: 0.896033, daupr: 0.327083, daupr_m: 0.375751
Epoch: 129 loss: 0.000067, pauc: 0.863342, paupr: 0.302678, paupr_m: 0.380275, dauc: 0.896655, daupr: 0.331563, daupr_m: 0.381264
Epoch: 139 loss: 0.000060, pauc: 0.855694, paupr: 0.309243, paupr_m: 0.385189, dauc: 0.897395, daupr: 0.329408, daupr_m: 0.384287
Epoch: 149 loss: 0.000055, pauc: 0.844707, paupr: 0.328507, paupr_m: 0.402845, dauc: 0.897829, daupr: 0.335131, daupr_m: 0.383190
Epoch: 159 loss: 0.000051, pauc: 0.854764, paupr: 0.312941, paupr_m: 0.406219, dauc: 0.897919, daupr: 0.333580, daupr_m: 0.385101
Epoch: 169 loss: 0.000049, pauc: 0.859400, paupr: 0.298736, paupr_m: 0.395660, dauc: 0.898136, daupr: 0.326209, daupr_m: 0.379233
Epoch: 179 loss: 0.000047, pauc: 0.870056, paupr: 0.340884, paupr_m: 0.415263, dauc: 0.898813, daupr: 0.332870, daupr_m: 0.382193
Epoch: 189 loss: 0.000042, pauc: 0.871305, paupr: 0.333098, paupr_m: 0.449377, dauc: 0.899364, daupr: 0.332644, daupr_m: 0.382379
Epoch: 199 loss: 0.000040, pauc: 0.840874, paupr: 0.343680, paupr_m: 0.439203, dauc: 0.899080, daupr: 0.331272, daupr_m: 0.379829
Epoch: 209 loss: 0.000039, pauc: 0.855515, paupr: 0.317560, paupr_m: 0.444828, dauc: 0.899878, daupr: 0.335096, daupr_m: 0.381785
Epoch: 219 loss: 0.000037, pauc: 0.866689, paupr: 0.330606, paupr_m: 0.446975, dauc: 0.900014, daupr: 0.336551, daupr_m: 0.390973
Epoch: 229 loss: 0.000036, pauc: 0.861392, paupr: 0.337406, paupr_m: 0.466251, dauc: 0.900082, daupr: 0.335253, daupr_m: 0.385761
Epoch: 239 loss: 0.000035, pauc: 0.866192, paupr: 0.326874, paupr_m: 0.465624, dauc: 0.899963, daupr: 0.333419, daupr_m: 0.387369
Epoch: 249 loss: 0.000034, pauc: 0.853967, paupr: 0.339246, paupr_m: 0.457229, dauc: 0.900906, daupr: 0.339024, daupr_m: 0.393063
Epoch: 259 loss: 0.000033, pauc: 0.857231, paupr: 0.345867, paupr_m: 0.471501, dauc: 0.901085, daupr: 0.338531, daupr_m: 0.388786
Epoch: 269 loss: 0.000032, pauc: 0.873217, paupr: 0.350103, paupr_m: 0.449629, dauc: 0.900576, daupr: 0.331644, daupr_m: 0.391452
Epoch: 279 loss: 0.000031, pauc: 0.859075, paupr: 0.338675, paupr_m: 0.451212, dauc: 0.900756, daupr: 0.334764, daupr_m: 0.386427
Epoch: 289 loss: 0.000031, pauc: 0.852922, paupr: 0.354781, paupr_m: 0.460744, dauc: 0.900303, daupr: 0.328318, daupr_m: 0.390926
Epoch: 299 loss: 0.000030, pauc: 0.857410, paupr: 0.342112, paupr_m: 0.476033, dauc: 0.901088, daupr: 0.334918, daupr_m: 0.391348
Epoch: 309 loss: 0.000029, pauc: 0.850860, paupr: 0.355475, paupr_m: 0.477876, dauc: 0.901068, daupr: 0.334128, daupr_m: 0.393495
Epoch: 319 loss: 0.000029, pauc: 0.857408, paupr: 0.361233, paupr_m: 0.470199, dauc: 0.901009, daupr: 0.339888, daupr_m: 0.389669
Epoch: 329 loss: 0.000028, pauc: 0.855930, paupr: 0.365643, paupr_m: 0.470418, dauc: 0.901382, daupr: 0.342353, daupr_m: 0.398297
Epoch: 339 loss: 0.000028, pauc: 0.846435, paupr: 0.362812, paupr_m: 0.479908, dauc: 0.901992, daupr: 0.344046, daupr_m: 0.396571
Epoch: 349 loss: 0.000027, pauc: 0.854629, paupr: 0.362817, paupr_m: 0.469929, dauc: 0.901256, daupr: 0.338146, daupr_m: 0.408931
Epoch: 359 loss: 0.000027, pauc: 0.857217, paupr: 0.357598, paupr_m: 0.481603, dauc: 0.902837, daupr: 0.350327, daupr_m: 0.397972
Epoch: 369 loss: 0.000026, pauc: 0.854825, paupr: 0.365388, paupr_m: 0.485779, dauc: 0.901578, daupr: 0.343596, daupr_m: 0.393352
Epoch: 379 loss: 0.000026, pauc: 0.863364, paupr: 0.359083, paupr_m: 0.463735, dauc: 0.902317, daupr: 0.346990, daupr_m: 0.394509
Epoch: 389 loss: 0.000026, pauc: 0.874950, paupr: 0.358052, paupr_m: 0.462134, dauc: 0.902250, daupr: 0.351532, daupr_m: 0.401401
Epoch: 399 loss: 0.000026, pauc: 0.853896, paupr: 0.363674, paupr_m: 0.491047, dauc: 0.902471, daupr: 0.339895, daupr_m: 0.406445
Epoch: 409 loss: 0.000025, pauc: 0.848114, paupr: 0.371506, paupr_m: 0.501487, dauc: 0.902618, daupr: 0.345203, daupr_m: 0.400075
Epoch: 419 loss: 0.000025, pauc: 0.862433, paupr: 0.364785, paupr_m: 0.495679, dauc: 0.902954, daupr: 0.355314, daupr_m: 0.402508
Epoch: 429 loss: 0.000025, pauc: 0.868469, paupr: 0.362737, paupr_m: 0.482847, dauc: 0.901836, daupr: 0.337957, daupr_m: 0.400885
Epoch: 439 loss: 0.000025, pauc: 0.861236, paupr: 0.374256, paupr_m: 0.496786, dauc: 0.902266, daupr: 0.348388, daupr_m: 0.399700
Epoch: 449 loss: 0.000024, pauc: 0.848207, paupr: 0.375911, paupr_m: 0.484003, dauc: 0.901847, daupr: 0.337441, daupr_m: 0.401160
Epoch: 459 loss: 0.000024, pauc: 0.857739, paupr: 0.380141, paupr_m: 0.499568, dauc: 0.902350, daupr: 0.343200, daupr_m: 0.398883
Epoch: 469 loss: 0.000024, pauc: 0.850278, paupr: 0.375730, paupr_m: 0.497090, dauc: 0.902315, daupr: 0.342683, daupr_m: 0.407880
Epoch: 479 loss: 0.000024, pauc: 0.843891, paupr: 0.377411, paupr_m: 0.494550, dauc: 0.903084, daupr: 0.344379, daupr_m: 0.405045
Epoch: 489 loss: 0.000024, pauc: 0.867271, paupr: 0.361389, paupr_m: 0.485471, dauc: 0.903455, daupr: 0.349844, daupr_m: 0.405124
Epoch: 499 loss: 0.000023, pauc: 0.857204, paupr: 0.358933, paupr_m: 0.493519, dauc: 0.902417, daupr: 0.340396, daupr_m: 0.416986
Epoch: 509 loss: 0.000023, pauc: 0.860497, paupr: 0.379481, paupr_m: 0.501507, dauc: 0.903689, daupr: 0.359008, daupr_m: 0.405236
Epoch: 519 loss: 0.000024, pauc: 0.857269, paupr: 0.373299, paupr_m: 0.485778, dauc: 0.902646, daupr: 0.338802, daupr_m: 0.417609
Epoch: 529 loss: 0.000023, pauc: 0.859734, paupr: 0.378743, paupr_m: 0.500586, dauc: 0.903010, daupr: 0.351048, daupr_m: 0.414786
Epoch: 539 loss: 0.000023, pauc: 0.867109, paupr: 0.356961, paupr_m: 0.491193, dauc: 0.903333, daupr: 0.354922, daupr_m: 0.409295
Epoch: 549 loss: 0.000022, pauc: 0.862409, paupr: 0.364892, paupr_m: 0.483650, dauc: 0.903160, daupr: 0.348489, daupr_m: 0.407863
Epoch: 559 loss: 0.000022, pauc: 0.868673, paupr: 0.370972, paupr_m: 0.492294, dauc: 0.903326, daupr: 0.350955, daupr_m: 0.408524
Epoch: 569 loss: 0.000022, pauc: 0.846084, paupr: 0.377080, paupr_m: 0.514787, dauc: 0.904052, daupr: 0.357863, daupr_m: 0.409540
Epoch: 579 loss: 0.000022, pauc: 0.865368, paupr: 0.372998, paupr_m: 0.492280, dauc: 0.903143, daupr: 0.350361, daupr_m: 0.415834
Epoch: 589 loss: 0.000022, pauc: 0.869179, paupr: 0.374131, paupr_m: 0.492572, dauc: 0.902998, daupr: 0.347971, daupr_m: 0.411569
Epoch: 599 loss: 0.000022, pauc: 0.844520, paupr: 0.384976, paupr_m: 0.498068, dauc: 0.903200, daupr: 0.344509, daupr_m: 0.416281
Epoch: 609 loss: 0.000022, pauc: 0.874571, paupr: 0.360682, paupr_m: 0.482368, dauc: 0.903784, daupr: 0.355707, daupr_m: 0.411943
Epoch: 619 loss: 0.000022, pauc: 0.847030, paupr: 0.362999, paupr_m: 0.513480, dauc: 0.903817, daupr: 0.351717, daupr_m: 0.415074
Epoch: 629 loss: 0.000022, pauc: 0.857049, paupr: 0.365817, paupr_m: 0.503929, dauc: 0.902701, daupr: 0.342314, daupr_m: 0.416558
Epoch: 639 loss: 0.000022, pauc: 0.867725, paupr: 0.359087, paupr_m: 0.513165, dauc: 0.903720, daupr: 0.352874, daupr_m: 0.415993
Epoch: 649 loss: 0.000022, pauc: 0.874841, paupr: 0.377699, paupr_m: 0.489675, dauc: 0.902908, daupr: 0.338035, daupr_m: 0.413676
Epoch: 659 loss: 0.000021, pauc: 0.844165, paupr: 0.374488, paupr_m: 0.493558, dauc: 0.903737, daupr: 0.356015, daupr_m: 0.412095
Epoch: 669 loss: 0.000021, pauc: 0.838002, paupr: 0.373030, paupr_m: 0.495484, dauc: 0.903786, daupr: 0.356404, daupr_m: 0.413638
Epoch: 679 loss: 0.000022, pauc: 0.839712, paupr: 0.376851, paupr_m: 0.491625, dauc: 0.903685, daupr: 0.352219, daupr_m: 0.426874
Epoch: 689 loss: 0.000021, pauc: 0.845415, paupr: 0.366055, paupr_m: 0.499844, dauc: 0.902629, daupr: 0.334665, daupr_m: 0.414206
Epoch: 699 loss: 0.000021, pauc: 0.849761, paupr: 0.369808, paupr_m: 0.483190, dauc: 0.903869, daupr: 0.357799, daupr_m: 0.425321
Epoch: 709 loss: 0.000021, pauc: 0.859482, paupr: 0.367071, paupr_m: 0.509898, dauc: 0.902441, daupr: 0.338665, daupr_m: 0.417073
Epoch: 719 loss: 0.000021, pauc: 0.849980, paupr: 0.372972, paupr_m: 0.485697, dauc: 0.904318, daupr: 0.358036, daupr_m: 0.418011
Epoch: 729 loss: 0.000020, pauc: 0.858743, paupr: 0.380458, paupr_m: 0.506263, dauc: 0.904494, daupr: 0.362384, daupr_m: 0.416980
Epoch: 739 loss: 0.000020, pauc: 0.836133, paupr: 0.367194, paupr_m: 0.513310, dauc: 0.903575, daupr: 0.347684, daupr_m: 0.417609
Epoch: 749 loss: 0.000021, pauc: 0.849876, paupr: 0.374025, paupr_m: 0.515288, dauc: 0.903852, daupr: 0.355501, daupr_m: 0.417947
Epoch: 759 loss: 0.000021, pauc: 0.869839, paupr: 0.363880, paupr_m: 0.481170, dauc: 0.903446, daupr: 0.350953, daupr_m: 0.419167
Epoch: 769 loss: 0.000020, pauc: 0.861040, paupr: 0.382022, paupr_m: 0.487511, dauc: 0.903716, daupr: 0.356981, daupr_m: 0.419264
Epoch: 779 loss: 0.000021, pauc: 0.858848, paupr: 0.369327, paupr_m: 0.504226, dauc: 0.903278, daupr: 0.349212, daupr_m: 0.420375
Epoch: 789 loss: 0.000020, pauc: 0.875487, paupr: 0.375393, paupr_m: 0.501764, dauc: 0.903459, daupr: 0.347260, daupr_m: 0.422473
Epoch: 799 loss: 0.000020, pauc: 0.852090, paupr: 0.368371, paupr_m: 0.493794, dauc: 0.903996, daupr: 0.357811, daupr_m: 0.420172
Epoch: 809 loss: 0.000020, pauc: 0.870944, paupr: 0.374429, paupr_m: 0.494035, dauc: 0.904180, daupr: 0.360771, daupr_m: 0.422119
Epoch: 819 loss: 0.000020, pauc: 0.870107, paupr: 0.371635, paupr_m: 0.514602, dauc: 0.903480, daupr: 0.353686, daupr_m: 0.418600
Epoch: 829 loss: 0.000020, pauc: 0.856867, paupr: 0.378078, paupr_m: 0.488305, dauc: 0.903238, daupr: 0.346727, daupr_m: 0.417659
Epoch: 839 loss: 0.000020, pauc: 0.851379, paupr: 0.370758, paupr_m: 0.493040, dauc: 0.903925, daupr: 0.349653, daupr_m: 0.420906
Epoch: 849 loss: 0.000020, pauc: 0.861342, paupr: 0.396142, paupr_m: 0.499636, dauc: 0.903926, daupr: 0.352024, daupr_m: 0.421218
Epoch: 859 loss: 0.000020, pauc: 0.868161, paupr: 0.369304, paupr_m: 0.492338, dauc: 0.903330, daupr: 0.346747, daupr_m: 0.422660
Epoch: 869 loss: 0.000020, pauc: 0.861071, paupr: 0.367101, paupr_m: 0.514200, dauc: 0.904030, daupr: 0.353658, daupr_m: 0.423490
Epoch: 879 loss: 0.000020, pauc: 0.861228, paupr: 0.373616, paupr_m: 0.517613, dauc: 0.903774, daupr: 0.357961, daupr_m: 0.438340
Epoch: 889 loss: 0.000021, pauc: 0.848299, paupr: 0.377200, paupr_m: 0.518592, dauc: 0.903737, daupr: 0.351953, daupr_m: 0.426175
Epoch: 899 loss: 0.000020, pauc: 0.845251, paupr: 0.377976, paupr_m: 0.527494, dauc: 0.904415, daupr: 0.366783, daupr_m: 0.422748
Epoch: 909 loss: 0.000020, pauc: 0.862704, paupr: 0.378730, paupr_m: 0.497091, dauc: 0.903476, daupr: 0.346876, daupr_m: 0.425117
Epoch: 919 loss: 0.000020, pauc: 0.848131, paupr: 0.362740, paupr_m: 0.488120, dauc: 0.903914, daupr: 0.358449, daupr_m: 0.429402
Epoch: 929 loss: 0.000020, pauc: 0.847378, paupr: 0.376277, paupr_m: 0.515233, dauc: 0.904149, daupr: 0.353584, daupr_m: 0.424507
Epoch: 939 loss: 0.000019, pauc: 0.855942, paupr: 0.381026, paupr_m: 0.500860, dauc: 0.903632, daupr: 0.345564, daupr_m: 0.425402
Epoch: 949 loss: 0.000020, pauc: 0.843398, paupr: 0.361867, paupr_m: 0.500229, dauc: 0.904139, daupr: 0.360331, daupr_m: 0.429199
Epoch: 959 loss: 0.000020, pauc: 0.879125, paupr: 0.352237, paupr_m: 0.487038, dauc: 0.903893, daupr: 0.355130, daupr_m: 0.424718
Epoch: 969 loss: 0.000020, pauc: 0.856358, paupr: 0.373134, paupr_m: 0.497923, dauc: 0.904265, daupr: 0.354554, daupr_m: 0.428147
Epoch: 979 loss: 0.000020, pauc: 0.861672, paupr: 0.385628, paupr_m: 0.501057, dauc: 0.903185, daupr: 0.349072, daupr_m: 0.428310
Epoch: 989 loss: 0.000020, pauc: 0.850935, paupr: 0.388204, paupr_m: 0.511033, dauc: 0.904482, daupr: 0.350807, daupr_m: 0.440661
Epoch: 999 loss: 0.000020, pauc: 0.837969, paupr: 0.378936, paupr_m: 0.488377, dauc: 0.904282, daupr: 0.356889, daupr_m: 0.425430
Epoch: 9 loss: 0.000576, pauc: 0.891670, paupr: 0.031253, paupr_m: 0.073875, dauc: 0.756856, daupr: 0.201487, daupr_m: 0.230810
Epoch: 19 loss: 0.000439, pauc: 0.898321, paupr: 0.033419, paupr_m: 0.102157, dauc: 0.823009, daupr: 0.299889, daupr_m: 0.353513
Epoch: 29 loss: 0.000351, pauc: 0.904072, paupr: 0.054787, paupr_m: 0.124550, dauc: 0.848817, daupr: 0.333884, daupr_m: 0.396647
Epoch: 39 loss: 0.000284, pauc: 0.888436, paupr: 0.066991, paupr_m: 0.126155, dauc: 0.863725, daupr: 0.348758, daupr_m: 0.406228
Epoch: 49 loss: 0.000231, pauc: 0.897404, paupr: 0.095077, paupr_m: 0.188482, dauc: 0.870837, daupr: 0.339347, daupr_m: 0.402095
Epoch: 59 loss: 0.000188, pauc: 0.898473, paupr: 0.123271, paupr_m: 0.200428, dauc: 0.876487, daupr: 0.335715, daupr_m: 0.394672
Epoch: 69 loss: 0.000156, pauc: 0.895744, paupr: 0.145875, paupr_m: 0.201331, dauc: 0.880837, daupr: 0.334044, daupr_m: 0.383065
Epoch: 79 loss: 0.000132, pauc: 0.894934, paupr: 0.214591, paupr_m: 0.234917, dauc: 0.883029, daupr: 0.334102, daupr_m: 0.379616
Epoch: 89 loss: 0.000112, pauc: 0.893830, paupr: 0.181118, paupr_m: 0.255735, dauc: 0.884811, daupr: 0.335525, daupr_m: 0.398429
Epoch: 99 loss: 0.000097, pauc: 0.897989, paupr: 0.200879, paupr_m: 0.251388, dauc: 0.886227, daupr: 0.338412, daupr_m: 0.392235
Epoch: 109 loss: 0.000085, pauc: 0.904747, paupr: 0.226342, paupr_m: 0.267348, dauc: 0.887387, daupr: 0.338244, daupr_m: 0.398209
Epoch: 119 loss: 0.000075, pauc: 0.892944, paupr: 0.240897, paupr_m: 0.279911, dauc: 0.887892, daupr: 0.342556, daupr_m: 0.394778
Epoch: 129 loss: 0.000067, pauc: 0.903531, paupr: 0.263183, paupr_m: 0.308237, dauc: 0.888643, daupr: 0.333525, daupr_m: 0.392418
Epoch: 139 loss: 0.000060, pauc: 0.896964, paupr: 0.272532, paupr_m: 0.304921, dauc: 0.889453, daupr: 0.342103, daupr_m: 0.398760
Epoch: 149 loss: 0.000055, pauc: 0.905667, paupr: 0.259103, paupr_m: 0.309218, dauc: 0.890518, daupr: 0.341051, daupr_m: 0.400921
Epoch: 159 loss: 0.000051, pauc: 0.909648, paupr: 0.280434, paupr_m: 0.303198, dauc: 0.889878, daupr: 0.343527, daupr_m: 0.400667
Epoch: 169 loss: 0.000047, pauc: 0.915875, paupr: 0.272935, paupr_m: 0.343695, dauc: 0.890863, daupr: 0.339870, daupr_m: 0.396705
Epoch: 179 loss: 0.000045, pauc: 0.909440, paupr: 0.293494, paupr_m: 0.334111, dauc: 0.891165, daupr: 0.344078, daupr_m: 0.405642
Epoch: 189 loss: 0.000042, pauc: 0.906334, paupr: 0.285814, paupr_m: 0.338745, dauc: 0.891552, daupr: 0.343840, daupr_m: 0.398852
Epoch: 199 loss: 0.000040, pauc: 0.902763, paupr: 0.304597, paupr_m: 0.343288, dauc: 0.891599, daupr: 0.347487, daupr_m: 0.400488
Epoch: 209 loss: 0.000038, pauc: 0.903716, paupr: 0.291857, paupr_m: 0.363826, dauc: 0.892421, daupr: 0.351931, daupr_m: 0.406916
Epoch: 219 loss: 0.000036, pauc: 0.908181, paupr: 0.297846, paupr_m: 0.365233, dauc: 0.892144, daupr: 0.342285, daupr_m: 0.403521
Epoch: 229 loss: 0.000034, pauc: 0.914092, paupr: 0.320547, paupr_m: 0.353467, dauc: 0.893293, daupr: 0.349466, daupr_m: 0.403334
Epoch: 239 loss: 0.000034, pauc: 0.913757, paupr: 0.323403, paupr_m: 0.366489, dauc: 0.893755, daupr: 0.353250, daupr_m: 0.398948
Epoch: 249 loss: 0.000033, pauc: 0.916916, paupr: 0.317246, paupr_m: 0.388094, dauc: 0.893061, daupr: 0.349440, daupr_m: 0.405458
Epoch: 259 loss: 0.000032, pauc: 0.915497, paupr: 0.314246, paupr_m: 0.390117, dauc: 0.893962, daupr: 0.349232, daupr_m: 0.405434
Epoch: 269 loss: 0.000031, pauc: 0.904525, paupr: 0.323999, paupr_m: 0.379752, dauc: 0.893069, daupr: 0.347053, daupr_m: 0.407348
Epoch: 279 loss: 0.000030, pauc: 0.916316, paupr: 0.314581, paupr_m: 0.373956, dauc: 0.893650, daupr: 0.349382, daupr_m: 0.406302
Epoch: 289 loss: 0.000029, pauc: 0.904762, paupr: 0.333271, paupr_m: 0.388263, dauc: 0.893229, daupr: 0.347402, daupr_m: 0.411415
Epoch: 299 loss: 0.000029, pauc: 0.913965, paupr: 0.326716, paupr_m: 0.385244, dauc: 0.894283, daupr: 0.345713, daupr_m: 0.411000
Epoch: 309 loss: 0.000029, pauc: 0.905295, paupr: 0.330527, paupr_m: 0.385191, dauc: 0.893962, daupr: 0.350784, daupr_m: 0.407720
Epoch: 319 loss: 0.000028, pauc: 0.912717, paupr: 0.321216, paupr_m: 0.385774, dauc: 0.893888, daupr: 0.352149, daupr_m: 0.409778
Epoch: 329 loss: 0.000028, pauc: 0.907814, paupr: 0.344305, paupr_m: 0.399653, dauc: 0.894109, daupr: 0.354265, daupr_m: 0.409585
Epoch: 339 loss: 0.000027, pauc: 0.913035, paupr: 0.327966, paupr_m: 0.380093, dauc: 0.893996, daupr: 0.347883, daupr_m: 0.413186
Epoch: 349 loss: 0.000027, pauc: 0.904100, paupr: 0.343314, paupr_m: 0.397483, dauc: 0.894009, daupr: 0.349058, daupr_m: 0.415510
Epoch: 359 loss: 0.000027, pauc: 0.913678, paupr: 0.326480, paupr_m: 0.373414, dauc: 0.894350, daupr: 0.351158, daupr_m: 0.424174
Epoch: 369 loss: 0.000026, pauc: 0.919159, paupr: 0.337478, paupr_m: 0.391849, dauc: 0.894124, daupr: 0.344196, daupr_m: 0.414362
Epoch: 379 loss: 0.000026, pauc: 0.905702, paupr: 0.342954, paupr_m: 0.404382, dauc: 0.894779, daupr: 0.358944, daupr_m: 0.416368
Epoch: 389 loss: 0.000025, pauc: 0.901079, paupr: 0.349573, paupr_m: 0.405619, dauc: 0.894113, daupr: 0.347871, daupr_m: 0.429935
Epoch: 399 loss: 0.000025, pauc: 0.908358, paupr: 0.350011, paupr_m: 0.392302, dauc: 0.894612, daupr: 0.350802, daupr_m: 0.417234
Epoch: 409 loss: 0.000025, pauc: 0.909356, paupr: 0.346653, paupr_m: 0.407268, dauc: 0.895183, daupr: 0.350436, daupr_m: 0.419455
Epoch: 419 loss: 0.000024, pauc: 0.917806, paupr: 0.347087, paupr_m: 0.427483, dauc: 0.895036, daupr: 0.351848, daupr_m: 0.422076
Epoch: 429 loss: 0.000025, pauc: 0.903562, paupr: 0.343705, paupr_m: 0.399275, dauc: 0.896323, daupr: 0.365057, daupr_m: 0.421107
Epoch: 439 loss: 0.000024, pauc: 0.905165, paupr: 0.352132, paupr_m: 0.423741, dauc: 0.894452, daupr: 0.346880, daupr_m: 0.423850
Epoch: 449 loss: 0.000024, pauc: 0.901831, paupr: 0.349300, paupr_m: 0.396465, dauc: 0.895570, daupr: 0.358255, daupr_m: 0.423240
Epoch: 459 loss: 0.000024, pauc: 0.903367, paupr: 0.355253, paupr_m: 0.411690, dauc: 0.895189, daupr: 0.354512, daupr_m: 0.427771
Epoch: 469 loss: 0.000023, pauc: 0.915894, paupr: 0.363197, paupr_m: 0.413135, dauc: 0.895389, daupr: 0.351003, daupr_m: 0.424056
Epoch: 479 loss: 0.000023, pauc: 0.909701, paupr: 0.349821, paupr_m: 0.417783, dauc: 0.895984, daupr: 0.359648, daupr_m: 0.424104
Epoch: 489 loss: 0.000023, pauc: 0.914849, paupr: 0.350249, paupr_m: 0.424834, dauc: 0.895241, daupr: 0.356836, daupr_m: 0.422836
Epoch: 499 loss: 0.000022, pauc: 0.907358, paupr: 0.351424, paupr_m: 0.410204, dauc: 0.895367, daupr: 0.353898, daupr_m: 0.426931
Epoch: 509 loss: 0.000023, pauc: 0.904989, paupr: 0.346563, paupr_m: 0.398869, dauc: 0.896190, daupr: 0.361185, daupr_m: 0.426821
Epoch: 519 loss: 0.000022, pauc: 0.900556, paupr: 0.363131, paupr_m: 0.419626, dauc: 0.895303, daupr: 0.355390, daupr_m: 0.427900
Epoch: 529 loss: 0.000022, pauc: 0.910785, paupr: 0.371111, paupr_m: 0.426778, dauc: 0.896329, daupr: 0.358747, daupr_m: 0.428662
Epoch: 539 loss: 0.000022, pauc: 0.906478, paupr: 0.365105, paupr_m: 0.401328, dauc: 0.896476, daupr: 0.360995, daupr_m: 0.432523
Epoch: 549 loss: 0.000022, pauc: 0.911157, paupr: 0.365048, paupr_m: 0.430386, dauc: 0.895371, daupr: 0.353011, daupr_m: 0.428196
Epoch: 559 loss: 0.000022, pauc: 0.910186, paupr: 0.374892, paupr_m: 0.438191, dauc: 0.895588, daupr: 0.354075, daupr_m: 0.429170
Epoch: 569 loss: 0.000022, pauc: 0.906757, paupr: 0.360524, paupr_m: 0.404995, dauc: 0.896037, daupr: 0.363447, daupr_m: 0.430879
Epoch: 579 loss: 0.000022, pauc: 0.906510, paupr: 0.369852, paupr_m: 0.438984, dauc: 0.896340, daupr: 0.355770, daupr_m: 0.430793
Epoch: 589 loss: 0.000022, pauc: 0.912576, paupr: 0.363090, paupr_m: 0.424576, dauc: 0.895980, daupr: 0.355265, daupr_m: 0.432247
Epoch: 599 loss: 0.000022, pauc: 0.901975, paupr: 0.375043, paupr_m: 0.401619, dauc: 0.896663, daupr: 0.368805, daupr_m: 0.433218
Epoch: 609 loss: 0.000022, pauc: 0.912828, paupr: 0.359674, paupr_m: 0.417689, dauc: 0.896186, daupr: 0.362925, daupr_m: 0.434420
Epoch: 619 loss: 0.000021, pauc: 0.883437, paupr: 0.362708, paupr_m: 0.436320, dauc: 0.896272, daupr: 0.356071, daupr_m: 0.436683
Epoch: 629 loss: 0.000021, pauc: 0.920960, paupr: 0.365057, paupr_m: 0.425566, dauc: 0.896944, daupr: 0.366071, daupr_m: 0.432834
Epoch: 639 loss: 0.000021, pauc: 0.906876, paupr: 0.370893, paupr_m: 0.411734, dauc: 0.897288, daupr: 0.378103, daupr_m: 0.431669
Epoch: 649 loss: 0.000021, pauc: 0.907804, paupr: 0.382014, paupr_m: 0.442973, dauc: 0.897005, daupr: 0.364403, daupr_m: 0.429044
Epoch: 659 loss: 0.000021, pauc: 0.916421, paupr: 0.371416, paupr_m: 0.434952, dauc: 0.896353, daupr: 0.358531, daupr_m: 0.431333
Epoch: 669 loss: 0.000021, pauc: 0.917047, paupr: 0.376420, paupr_m: 0.423299, dauc: 0.896572, daupr: 0.361779, daupr_m: 0.435906
Epoch: 679 loss: 0.000021, pauc: 0.897930, paupr: 0.368767, paupr_m: 0.402307, dauc: 0.896430, daupr: 0.353553, daupr_m: 0.431519
Epoch: 689 loss: 0.000021, pauc: 0.910193, paupr: 0.369260, paupr_m: 0.420067, dauc: 0.896816, daupr: 0.358536, daupr_m: 0.433916
Epoch: 699 loss: 0.000020, pauc: 0.913835, paupr: 0.369524, paupr_m: 0.414875, dauc: 0.896744, daupr: 0.363025, daupr_m: 0.434947
Epoch: 709 loss: 0.000021, pauc: 0.907661, paupr: 0.364924, paupr_m: 0.425462, dauc: 0.896797, daupr: 0.367956, daupr_m: 0.437168
Epoch: 719 loss: 0.000020, pauc: 0.907578, paupr: 0.363723, paupr_m: 0.423072, dauc: 0.896623, daupr: 0.361738, daupr_m: 0.436970
Epoch: 729 loss: 0.000021, pauc: 0.905375, paupr: 0.373862, paupr_m: 0.393440, dauc: 0.896974, daupr: 0.361401, daupr_m: 0.437193
Epoch: 739 loss: 0.000021, pauc: 0.905211, paupr: 0.374298, paupr_m: 0.428510, dauc: 0.896274, daupr: 0.353962, daupr_m: 0.435985
Epoch: 749 loss: 0.000021, pauc: 0.910331, paupr: 0.370198, paupr_m: 0.433863, dauc: 0.896564, daupr: 0.365052, daupr_m: 0.446659
Epoch: 759 loss: 0.000020, pauc: 0.915179, paupr: 0.372282, paupr_m: 0.441872, dauc: 0.896664, daupr: 0.356400, daupr_m: 0.435183
Epoch: 769 loss: 0.000020, pauc: 0.920377, paupr: 0.366539, paupr_m: 0.420137, dauc: 0.897240, daupr: 0.363522, daupr_m: 0.437203
Epoch: 779 loss: 0.000020, pauc: 0.918525, paupr: 0.362739, paupr_m: 0.419850, dauc: 0.897378, daupr: 0.366520, daupr_m: 0.441736
Epoch: 789 loss: 0.000020, pauc: 0.903402, paupr: 0.371672, paupr_m: 0.435260, dauc: 0.896680, daupr: 0.359165, daupr_m: 0.438637
Epoch: 799 loss: 0.000020, pauc: 0.914099, paupr: 0.367193, paupr_m: 0.426604, dauc: 0.896997, daupr: 0.374156, daupr_m: 0.439821
Epoch: 809 loss: 0.000020, pauc: 0.894157, paupr: 0.374646, paupr_m: 0.442324, dauc: 0.897211, daupr: 0.365994, daupr_m: 0.441512
Epoch: 819 loss: 0.000020, pauc: 0.911548, paupr: 0.368698, paupr_m: 0.414814, dauc: 0.897333, daupr: 0.363818, daupr_m: 0.438509
Epoch: 829 loss: 0.000020, pauc: 0.908385, paupr: 0.371014, paupr_m: 0.425445, dauc: 0.897238, daupr: 0.370548, daupr_m: 0.439838
Epoch: 839 loss: 0.000020, pauc: 0.918608, paupr: 0.365997, paupr_m: 0.431714, dauc: 0.896723, daupr: 0.363539, daupr_m: 0.442579
Epoch: 849 loss: 0.000020, pauc: 0.912227, paupr: 0.370668, paupr_m: 0.438824, dauc: 0.897342, daupr: 0.362021, daupr_m: 0.441267
Epoch: 859 loss: 0.000019, pauc: 0.921718, paupr: 0.370172, paupr_m: 0.419509, dauc: 0.897009, daupr: 0.363518, daupr_m: 0.441741
Epoch: 869 loss: 0.000019, pauc: 0.922803, paupr: 0.373904, paupr_m: 0.429308, dauc: 0.897669, daupr: 0.376267, daupr_m: 0.443080
Epoch: 879 loss: 0.000020, pauc: 0.905082, paupr: 0.368638, paupr_m: 0.427312, dauc: 0.896996, daupr: 0.367339, daupr_m: 0.443170
Epoch: 889 loss: 0.000020, pauc: 0.908437, paupr: 0.372047, paupr_m: 0.425080, dauc: 0.896769, daupr: 0.361878, daupr_m: 0.445555
Epoch: 899 loss: 0.000020, pauc: 0.923151, paupr: 0.383474, paupr_m: 0.425300, dauc: 0.897177, daupr: 0.369921, daupr_m: 0.443190
Epoch: 909 loss: 0.000020, pauc: 0.918280, paupr: 0.372331, paupr_m: 0.431769, dauc: 0.897445, daupr: 0.367457, daupr_m: 0.443087
Epoch: 919 loss: 0.000019, pauc: 0.899789, paupr: 0.374555, paupr_m: 0.427556, dauc: 0.896634, daupr: 0.368382, daupr_m: 0.446082
Epoch: 929 loss: 0.000019, pauc: 0.908525, paupr: 0.376490, paupr_m: 0.423464, dauc: 0.896328, daupr: 0.357891, daupr_m: 0.444911
Epoch: 939 loss: 0.000019, pauc: 0.903929, paupr: 0.382493, paupr_m: 0.425707, dauc: 0.897248, daupr: 0.361649, daupr_m: 0.446975
Epoch: 949 loss: 0.000019, pauc: 0.922230, paupr: 0.380866, paupr_m: 0.428010, dauc: 0.897656, daupr: 0.367474, daupr_m: 0.445186
Epoch: 959 loss: 0.000019, pauc: 0.907068, paupr: 0.376067, paupr_m: 0.422562, dauc: 0.897214, daupr: 0.359734, daupr_m: 0.446172
Epoch: 969 loss: 0.000019, pauc: 0.922138, paupr: 0.372428, paupr_m: 0.435709, dauc: 0.897152, daupr: 0.359931, daupr_m: 0.443799
Epoch: 979 loss: 0.000019, pauc: 0.919787, paupr: 0.387428, paupr_m: 0.418922, dauc: 0.897210, daupr: 0.361273, daupr_m: 0.444047
Epoch: 989 loss: 0.000019, pauc: 0.917217, paupr: 0.379437, paupr_m: 0.447281, dauc: 0.896987, daupr: 0.366752, daupr_m: 0.446208
Epoch: 999 loss: 0.000019, pauc: 0.901876, paupr: 0.377127, paupr_m: 0.430166, dauc: 0.897445, daupr: 0.375681, daupr_m: 0.445398
Epoch: 9 loss: 0.000579, pauc: 0.871199, paupr: 0.038132, paupr_m: 0.112952, dauc: 0.765709, daupr: 0.206505, daupr_m: 0.230774
Epoch: 19 loss: 0.000439, pauc: 0.875307, paupr: 0.050413, paupr_m: 0.136554, dauc: 0.836250, daupr: 0.330312, daupr_m: 0.373794
Epoch: 29 loss: 0.000354, pauc: 0.891772, paupr: 0.070004, paupr_m: 0.147367, dauc: 0.863057, daupr: 0.362588, daupr_m: 0.416845
Epoch: 39 loss: 0.000285, pauc: 0.882204, paupr: 0.099676, paupr_m: 0.161178, dauc: 0.879343, daupr: 0.377885, daupr_m: 0.444133
Epoch: 49 loss: 0.000232, pauc: 0.877431, paupr: 0.116278, paupr_m: 0.183997, dauc: 0.888063, daupr: 0.384546, daupr_m: 0.432211
Epoch: 59 loss: 0.000189, pauc: 0.896152, paupr: 0.184484, paupr_m: 0.216476, dauc: 0.894505, daupr: 0.377176, daupr_m: 0.422560
Epoch: 69 loss: 0.000156, pauc: 0.897491, paupr: 0.202796, paupr_m: 0.278977, dauc: 0.898707, daupr: 0.371727, daupr_m: 0.412315
Epoch: 79 loss: 0.000131, pauc: 0.888552, paupr: 0.209599, paupr_m: 0.302395, dauc: 0.899480, daupr: 0.361855, daupr_m: 0.411997
Epoch: 89 loss: 0.000112, pauc: 0.885648, paupr: 0.228761, paupr_m: 0.330391, dauc: 0.902510, daupr: 0.375032, daupr_m: 0.416721
Epoch: 99 loss: 0.000096, pauc: 0.877070, paupr: 0.275493, paupr_m: 0.338014, dauc: 0.903142, daupr: 0.371744, daupr_m: 0.419471
Epoch: 109 loss: 0.000086, pauc: 0.897957, paupr: 0.304313, paupr_m: 0.370991, dauc: 0.904558, daupr: 0.374703, daupr_m: 0.417467
Epoch: 119 loss: 0.000075, pauc: 0.877031, paupr: 0.301981, paupr_m: 0.374208, dauc: 0.905538, daupr: 0.373415, daupr_m: 0.420098
Epoch: 129 loss: 0.000067, pauc: 0.886755, paupr: 0.325951, paupr_m: 0.424870, dauc: 0.905929, daupr: 0.375275, daupr_m: 0.422147
Epoch: 139 loss: 0.000060, pauc: 0.889568, paupr: 0.328472, paupr_m: 0.413420, dauc: 0.906802, daupr: 0.383507, daupr_m: 0.428483
Epoch: 149 loss: 0.000057, pauc: 0.900605, paupr: 0.346946, paupr_m: 0.432297, dauc: 0.907282, daupr: 0.380507, daupr_m: 0.424289
Epoch: 159 loss: 0.000052, pauc: 0.887503, paupr: 0.362136, paupr_m: 0.427216, dauc: 0.906773, daupr: 0.374456, daupr_m: 0.437586
Epoch: 169 loss: 0.000048, pauc: 0.888382, paupr: 0.364196, paupr_m: 0.448194, dauc: 0.907578, daupr: 0.381656, daupr_m: 0.425503
Epoch: 179 loss: 0.000045, pauc: 0.881441, paupr: 0.383007, paupr_m: 0.454216, dauc: 0.908353, daupr: 0.388367, daupr_m: 0.429109
Epoch: 189 loss: 0.000043, pauc: 0.886664, paupr: 0.371027, paupr_m: 0.453123, dauc: 0.908698, daupr: 0.379312, daupr_m: 0.428665
Epoch: 199 loss: 0.000040, pauc: 0.891750, paupr: 0.370932, paupr_m: 0.425590, dauc: 0.908831, daupr: 0.383822, daupr_m: 0.425659
Epoch: 209 loss: 0.000039, pauc: 0.889534, paupr: 0.395689, paupr_m: 0.451484, dauc: 0.908390, daupr: 0.380568, daupr_m: 0.432111
Epoch: 219 loss: 0.000036, pauc: 0.884686, paupr: 0.377086, paupr_m: 0.479213, dauc: 0.908376, daupr: 0.380843, daupr_m: 0.442746
Epoch: 229 loss: 0.000035, pauc: 0.885561, paupr: 0.411010, paupr_m: 0.488124, dauc: 0.909053, daupr: 0.383663, daupr_m: 0.431138
Epoch: 239 loss: 0.000035, pauc: 0.885072, paupr: 0.395683, paupr_m: 0.482968, dauc: 0.909939, daupr: 0.387389, daupr_m: 0.446675
Epoch: 249 loss: 0.000033, pauc: 0.903655, paupr: 0.412465, paupr_m: 0.515730, dauc: 0.909955, daupr: 0.391458, daupr_m: 0.431724
Epoch: 259 loss: 0.000032, pauc: 0.901382, paupr: 0.393476, paupr_m: 0.479948, dauc: 0.908613, daupr: 0.378379, daupr_m: 0.433374
Epoch: 269 loss: 0.000032, pauc: 0.892103, paupr: 0.422350, paupr_m: 0.498367, dauc: 0.909581, daupr: 0.384849, daupr_m: 0.439554
Epoch: 279 loss: 0.000031, pauc: 0.883791, paupr: 0.396878, paupr_m: 0.461565, dauc: 0.909692, daupr: 0.382196, daupr_m: 0.434699
Epoch: 289 loss: 0.000030, pauc: 0.881494, paupr: 0.439909, paupr_m: 0.504545, dauc: 0.909801, daupr: 0.385808, daupr_m: 0.435981
Epoch: 299 loss: 0.000030, pauc: 0.884541, paupr: 0.431337, paupr_m: 0.515542, dauc: 0.910047, daupr: 0.390065, daupr_m: 0.435584
Epoch: 309 loss: 0.000029, pauc: 0.892083, paupr: 0.415101, paupr_m: 0.467170, dauc: 0.909603, daupr: 0.384802, daupr_m: 0.436165
Epoch: 319 loss: 0.000029, pauc: 0.900643, paupr: 0.426611, paupr_m: 0.510404, dauc: 0.910018, daupr: 0.382789, daupr_m: 0.447301
Epoch: 329 loss: 0.000028, pauc: 0.897035, paupr: 0.410764, paupr_m: 0.513298, dauc: 0.910852, daupr: 0.390816, daupr_m: 0.438379
Epoch: 339 loss: 0.000027, pauc: 0.901959, paupr: 0.421533, paupr_m: 0.517421, dauc: 0.910766, daupr: 0.389817, daupr_m: 0.438288
Epoch: 349 loss: 0.000027, pauc: 0.887772, paupr: 0.428542, paupr_m: 0.512881, dauc: 0.910561, daupr: 0.381723, daupr_m: 0.453349
Epoch: 359 loss: 0.000026, pauc: 0.901573, paupr: 0.423298, paupr_m: 0.491622, dauc: 0.910962, daupr: 0.395890, daupr_m: 0.441234
Epoch: 369 loss: 0.000026, pauc: 0.894026, paupr: 0.408659, paupr_m: 0.518902, dauc: 0.909985, daupr: 0.387269, daupr_m: 0.439190
Epoch: 379 loss: 0.000025, pauc: 0.885387, paupr: 0.438669, paupr_m: 0.519400, dauc: 0.911100, daupr: 0.399032, daupr_m: 0.439951
Epoch: 389 loss: 0.000025, pauc: 0.898964, paupr: 0.431624, paupr_m: 0.547391, dauc: 0.910861, daupr: 0.394179, daupr_m: 0.445101
Epoch: 399 loss: 0.000025, pauc: 0.885920, paupr: 0.432894, paupr_m: 0.515578, dauc: 0.910867, daupr: 0.389010, daupr_m: 0.442345
Epoch: 409 loss: 0.000025, pauc: 0.904426, paupr: 0.441007, paupr_m: 0.529489, dauc: 0.910619, daupr: 0.389244, daupr_m: 0.449488
Epoch: 419 loss: 0.000024, pauc: 0.889584, paupr: 0.422701, paupr_m: 0.517906, dauc: 0.910862, daupr: 0.394782, daupr_m: 0.450838
Epoch: 429 loss: 0.000025, pauc: 0.909775, paupr: 0.441223, paupr_m: 0.522635, dauc: 0.910969, daupr: 0.398811, daupr_m: 0.450810
Epoch: 439 loss: 0.000024, pauc: 0.893468, paupr: 0.447674, paupr_m: 0.557365, dauc: 0.911004, daupr: 0.395302, daupr_m: 0.447880
Epoch: 449 loss: 0.000024, pauc: 0.896352, paupr: 0.437090, paupr_m: 0.518813, dauc: 0.911166, daupr: 0.387651, daupr_m: 0.445930
Epoch: 459 loss: 0.000024, pauc: 0.889029, paupr: 0.452594, paupr_m: 0.526881, dauc: 0.911097, daupr: 0.397037, daupr_m: 0.452414
Epoch: 469 loss: 0.000023, pauc: 0.900359, paupr: 0.439742, paupr_m: 0.530346, dauc: 0.910895, daupr: 0.392270, daupr_m: 0.449682
Epoch: 479 loss: 0.000024, pauc: 0.898972, paupr: 0.463485, paupr_m: 0.536440, dauc: 0.911967, daupr: 0.404973, daupr_m: 0.453067
Epoch: 489 loss: 0.000023, pauc: 0.903257, paupr: 0.441639, paupr_m: 0.503927, dauc: 0.911432, daupr: 0.396631, daupr_m: 0.446951
Epoch: 499 loss: 0.000023, pauc: 0.919428, paupr: 0.440370, paupr_m: 0.535252, dauc: 0.911075, daupr: 0.392618, daupr_m: 0.450475
Epoch: 509 loss: 0.000023, pauc: 0.890479, paupr: 0.448387, paupr_m: 0.515560, dauc: 0.912111, daupr: 0.404213, daupr_m: 0.449144
Epoch: 519 loss: 0.000023, pauc: 0.882990, paupr: 0.425837, paupr_m: 0.537748, dauc: 0.911758, daupr: 0.394879, daupr_m: 0.455755
Epoch: 529 loss: 0.000022, pauc: 0.910163, paupr: 0.446761, paupr_m: 0.529677, dauc: 0.911734, daupr: 0.398098, daupr_m: 0.452225
Epoch: 539 loss: 0.000023, pauc: 0.894727, paupr: 0.445953, paupr_m: 0.529431, dauc: 0.911392, daupr: 0.395695, daupr_m: 0.457523
Epoch: 549 loss: 0.000022, pauc: 0.903874, paupr: 0.437922, paupr_m: 0.530314, dauc: 0.911356, daupr: 0.391320, daupr_m: 0.453033
Epoch: 559 loss: 0.000022, pauc: 0.899997, paupr: 0.437826, paupr_m: 0.523099, dauc: 0.911476, daupr: 0.399122, daupr_m: 0.456142
Epoch: 569 loss: 0.000022, pauc: 0.895720, paupr: 0.447225, paupr_m: 0.532570, dauc: 0.911768, daupr: 0.399033, daupr_m: 0.454958
Epoch: 579 loss: 0.000022, pauc: 0.891679, paupr: 0.449316, paupr_m: 0.517121, dauc: 0.911796, daupr: 0.398003, daupr_m: 0.462475
Epoch: 589 loss: 0.000022, pauc: 0.886022, paupr: 0.445261, paupr_m: 0.547775, dauc: 0.911715, daupr: 0.395290, daupr_m: 0.456682
Epoch: 599 loss: 0.000022, pauc: 0.902112, paupr: 0.454189, paupr_m: 0.560124, dauc: 0.912110, daupr: 0.403689, daupr_m: 0.457548
Epoch: 609 loss: 0.000021, pauc: 0.900972, paupr: 0.445118, paupr_m: 0.537422, dauc: 0.911660, daupr: 0.396308, daupr_m: 0.456765
Epoch: 619 loss: 0.000021, pauc: 0.897778, paupr: 0.450730, paupr_m: 0.532536, dauc: 0.911904, daupr: 0.399619, daupr_m: 0.460544
Epoch: 629 loss: 0.000022, pauc: 0.884178, paupr: 0.467910, paupr_m: 0.570960, dauc: 0.911844, daupr: 0.399442, daupr_m: 0.457712
Epoch: 639 loss: 0.000022, pauc: 0.894784, paupr: 0.451611, paupr_m: 0.528324, dauc: 0.911013, daupr: 0.387578, daupr_m: 0.466205
Epoch: 649 loss: 0.000021, pauc: 0.887864, paupr: 0.464174, paupr_m: 0.536454, dauc: 0.912059, daupr: 0.395291, daupr_m: 0.458501
Epoch: 659 loss: 0.000021, pauc: 0.900307, paupr: 0.465044, paupr_m: 0.527841, dauc: 0.912949, daupr: 0.409779, daupr_m: 0.459259
Epoch: 669 loss: 0.000021, pauc: 0.890700, paupr: 0.459015, paupr_m: 0.538500, dauc: 0.911523, daupr: 0.400927, daupr_m: 0.464893
Epoch: 679 loss: 0.000021, pauc: 0.904603, paupr: 0.456347, paupr_m: 0.547235, dauc: 0.912339, daupr: 0.409904, daupr_m: 0.465352
Epoch: 689 loss: 0.000021, pauc: 0.886736, paupr: 0.447438, paupr_m: 0.527760, dauc: 0.911857, daupr: 0.401619, daupr_m: 0.464512
Epoch: 699 loss: 0.000021, pauc: 0.893425, paupr: 0.460642, paupr_m: 0.558249, dauc: 0.912168, daupr: 0.407811, daupr_m: 0.463626
Epoch: 709 loss: 0.000021, pauc: 0.895278, paupr: 0.469819, paupr_m: 0.546346, dauc: 0.912059, daupr: 0.401680, daupr_m: 0.463962
Epoch: 719 loss: 0.000020, pauc: 0.892635, paupr: 0.449754, paupr_m: 0.553090, dauc: 0.912970, daupr: 0.418453, daupr_m: 0.461544
Epoch: 729 loss: 0.000020, pauc: 0.901789, paupr: 0.456259, paupr_m: 0.545254, dauc: 0.911733, daupr: 0.392785, daupr_m: 0.465717
Epoch: 739 loss: 0.000021, pauc: 0.898145, paupr: 0.450045, paupr_m: 0.552925, dauc: 0.911588, daupr: 0.391565, daupr_m: 0.466342
Epoch: 749 loss: 0.000020, pauc: 0.911262, paupr: 0.471698, paupr_m: 0.553038, dauc: 0.911955, daupr: 0.404507, daupr_m: 0.465110
Epoch: 759 loss: 0.000021, pauc: 0.893712, paupr: 0.455820, paupr_m: 0.544689, dauc: 0.912186, daupr: 0.409353, daupr_m: 0.467777
Epoch: 769 loss: 0.000021, pauc: 0.891950, paupr: 0.457786, paupr_m: 0.562189, dauc: 0.911854, daupr: 0.404990, daupr_m: 0.465966
Epoch: 779 loss: 0.000021, pauc: 0.897939, paupr: 0.465200, paupr_m: 0.540468, dauc: 0.912653, daupr: 0.415411, daupr_m: 0.461314
Epoch: 789 loss: 0.000020, pauc: 0.889433, paupr: 0.459444, paupr_m: 0.538730, dauc: 0.912185, daupr: 0.409587, daupr_m: 0.471250
Epoch: 799 loss: 0.000020, pauc: 0.896837, paupr: 0.469299, paupr_m: 0.541689, dauc: 0.912379, daupr: 0.407940, daupr_m: 0.468315
Epoch: 809 loss: 0.000020, pauc: 0.893542, paupr: 0.468283, paupr_m: 0.553810, dauc: 0.912117, daupr: 0.403558, daupr_m: 0.467822
Epoch: 819 loss: 0.000020, pauc: 0.901143, paupr: 0.473688, paupr_m: 0.546734, dauc: 0.912552, daupr: 0.411932, daupr_m: 0.464806
Epoch: 829 loss: 0.000020, pauc: 0.896348, paupr: 0.460148, paupr_m: 0.526133, dauc: 0.912102, daupr: 0.402685, daupr_m: 0.466213
Epoch: 839 loss: 0.000020, pauc: 0.897544, paupr: 0.461972, paupr_m: 0.559007, dauc: 0.912002, daupr: 0.407753, daupr_m: 0.466163
Epoch: 849 loss: 0.000020, pauc: 0.890398, paupr: 0.457271, paupr_m: 0.527858, dauc: 0.912051, daupr: 0.400788, daupr_m: 0.472648
Epoch: 859 loss: 0.000020, pauc: 0.895412, paupr: 0.472097, paupr_m: 0.543068, dauc: 0.912464, daupr: 0.407131, daupr_m: 0.469200
Epoch: 869 loss: 0.000019, pauc: 0.904773, paupr: 0.466403, paupr_m: 0.551502, dauc: 0.912414, daupr: 0.404540, daupr_m: 0.468729
Epoch: 879 loss: 0.000020, pauc: 0.879830, paupr: 0.466487, paupr_m: 0.568804, dauc: 0.912598, daupr: 0.413235, daupr_m: 0.468694
Epoch: 889 loss: 0.000019, pauc: 0.892823, paupr: 0.472861, paupr_m: 0.558915, dauc: 0.912143, daupr: 0.407788, daupr_m: 0.470092
Epoch: 899 loss: 0.000020, pauc: 0.891903, paupr: 0.454522, paupr_m: 0.546575, dauc: 0.911512, daupr: 0.397551, daupr_m: 0.472819
Epoch: 909 loss: 0.000019, pauc: 0.906694, paupr: 0.459984, paupr_m: 0.544936, dauc: 0.912091, daupr: 0.408499, daupr_m: 0.467252
Epoch: 919 loss: 0.000019, pauc: 0.885308, paupr: 0.471908, paupr_m: 0.555417, dauc: 0.912138, daupr: 0.398551, daupr_m: 0.470910
Epoch: 929 loss: 0.000020, pauc: 0.894075, paupr: 0.452657, paupr_m: 0.535802, dauc: 0.913094, daupr: 0.417604, daupr_m: 0.473231
Epoch: 939 loss: 0.000019, pauc: 0.881778, paupr: 0.467493, paupr_m: 0.563263, dauc: 0.912407, daupr: 0.407059, daupr_m: 0.469754
Epoch: 949 loss: 0.000019, pauc: 0.904430, paupr: 0.465936, paupr_m: 0.549706, dauc: 0.911931, daupr: 0.400288, daupr_m: 0.469319
Epoch: 959 loss: 0.000020, pauc: 0.904186, paupr: 0.469583, paupr_m: 0.557056, dauc: 0.912512, daupr: 0.408335, daupr_m: 0.470921
Epoch: 969 loss: 0.000019, pauc: 0.904452, paupr: 0.469696, paupr_m: 0.558733, dauc: 0.912237, daupr: 0.401162, daupr_m: 0.470886
Epoch: 979 loss: 0.000020, pauc: 0.909743, paupr: 0.461769, paupr_m: 0.541958, dauc: 0.911929, daupr: 0.400200, daupr_m: 0.469751
Epoch: 989 loss: 0.000019, pauc: 0.892307, paupr: 0.460301, paupr_m: 0.531496, dauc: 0.912267, daupr: 0.410771, daupr_m: 0.469827
Epoch: 999 loss: 0.000020, pauc: 0.903693, paupr: 0.461551, paupr_m: 0.562445, dauc: 0.912864, daupr: 0.417272, daupr_m: 0.478013
Epoch: 9 loss: 0.000576, pauc: 0.876552, paupr: 0.027288, paupr_m: 0.078684, dauc: 0.758672, daupr: 0.214111, daupr_m: 0.247820
Epoch: 19 loss: 0.000439, pauc: 0.891351, paupr: 0.067850, paupr_m: 0.136194, dauc: 0.825762, daupr: 0.325933, daupr_m: 0.380272
Epoch: 29 loss: 0.000351, pauc: 0.887915, paupr: 0.079848, paupr_m: 0.189310, dauc: 0.851423, daupr: 0.355037, daupr_m: 0.417297
Epoch: 39 loss: 0.000284, pauc: 0.887401, paupr: 0.091703, paupr_m: 0.168653, dauc: 0.866841, daupr: 0.366580, daupr_m: 0.430319
Epoch: 49 loss: 0.000232, pauc: 0.898762, paupr: 0.142790, paupr_m: 0.233142, dauc: 0.876924, daupr: 0.363758, daupr_m: 0.424547
Epoch: 59 loss: 0.000190, pauc: 0.900231, paupr: 0.163547, paupr_m: 0.234682, dauc: 0.882831, daupr: 0.365029, daupr_m: 0.414635
Epoch: 69 loss: 0.000156, pauc: 0.895011, paupr: 0.212945, paupr_m: 0.304365, dauc: 0.885475, daupr: 0.353039, daupr_m: 0.400497
Epoch: 79 loss: 0.000131, pauc: 0.901457, paupr: 0.201275, paupr_m: 0.308740, dauc: 0.888941, daupr: 0.350322, daupr_m: 0.404049
Epoch: 89 loss: 0.000110, pauc: 0.894979, paupr: 0.220216, paupr_m: 0.327355, dauc: 0.890974, daupr: 0.352559, daupr_m: 0.410501
Epoch: 99 loss: 0.000097, pauc: 0.886318, paupr: 0.263934, paupr_m: 0.348665, dauc: 0.892950, daupr: 0.358972, daupr_m: 0.416714
Epoch: 109 loss: 0.000083, pauc: 0.902449, paupr: 0.251424, paupr_m: 0.334658, dauc: 0.894987, daupr: 0.361648, daupr_m: 0.413122
Epoch: 119 loss: 0.000074, pauc: 0.898982, paupr: 0.256113, paupr_m: 0.378203, dauc: 0.894361, daupr: 0.356241, daupr_m: 0.413448
Epoch: 129 loss: 0.000067, pauc: 0.900633, paupr: 0.272662, paupr_m: 0.382612, dauc: 0.896307, daupr: 0.359923, daupr_m: 0.423088
Epoch: 139 loss: 0.000060, pauc: 0.917127, paupr: 0.268063, paupr_m: 0.386746, dauc: 0.896450, daupr: 0.352611, daupr_m: 0.415653
Epoch: 149 loss: 0.000055, pauc: 0.905046, paupr: 0.269033, paupr_m: 0.418889, dauc: 0.897418, daupr: 0.367189, daupr_m: 0.417744
Epoch: 159 loss: 0.000051, pauc: 0.888253, paupr: 0.264828, paupr_m: 0.438026, dauc: 0.896598, daupr: 0.358445, daupr_m: 0.420882
Epoch: 169 loss: 0.000047, pauc: 0.900872, paupr: 0.269222, paupr_m: 0.414292, dauc: 0.898275, daupr: 0.367633, daupr_m: 0.418622
Epoch: 179 loss: 0.000045, pauc: 0.899059, paupr: 0.277726, paupr_m: 0.432189, dauc: 0.898377, daupr: 0.364194, daupr_m: 0.420420
Epoch: 189 loss: 0.000042, pauc: 0.897281, paupr: 0.270920, paupr_m: 0.449816, dauc: 0.899020, daupr: 0.363992, daupr_m: 0.421300
Epoch: 199 loss: 0.000041, pauc: 0.903111, paupr: 0.264823, paupr_m: 0.447544, dauc: 0.899328, daupr: 0.364027, daupr_m: 0.420656
Epoch: 209 loss: 0.000038, pauc: 0.904232, paupr: 0.258864, paupr_m: 0.481295, dauc: 0.899048, daupr: 0.364972, daupr_m: 0.424079
Epoch: 219 loss: 0.000037, pauc: 0.908192, paupr: 0.296703, paupr_m: 0.482358, dauc: 0.900552, daupr: 0.365810, daupr_m: 0.426739
Epoch: 229 loss: 0.000035, pauc: 0.913925, paupr: 0.301164, paupr_m: 0.460587, dauc: 0.899539, daupr: 0.369464, daupr_m: 0.430106
Epoch: 239 loss: 0.000037, pauc: 0.906147, paupr: 0.289841, paupr_m: 0.451067, dauc: 0.899604, daupr: 0.366109, daupr_m: 0.425272
Epoch: 249 loss: 0.000034, pauc: 0.907188, paupr: 0.286604, paupr_m: 0.454349, dauc: 0.900475, daupr: 0.365747, daupr_m: 0.427354
Epoch: 259 loss: 0.000033, pauc: 0.885356, paupr: 0.299504, paupr_m: 0.477060, dauc: 0.901449, daupr: 0.378760, daupr_m: 0.428808
Epoch: 269 loss: 0.000033, pauc: 0.914413, paupr: 0.308306, paupr_m: 0.483617, dauc: 0.900450, daupr: 0.372072, daupr_m: 0.430065
Epoch: 279 loss: 0.000031, pauc: 0.899349, paupr: 0.298131, paupr_m: 0.479038, dauc: 0.900919, daupr: 0.372289, daupr_m: 0.431315
Epoch: 289 loss: 0.000030, pauc: 0.901768, paupr: 0.304521, paupr_m: 0.486634, dauc: 0.900500, daupr: 0.364243, daupr_m: 0.431363
Epoch: 299 loss: 0.000029, pauc: 0.891937, paupr: 0.309897, paupr_m: 0.491243, dauc: 0.901402, daupr: 0.376020, daupr_m: 0.433679
Epoch: 309 loss: 0.000029, pauc: 0.903666, paupr: 0.304800, paupr_m: 0.496030, dauc: 0.901898, daupr: 0.370798, daupr_m: 0.436151
Epoch: 319 loss: 0.000028, pauc: 0.903094, paupr: 0.318339, paupr_m: 0.505513, dauc: 0.902095, daupr: 0.378638, daupr_m: 0.437825
Epoch: 329 loss: 0.000027, pauc: 0.905371, paupr: 0.324908, paupr_m: 0.488137, dauc: 0.902039, daupr: 0.375591, daupr_m: 0.433233
Epoch: 339 loss: 0.000027, pauc: 0.897284, paupr: 0.327134, paupr_m: 0.526099, dauc: 0.901316, daupr: 0.369492, daupr_m: 0.436542
Epoch: 349 loss: 0.000027, pauc: 0.890776, paupr: 0.311272, paupr_m: 0.501090, dauc: 0.902279, daupr: 0.376068, daupr_m: 0.437017
Epoch: 359 loss: 0.000027, pauc: 0.888571, paupr: 0.320480, paupr_m: 0.498117, dauc: 0.902006, daupr: 0.377653, daupr_m: 0.437616
Epoch: 369 loss: 0.000026, pauc: 0.896999, paupr: 0.328428, paupr_m: 0.505527, dauc: 0.901758, daupr: 0.364752, daupr_m: 0.438250
Epoch: 379 loss: 0.000026, pauc: 0.915190, paupr: 0.306217, paupr_m: 0.501722, dauc: 0.902467, daupr: 0.372426, daupr_m: 0.437933
Epoch: 389 loss: 0.000026, pauc: 0.890051, paupr: 0.318026, paupr_m: 0.509454, dauc: 0.901452, daupr: 0.370032, daupr_m: 0.444375
Epoch: 399 loss: 0.000025, pauc: 0.891803, paupr: 0.301476, paupr_m: 0.479650, dauc: 0.901889, daupr: 0.374736, daupr_m: 0.449072
Epoch: 409 loss: 0.000025, pauc: 0.900732, paupr: 0.338304, paupr_m: 0.519275, dauc: 0.902721, daupr: 0.378970, daupr_m: 0.444667
Epoch: 419 loss: 0.000025, pauc: 0.904577, paupr: 0.334711, paupr_m: 0.542920, dauc: 0.902101, daupr: 0.372147, daupr_m: 0.442727
Epoch: 429 loss: 0.000025, pauc: 0.889989, paupr: 0.339866, paupr_m: 0.501944, dauc: 0.902507, daupr: 0.375886, daupr_m: 0.448098
Epoch: 439 loss: 0.000024, pauc: 0.893618, paupr: 0.329073, paupr_m: 0.501284, dauc: 0.901969, daupr: 0.368431, daupr_m: 0.446268
Epoch: 449 loss: 0.000024, pauc: 0.903216, paupr: 0.353567, paupr_m: 0.519095, dauc: 0.902486, daupr: 0.372209, daupr_m: 0.445948
Epoch: 459 loss: 0.000024, pauc: 0.899773, paupr: 0.326484, paupr_m: 0.495924, dauc: 0.902428, daupr: 0.377243, daupr_m: 0.442854
Epoch: 469 loss: 0.000024, pauc: 0.887580, paupr: 0.320539, paupr_m: 0.537616, dauc: 0.902056, daupr: 0.371013, daupr_m: 0.445249
Epoch: 479 loss: 0.000024, pauc: 0.900616, paupr: 0.328910, paupr_m: 0.547007, dauc: 0.902924, daupr: 0.380068, daupr_m: 0.446235
Epoch: 489 loss: 0.000024, pauc: 0.904091, paupr: 0.321665, paupr_m: 0.530939, dauc: 0.902360, daupr: 0.366946, daupr_m: 0.454338
Epoch: 499 loss: 0.000023, pauc: 0.900665, paupr: 0.318585, paupr_m: 0.488343, dauc: 0.901906, daupr: 0.368028, daupr_m: 0.449901
Epoch: 509 loss: 0.000023, pauc: 0.900411, paupr: 0.333647, paupr_m: 0.517444, dauc: 0.902525, daupr: 0.381199, daupr_m: 0.447390
Epoch: 519 loss: 0.000023, pauc: 0.906520, paupr: 0.343940, paupr_m: 0.516759, dauc: 0.903090, daupr: 0.380285, daupr_m: 0.449366
Epoch: 529 loss: 0.000023, pauc: 0.906278, paupr: 0.328948, paupr_m: 0.509277, dauc: 0.903332, daupr: 0.381607, daupr_m: 0.452870
Epoch: 539 loss: 0.000023, pauc: 0.892736, paupr: 0.336687, paupr_m: 0.517653, dauc: 0.903296, daupr: 0.377560, daupr_m: 0.457758
Epoch: 549 loss: 0.000022, pauc: 0.907593, paupr: 0.328103, paupr_m: 0.517490, dauc: 0.903798, daupr: 0.382358, daupr_m: 0.450735
Epoch: 559 loss: 0.000022, pauc: 0.897256, paupr: 0.314302, paupr_m: 0.523900, dauc: 0.903686, daupr: 0.379507, daupr_m: 0.466147
Epoch: 569 loss: 0.000023, pauc: 0.896754, paupr: 0.328321, paupr_m: 0.512494, dauc: 0.902885, daupr: 0.383668, daupr_m: 0.450318
Epoch: 579 loss: 0.000022, pauc: 0.910285, paupr: 0.336929, paupr_m: 0.500945, dauc: 0.903258, daupr: 0.380422, daupr_m: 0.459260
Epoch: 589 loss: 0.000022, pauc: 0.903801, paupr: 0.337192, paupr_m: 0.478908, dauc: 0.903584, daupr: 0.386877, daupr_m: 0.456152
Epoch: 599 loss: 0.000022, pauc: 0.909511, paupr: 0.330776, paupr_m: 0.494048, dauc: 0.904016, daupr: 0.390644, daupr_m: 0.478368
Epoch: 609 loss: 0.000021, pauc: 0.885106, paupr: 0.330287, paupr_m: 0.537815, dauc: 0.903786, daupr: 0.384937, daupr_m: 0.455667
Epoch: 619 loss: 0.000022, pauc: 0.909102, paupr: 0.336143, paupr_m: 0.533805, dauc: 0.902734, daupr: 0.381074, daupr_m: 0.458391
Epoch: 629 loss: 0.000022, pauc: 0.905407, paupr: 0.329298, paupr_m: 0.521911, dauc: 0.903173, daupr: 0.378392, daupr_m: 0.476487
Epoch: 639 loss: 0.000021, pauc: 0.902891, paupr: 0.350871, paupr_m: 0.519618, dauc: 0.902843, daupr: 0.375586, daupr_m: 0.457301
Epoch: 649 loss: 0.000021, pauc: 0.892666, paupr: 0.328766, paupr_m: 0.505902, dauc: 0.903003, daupr: 0.378955, daupr_m: 0.459478
Epoch: 659 loss: 0.000021, pauc: 0.892610, paupr: 0.330053, paupr_m: 0.528025, dauc: 0.903468, daupr: 0.389505, daupr_m: 0.459849
Epoch: 669 loss: 0.000021, pauc: 0.910626, paupr: 0.343469, paupr_m: 0.495836, dauc: 0.903587, daupr: 0.390072, daupr_m: 0.470847
Epoch: 679 loss: 0.000021, pauc: 0.898798, paupr: 0.332504, paupr_m: 0.509720, dauc: 0.903644, daupr: 0.384836, daupr_m: 0.460307
Epoch: 689 loss: 0.000022, pauc: 0.900039, paupr: 0.336736, paupr_m: 0.534024, dauc: 0.903389, daupr: 0.375013, daupr_m: 0.462552
Epoch: 699 loss: 0.000021, pauc: 0.889664, paupr: 0.334157, paupr_m: 0.513280, dauc: 0.903175, daupr: 0.376821, daupr_m: 0.468017
Epoch: 709 loss: 0.000021, pauc: 0.894734, paupr: 0.324465, paupr_m: 0.521339, dauc: 0.903397, daupr: 0.382067, daupr_m: 0.464973
Epoch: 719 loss: 0.000021, pauc: 0.888241, paupr: 0.343584, paupr_m: 0.528089, dauc: 0.904007, daupr: 0.388279, daupr_m: 0.471486
Epoch: 729 loss: 0.000021, pauc: 0.897459, paupr: 0.328438, paupr_m: 0.508956, dauc: 0.903820, daupr: 0.388854, daupr_m: 0.464310
Epoch: 739 loss: 0.000020, pauc: 0.891442, paupr: 0.352982, paupr_m: 0.541670, dauc: 0.904827, daupr: 0.388193, daupr_m: 0.474054
Epoch: 749 loss: 0.000021, pauc: 0.888568, paupr: 0.327873, paupr_m: 0.530765, dauc: 0.903941, daupr: 0.385670, daupr_m: 0.476869
Epoch: 759 loss: 0.000020, pauc: 0.897893, paupr: 0.356659, paupr_m: 0.529126, dauc: 0.904475, daupr: 0.391919, daupr_m: 0.478561
Epoch: 769 loss: 0.000020, pauc: 0.905516, paupr: 0.348427, paupr_m: 0.511892, dauc: 0.903994, daupr: 0.386028, daupr_m: 0.464452
Epoch: 779 loss: 0.000020, pauc: 0.904050, paupr: 0.330749, paupr_m: 0.529607, dauc: 0.903933, daupr: 0.383691, daupr_m: 0.468718
Epoch: 789 loss: 0.000020, pauc: 0.908732, paupr: 0.330087, paupr_m: 0.537066, dauc: 0.903446, daupr: 0.374951, daupr_m: 0.470787
Epoch: 799 loss: 0.000020, pauc: 0.916197, paupr: 0.356375, paupr_m: 0.542216, dauc: 0.903972, daupr: 0.381483, daupr_m: 0.468321
Epoch: 809 loss: 0.000020, pauc: 0.899261, paupr: 0.339195, paupr_m: 0.534390, dauc: 0.903660, daupr: 0.379474, daupr_m: 0.467448
Epoch: 819 loss: 0.000020, pauc: 0.896008, paupr: 0.335434, paupr_m: 0.519967, dauc: 0.904193, daupr: 0.397260, daupr_m: 0.474197
Epoch: 829 loss: 0.000020, pauc: 0.900422, paupr: 0.344453, paupr_m: 0.536612, dauc: 0.903604, daupr: 0.384714, daupr_m: 0.468524
Epoch: 839 loss: 0.000020, pauc: 0.896035, paupr: 0.345495, paupr_m: 0.514239, dauc: 0.903744, daupr: 0.387121, daupr_m: 0.472062
Epoch: 849 loss: 0.000020, pauc: 0.907506, paupr: 0.334248, paupr_m: 0.525716, dauc: 0.903686, daupr: 0.396151, daupr_m: 0.467264
Epoch: 859 loss: 0.000020, pauc: 0.888746, paupr: 0.326190, paupr_m: 0.525425, dauc: 0.903792, daupr: 0.386459, daupr_m: 0.468351
Epoch: 869 loss: 0.000020, pauc: 0.893453, paupr: 0.345573, paupr_m: 0.518694, dauc: 0.903454, daupr: 0.374061, daupr_m: 0.481899
Epoch: 879 loss: 0.000020, pauc: 0.890024, paupr: 0.343322, paupr_m: 0.519470, dauc: 0.903672, daupr: 0.379673, daupr_m: 0.470840
Epoch: 889 loss: 0.000020, pauc: 0.896311, paupr: 0.344102, paupr_m: 0.537793, dauc: 0.903446, daupr: 0.375520, daupr_m: 0.474034
Epoch: 899 loss: 0.000019, pauc: 0.896680, paupr: 0.334999, paupr_m: 0.526853, dauc: 0.904258, daupr: 0.392676, daupr_m: 0.473093
Epoch: 909 loss: 0.000020, pauc: 0.901592, paupr: 0.332299, paupr_m: 0.517124, dauc: 0.903718, daupr: 0.385684, daupr_m: 0.469597
Epoch: 919 loss: 0.000019, pauc: 0.910630, paupr: 0.348312, paupr_m: 0.522299, dauc: 0.903503, daupr: 0.382832, daupr_m: 0.475987
Epoch: 929 loss: 0.000019, pauc: 0.899415, paupr: 0.342458, paupr_m: 0.546682, dauc: 0.904271, daupr: 0.392134, daupr_m: 0.473432
Epoch: 939 loss: 0.000020, pauc: 0.914381, paupr: 0.335825, paupr_m: 0.535360, dauc: 0.902800, daupr: 0.375774, daupr_m: 0.477133
Epoch: 949 loss: 0.000019, pauc: 0.885518, paupr: 0.341063, paupr_m: 0.508414, dauc: 0.902760, daupr: 0.371599, daupr_m: 0.487910
Epoch: 959 loss: 0.000020, pauc: 0.899482, paupr: 0.336595, paupr_m: 0.516074, dauc: 0.903398, daupr: 0.384410, daupr_m: 0.472025
Epoch: 969 loss: 0.000019, pauc: 0.917326, paupr: 0.342483, paupr_m: 0.534562, dauc: 0.902988, daupr: 0.374236, daupr_m: 0.475647
Epoch: 979 loss: 0.000020, pauc: 0.885020, paupr: 0.350773, paupr_m: 0.536248, dauc: 0.903753, daupr: 0.390063, daupr_m: 0.476920
Epoch: 989 loss: 0.000020, pauc: 0.895598, paupr: 0.342773, paupr_m: 0.539511, dauc: 0.903740, daupr: 0.383401, daupr_m: 0.477164
Epoch: 999 loss: 0.000020, pauc: 0.902966, paupr: 0.357364, paupr_m: 0.548290, dauc: 0.903543, daupr: 0.384786, daupr_m: 0.475199
Epoch: 9 loss: 0.000593, pauc: 0.934590, paupr: 0.038060, paupr_m: 0.088357, dauc: 0.735162, daupr: 0.185444, daupr_m: 0.217370
Epoch: 19 loss: 0.000451, pauc: 0.937575, paupr: 0.052011, paupr_m: 0.147972, dauc: 0.798877, daupr: 0.273591, daupr_m: 0.335518
Epoch: 29 loss: 0.000363, pauc: 0.935523, paupr: 0.088387, paupr_m: 0.224216, dauc: 0.822223, daupr: 0.298669, daupr_m: 0.366228
Epoch: 39 loss: 0.000291, pauc: 0.945638, paupr: 0.103544, paupr_m: 0.212787, dauc: 0.837902, daupr: 0.313525, daupr_m: 0.377149
Epoch: 49 loss: 0.000237, pauc: 0.935488, paupr: 0.128803, paupr_m: 0.258719, dauc: 0.846219, daupr: 0.308597, daupr_m: 0.371238
Epoch: 59 loss: 0.000194, pauc: 0.944054, paupr: 0.176514, paupr_m: 0.305589, dauc: 0.852657, daupr: 0.302819, daupr_m: 0.354876
Epoch: 69 loss: 0.000159, pauc: 0.940450, paupr: 0.182059, paupr_m: 0.335095, dauc: 0.856397, daupr: 0.296248, daupr_m: 0.345271
Epoch: 79 loss: 0.000134, pauc: 0.940630, paupr: 0.210938, paupr_m: 0.335591, dauc: 0.858478, daupr: 0.298788, daupr_m: 0.349313
Epoch: 89 loss: 0.000113, pauc: 0.941717, paupr: 0.231850, paupr_m: 0.327794, dauc: 0.861755, daupr: 0.304454, daupr_m: 0.354382
Epoch: 99 loss: 0.000098, pauc: 0.951472, paupr: 0.246530, paupr_m: 0.363327, dauc: 0.862762, daupr: 0.305679, daupr_m: 0.356178
Epoch: 109 loss: 0.000086, pauc: 0.940261, paupr: 0.241784, paupr_m: 0.374014, dauc: 0.864963, daupr: 0.309154, daupr_m: 0.367871
Epoch: 119 loss: 0.000076, pauc: 0.949790, paupr: 0.256319, paupr_m: 0.377460, dauc: 0.863579, daupr: 0.302388, daupr_m: 0.357986
Epoch: 129 loss: 0.000069, pauc: 0.934610, paupr: 0.261908, paupr_m: 0.374584, dauc: 0.865260, daupr: 0.302820, daupr_m: 0.359836
Epoch: 139 loss: 0.000061, pauc: 0.947506, paupr: 0.253968, paupr_m: 0.373610, dauc: 0.866330, daupr: 0.302919, daupr_m: 0.357133
Epoch: 149 loss: 0.000057, pauc: 0.931107, paupr: 0.275999, paupr_m: 0.405542, dauc: 0.867209, daupr: 0.306024, daupr_m: 0.357605
Epoch: 159 loss: 0.000052, pauc: 0.943981, paupr: 0.279115, paupr_m: 0.407971, dauc: 0.867511, daupr: 0.302890, daupr_m: 0.356511
Epoch: 169 loss: 0.000048, pauc: 0.944557, paupr: 0.278634, paupr_m: 0.404916, dauc: 0.868024, daupr: 0.308293, daupr_m: 0.367683
Epoch: 179 loss: 0.000045, pauc: 0.928572, paupr: 0.298418, paupr_m: 0.399147, dauc: 0.869005, daupr: 0.309135, daupr_m: 0.366682
Epoch: 189 loss: 0.000044, pauc: 0.947984, paupr: 0.257453, paupr_m: 0.377312, dauc: 0.868308, daupr: 0.302660, daupr_m: 0.365752
Epoch: 199 loss: 0.000041, pauc: 0.957625, paupr: 0.287032, paupr_m: 0.401246, dauc: 0.868862, daupr: 0.304738, daupr_m: 0.365569
Epoch: 209 loss: 0.000039, pauc: 0.932034, paupr: 0.301701, paupr_m: 0.419401, dauc: 0.869232, daupr: 0.309559, daupr_m: 0.361334
Epoch: 219 loss: 0.000037, pauc: 0.947697, paupr: 0.288692, paupr_m: 0.419217, dauc: 0.869084, daupr: 0.301149, daupr_m: 0.367706
Epoch: 229 loss: 0.000036, pauc: 0.931462, paupr: 0.315694, paupr_m: 0.416459, dauc: 0.870949, daupr: 0.315112, daupr_m: 0.366247
Epoch: 239 loss: 0.000034, pauc: 0.936569, paupr: 0.326376, paupr_m: 0.426079, dauc: 0.870586, daupr: 0.310591, daupr_m: 0.372089
Epoch: 249 loss: 0.000033, pauc: 0.932196, paupr: 0.307808, paupr_m: 0.412130, dauc: 0.870721, daupr: 0.311006, daupr_m: 0.366173
Epoch: 259 loss: 0.000033, pauc: 0.934001, paupr: 0.324842, paupr_m: 0.420161, dauc: 0.870885, daupr: 0.313647, daupr_m: 0.370758
Epoch: 269 loss: 0.000032, pauc: 0.941168, paupr: 0.327520, paupr_m: 0.436950, dauc: 0.869731, daupr: 0.306713, daupr_m: 0.369516
Epoch: 279 loss: 0.000031, pauc: 0.938958, paupr: 0.317953, paupr_m: 0.452670, dauc: 0.871041, daupr: 0.313664, daupr_m: 0.377953
Epoch: 289 loss: 0.000030, pauc: 0.935298, paupr: 0.346911, paupr_m: 0.450606, dauc: 0.870705, daupr: 0.310521, daupr_m: 0.370982
Epoch: 299 loss: 0.000030, pauc: 0.931295, paupr: 0.329109, paupr_m: 0.432013, dauc: 0.871291, daupr: 0.312540, daupr_m: 0.377983
Epoch: 309 loss: 0.000029, pauc: 0.926312, paupr: 0.310159, paupr_m: 0.444888, dauc: 0.871888, daupr: 0.316962, daupr_m: 0.378192
Epoch: 319 loss: 0.000029, pauc: 0.945705, paupr: 0.334774, paupr_m: 0.446541, dauc: 0.871497, daupr: 0.312666, daupr_m: 0.371676
Epoch: 329 loss: 0.000028, pauc: 0.919513, paupr: 0.340674, paupr_m: 0.449051, dauc: 0.871314, daupr: 0.311928, daupr_m: 0.376932
Epoch: 339 loss: 0.000028, pauc: 0.928381, paupr: 0.331397, paupr_m: 0.454869, dauc: 0.872787, daupr: 0.317305, daupr_m: 0.386899
Epoch: 349 loss: 0.000027, pauc: 0.935482, paupr: 0.340274, paupr_m: 0.453418, dauc: 0.872410, daupr: 0.313557, daupr_m: 0.380875
Epoch: 359 loss: 0.000027, pauc: 0.920552, paupr: 0.346497, paupr_m: 0.440280, dauc: 0.872430, daupr: 0.315101, daupr_m: 0.378322
Epoch: 369 loss: 0.000026, pauc: 0.946634, paupr: 0.356702, paupr_m: 0.461619, dauc: 0.873136, daupr: 0.320202, daupr_m: 0.378613
Epoch: 379 loss: 0.000026, pauc: 0.931522, paupr: 0.321388, paupr_m: 0.436837, dauc: 0.871710, daupr: 0.314395, daupr_m: 0.388614
Epoch: 389 loss: 0.000026, pauc: 0.916342, paupr: 0.356265, paupr_m: 0.465005, dauc: 0.872644, daupr: 0.314869, daupr_m: 0.379046
Epoch: 399 loss: 0.000026, pauc: 0.929920, paupr: 0.340131, paupr_m: 0.443657, dauc: 0.873276, daupr: 0.321509, daupr_m: 0.379605
Epoch: 409 loss: 0.000026, pauc: 0.936279, paupr: 0.341654, paupr_m: 0.449948, dauc: 0.872906, daupr: 0.323201, daupr_m: 0.386857
Epoch: 419 loss: 0.000025, pauc: 0.921040, paupr: 0.347490, paupr_m: 0.461353, dauc: 0.873727, daupr: 0.324522, daupr_m: 0.383055
Epoch: 429 loss: 0.000025, pauc: 0.937523, paupr: 0.346542, paupr_m: 0.446327, dauc: 0.874084, daupr: 0.325524, daupr_m: 0.386304
Epoch: 439 loss: 0.000024, pauc: 0.937154, paupr: 0.346997, paupr_m: 0.439358, dauc: 0.873057, daupr: 0.309950, daupr_m: 0.385078
Epoch: 449 loss: 0.000024, pauc: 0.922710, paupr: 0.344892, paupr_m: 0.448561, dauc: 0.873208, daupr: 0.317255, daupr_m: 0.389723
Epoch: 459 loss: 0.000024, pauc: 0.926759, paupr: 0.351979, paupr_m: 0.453326, dauc: 0.872276, daupr: 0.310207, daupr_m: 0.391009
Epoch: 469 loss: 0.000024, pauc: 0.925589, paupr: 0.349278, paupr_m: 0.442971, dauc: 0.873461, daupr: 0.318695, daupr_m: 0.388729
Epoch: 479 loss: 0.000024, pauc: 0.926852, paupr: 0.354886, paupr_m: 0.461619, dauc: 0.873475, daupr: 0.318725, daupr_m: 0.390641
Epoch: 489 loss: 0.000023, pauc: 0.927912, paupr: 0.357310, paupr_m: 0.453609, dauc: 0.874592, daupr: 0.330940, daupr_m: 0.394692
Epoch: 499 loss: 0.000024, pauc: 0.917468, paupr: 0.357473, paupr_m: 0.466384, dauc: 0.873088, daupr: 0.316114, daupr_m: 0.390803
Epoch: 509 loss: 0.000023, pauc: 0.932032, paupr: 0.357013, paupr_m: 0.442348, dauc: 0.873632, daupr: 0.319039, daupr_m: 0.384827
Epoch: 519 loss: 0.000023, pauc: 0.930667, paupr: 0.355547, paupr_m: 0.451462, dauc: 0.873062, daupr: 0.312362, daupr_m: 0.393602
Epoch: 529 loss: 0.000023, pauc: 0.933046, paupr: 0.356194, paupr_m: 0.456612, dauc: 0.873466, daupr: 0.324029, daupr_m: 0.389934
Epoch: 539 loss: 0.000023, pauc: 0.927857, paupr: 0.375460, paupr_m: 0.458823, dauc: 0.873091, daupr: 0.320008, daupr_m: 0.393084
Epoch: 549 loss: 0.000023, pauc: 0.939436, paupr: 0.359216, paupr_m: 0.459363, dauc: 0.872607, daupr: 0.303286, daupr_m: 0.393550
Epoch: 559 loss: 0.000023, pauc: 0.936824, paupr: 0.372051, paupr_m: 0.467169, dauc: 0.874134, daupr: 0.319326, daupr_m: 0.399215
Epoch: 569 loss: 0.000022, pauc: 0.924238, paupr: 0.348412, paupr_m: 0.456944, dauc: 0.874607, daupr: 0.326405, daupr_m: 0.393521
Epoch: 579 loss: 0.000022, pauc: 0.926567, paupr: 0.350481, paupr_m: 0.445183, dauc: 0.874334, daupr: 0.322050, daupr_m: 0.402718
Epoch: 589 loss: 0.000022, pauc: 0.911653, paupr: 0.356391, paupr_m: 0.445948, dauc: 0.874811, daupr: 0.323837, daupr_m: 0.394835
Epoch: 599 loss: 0.000022, pauc: 0.929041, paupr: 0.375018, paupr_m: 0.457735, dauc: 0.875032, daupr: 0.327621, daupr_m: 0.397887
Epoch: 609 loss: 0.000022, pauc: 0.927630, paupr: 0.357476, paupr_m: 0.445737, dauc: 0.875533, daupr: 0.334220, daupr_m: 0.394830
Epoch: 619 loss: 0.000022, pauc: 0.927262, paupr: 0.366465, paupr_m: 0.459443, dauc: 0.874713, daupr: 0.324646, daupr_m: 0.399321
Epoch: 629 loss: 0.000022, pauc: 0.920717, paupr: 0.378921, paupr_m: 0.454330, dauc: 0.874275, daupr: 0.323827, daupr_m: 0.406779
Epoch: 639 loss: 0.000021, pauc: 0.934697, paupr: 0.347537, paupr_m: 0.454001, dauc: 0.875005, daupr: 0.335170, daupr_m: 0.399683
Epoch: 649 loss: 0.000021, pauc: 0.913293, paupr: 0.364989, paupr_m: 0.455696, dauc: 0.874351, daupr: 0.333233, daupr_m: 0.408683
Epoch: 659 loss: 0.000021, pauc: 0.915841, paupr: 0.370465, paupr_m: 0.439335, dauc: 0.875387, daupr: 0.336780, daupr_m: 0.399163
Epoch: 669 loss: 0.000021, pauc: 0.924922, paupr: 0.372343, paupr_m: 0.475259, dauc: 0.873780, daupr: 0.318922, daupr_m: 0.402606
Epoch: 679 loss: 0.000021, pauc: 0.913193, paupr: 0.371621, paupr_m: 0.457421, dauc: 0.874543, daupr: 0.327945, daupr_m: 0.411179
Epoch: 689 loss: 0.000021, pauc: 0.930885, paupr: 0.364732, paupr_m: 0.453768, dauc: 0.874926, daupr: 0.330407, daupr_m: 0.399460
Epoch: 699 loss: 0.000021, pauc: 0.927702, paupr: 0.360201, paupr_m: 0.451308, dauc: 0.874891, daupr: 0.332616, daupr_m: 0.409868
Epoch: 709 loss: 0.000021, pauc: 0.913747, paupr: 0.356165, paupr_m: 0.458841, dauc: 0.875363, daupr: 0.329051, daupr_m: 0.402322
Epoch: 719 loss: 0.000021, pauc: 0.912711, paupr: 0.356448, paupr_m: 0.447236, dauc: 0.875660, daupr: 0.335015, daupr_m: 0.403507
Epoch: 729 loss: 0.000021, pauc: 0.918607, paupr: 0.378685, paupr_m: 0.479903, dauc: 0.875301, daupr: 0.335319, daupr_m: 0.401732
Epoch: 739 loss: 0.000020, pauc: 0.923469, paupr: 0.362005, paupr_m: 0.453075, dauc: 0.875235, daupr: 0.334680, daupr_m: 0.404679
Epoch: 749 loss: 0.000021, pauc: 0.923026, paupr: 0.365512, paupr_m: 0.459862, dauc: 0.875489, daupr: 0.332394, daupr_m: 0.401654
Epoch: 759 loss: 0.000020, pauc: 0.911467, paupr: 0.348723, paupr_m: 0.436053, dauc: 0.874993, daupr: 0.333968, daupr_m: 0.407485
Epoch: 769 loss: 0.000021, pauc: 0.913767, paupr: 0.372754, paupr_m: 0.460062, dauc: 0.874317, daupr: 0.325432, daupr_m: 0.411560
Epoch: 779 loss: 0.000020, pauc: 0.920022, paupr: 0.371660, paupr_m: 0.462616, dauc: 0.875031, daupr: 0.323610, daupr_m: 0.412068
Epoch: 789 loss: 0.000020, pauc: 0.912909, paupr: 0.377541, paupr_m: 0.462482, dauc: 0.875075, daupr: 0.329440, daupr_m: 0.420514
Epoch: 799 loss: 0.000020, pauc: 0.932359, paupr: 0.364766, paupr_m: 0.462568, dauc: 0.875443, daupr: 0.333020, daupr_m: 0.407565
Epoch: 809 loss: 0.000020, pauc: 0.911055, paupr: 0.360153, paupr_m: 0.451215, dauc: 0.874718, daupr: 0.323063, daupr_m: 0.406755
Epoch: 819 loss: 0.000020, pauc: 0.915342, paupr: 0.373509, paupr_m: 0.443980, dauc: 0.875457, daupr: 0.336834, daupr_m: 0.409847
Epoch: 829 loss: 0.000020, pauc: 0.922985, paupr: 0.365949, paupr_m: 0.463105, dauc: 0.874701, daupr: 0.318384, daupr_m: 0.419716
Epoch: 839 loss: 0.000020, pauc: 0.918353, paupr: 0.368155, paupr_m: 0.440551, dauc: 0.874861, daupr: 0.325763, daupr_m: 0.408727
Epoch: 849 loss: 0.000020, pauc: 0.917333, paupr: 0.362754, paupr_m: 0.449557, dauc: 0.876095, daupr: 0.341226, daupr_m: 0.409086
Epoch: 859 loss: 0.000020, pauc: 0.914843, paupr: 0.369590, paupr_m: 0.442499, dauc: 0.875907, daupr: 0.338617, daupr_m: 0.411612
Epoch: 869 loss: 0.000020, pauc: 0.924957, paupr: 0.346352, paupr_m: 0.431276, dauc: 0.874259, daupr: 0.326400, daupr_m: 0.415633
Epoch: 879 loss: 0.000020, pauc: 0.913542, paupr: 0.363955, paupr_m: 0.448030, dauc: 0.875215, daupr: 0.335014, daupr_m: 0.413367
Epoch: 889 loss: 0.000020, pauc: 0.911786, paupr: 0.368581, paupr_m: 0.454589, dauc: 0.875554, daupr: 0.338175, daupr_m: 0.408217
Epoch: 899 loss: 0.000019, pauc: 0.922375, paupr: 0.357754, paupr_m: 0.440222, dauc: 0.875454, daupr: 0.332809, daupr_m: 0.411462
Epoch: 909 loss: 0.000020, pauc: 0.907927, paupr: 0.366106, paupr_m: 0.456700, dauc: 0.875354, daupr: 0.327918, daupr_m: 0.417283
Epoch: 919 loss: 0.000020, pauc: 0.925138, paupr: 0.367000, paupr_m: 0.447960, dauc: 0.874607, daupr: 0.333672, daupr_m: 0.420002
Epoch: 929 loss: 0.000020, pauc: 0.928142, paupr: 0.361956, paupr_m: 0.458913, dauc: 0.875069, daupr: 0.331066, daupr_m: 0.416656
Epoch: 939 loss: 0.000020, pauc: 0.899851, paupr: 0.382625, paupr_m: 0.458695, dauc: 0.874219, daupr: 0.327176, daupr_m: 0.415088
Epoch: 949 loss: 0.000019, pauc: 0.914238, paupr: 0.368965, paupr_m: 0.469849, dauc: 0.875182, daupr: 0.329844, daupr_m: 0.422166
Epoch: 959 loss: 0.000019, pauc: 0.922597, paupr: 0.373084, paupr_m: 0.462688, dauc: 0.875266, daupr: 0.325261, daupr_m: 0.414908
Epoch: 969 loss: 0.000019, pauc: 0.902277, paupr: 0.375199, paupr_m: 0.463867, dauc: 0.875709, daupr: 0.334453, daupr_m: 0.414051
Epoch: 979 loss: 0.000020, pauc: 0.902144, paupr: 0.389292, paupr_m: 0.465009, dauc: 0.874683, daupr: 0.335432, daupr_m: 0.414711
Epoch: 989 loss: 0.000019, pauc: 0.931346, paupr: 0.359938, paupr_m: 0.432897, dauc: 0.875972, daupr: 0.340328, daupr_m: 0.412067
Epoch: 999 loss: 0.000020, pauc: 0.891255, paupr: 0.376695, paupr_m: 0.457665, dauc: 0.874710, daupr: 0.320632, daupr_m: 0.416358
Epoch: 9 loss: 0.000581, pauc: 0.927222, paupr: 0.031355, paupr_m: 0.077276, dauc: 0.742349, daupr: 0.216345, daupr_m: 0.246841
Epoch: 19 loss: 0.000445, pauc: 0.937032, paupr: 0.053306, paupr_m: 0.139685, dauc: 0.807674, daupr: 0.321159, daupr_m: 0.373899
Epoch: 29 loss: 0.000359, pauc: 0.941082, paupr: 0.066403, paupr_m: 0.153281, dauc: 0.836459, daupr: 0.355251, daupr_m: 0.419968
Epoch: 39 loss: 0.000288, pauc: 0.939512, paupr: 0.104020, paupr_m: 0.211843, dauc: 0.853004, daupr: 0.373050, daupr_m: 0.435936
Epoch: 49 loss: 0.000233, pauc: 0.937329, paupr: 0.132742, paupr_m: 0.233623, dauc: 0.863360, daupr: 0.370518, daupr_m: 0.430924
Epoch: 59 loss: 0.000192, pauc: 0.941765, paupr: 0.155144, paupr_m: 0.228287, dauc: 0.870418, daupr: 0.365660, daupr_m: 0.421798
Epoch: 69 loss: 0.000157, pauc: 0.936460, paupr: 0.186371, paupr_m: 0.268699, dauc: 0.875046, daupr: 0.360698, daupr_m: 0.411213
Epoch: 79 loss: 0.000132, pauc: 0.952546, paupr: 0.222498, paupr_m: 0.283538, dauc: 0.877424, daupr: 0.362632, daupr_m: 0.408392
Epoch: 89 loss: 0.000112, pauc: 0.938494, paupr: 0.247224, paupr_m: 0.326834, dauc: 0.880131, daupr: 0.363610, daupr_m: 0.414797
Epoch: 99 loss: 0.000096, pauc: 0.931444, paupr: 0.268884, paupr_m: 0.341270, dauc: 0.882120, daupr: 0.364158, daupr_m: 0.418160
Epoch: 109 loss: 0.000084, pauc: 0.932983, paupr: 0.294129, paupr_m: 0.356679, dauc: 0.883059, daupr: 0.362192, daupr_m: 0.423476
Epoch: 119 loss: 0.000076, pauc: 0.943345, paupr: 0.283685, paupr_m: 0.363153, dauc: 0.884806, daupr: 0.369425, daupr_m: 0.420735
Epoch: 129 loss: 0.000068, pauc: 0.932588, paupr: 0.308654, paupr_m: 0.389698, dauc: 0.886298, daupr: 0.368870, daupr_m: 0.416939
Epoch: 139 loss: 0.000061, pauc: 0.946583, paupr: 0.303491, paupr_m: 0.407379, dauc: 0.885945, daupr: 0.361828, daupr_m: 0.424613
Epoch: 149 loss: 0.000055, pauc: 0.941740, paupr: 0.322668, paupr_m: 0.401942, dauc: 0.887010, daupr: 0.366614, daupr_m: 0.424499
Epoch: 159 loss: 0.000051, pauc: 0.939184, paupr: 0.329355, paupr_m: 0.408941, dauc: 0.887745, daupr: 0.372655, daupr_m: 0.423834
Epoch: 169 loss: 0.000047, pauc: 0.935661, paupr: 0.363455, paupr_m: 0.452228, dauc: 0.887877, daupr: 0.366012, daupr_m: 0.424853
Epoch: 179 loss: 0.000045, pauc: 0.941166, paupr: 0.307832, paupr_m: 0.419009, dauc: 0.888731, daupr: 0.369403, daupr_m: 0.425018
Epoch: 189 loss: 0.000042, pauc: 0.951786, paupr: 0.352227, paupr_m: 0.450345, dauc: 0.889566, daupr: 0.371302, daupr_m: 0.423810
Epoch: 199 loss: 0.000040, pauc: 0.933663, paupr: 0.366242, paupr_m: 0.459434, dauc: 0.889029, daupr: 0.370010, daupr_m: 0.430525
Epoch: 209 loss: 0.000038, pauc: 0.946262, paupr: 0.356356, paupr_m: 0.483562, dauc: 0.889539, daupr: 0.372170, daupr_m: 0.431001
Epoch: 219 loss: 0.000036, pauc: 0.949981, paupr: 0.368806, paupr_m: 0.483729, dauc: 0.889904, daupr: 0.373735, daupr_m: 0.428234
Epoch: 229 loss: 0.000035, pauc: 0.941941, paupr: 0.394050, paupr_m: 0.506237, dauc: 0.889780, daupr: 0.367918, daupr_m: 0.428396
Epoch: 239 loss: 0.000034, pauc: 0.934967, paupr: 0.402855, paupr_m: 0.514115, dauc: 0.890168, daupr: 0.372139, daupr_m: 0.432677
Epoch: 249 loss: 0.000034, pauc: 0.926446, paupr: 0.392422, paupr_m: 0.489927, dauc: 0.890312, daupr: 0.367038, daupr_m: 0.432801
Epoch: 259 loss: 0.000032, pauc: 0.948538, paupr: 0.359991, paupr_m: 0.485370, dauc: 0.890476, daupr: 0.372199, daupr_m: 0.436457
Epoch: 269 loss: 0.000031, pauc: 0.932434, paupr: 0.390911, paupr_m: 0.522565, dauc: 0.890781, daupr: 0.371100, daupr_m: 0.437748
Epoch: 279 loss: 0.000030, pauc: 0.935452, paupr: 0.402092, paupr_m: 0.506014, dauc: 0.890904, daupr: 0.370307, daupr_m: 0.433397
Epoch: 289 loss: 0.000029, pauc: 0.938485, paupr: 0.381690, paupr_m: 0.532730, dauc: 0.891193, daupr: 0.377122, daupr_m: 0.435851
Epoch: 299 loss: 0.000029, pauc: 0.932436, paupr: 0.390808, paupr_m: 0.547249, dauc: 0.891199, daupr: 0.371943, daupr_m: 0.438852
Epoch: 309 loss: 0.000028, pauc: 0.944269, paupr: 0.405335, paupr_m: 0.524540, dauc: 0.891739, daupr: 0.377751, daupr_m: 0.438003
Epoch: 319 loss: 0.000028, pauc: 0.944417, paupr: 0.395673, paupr_m: 0.537099, dauc: 0.892556, daupr: 0.383926, daupr_m: 0.434466
Epoch: 329 loss: 0.000027, pauc: 0.933643, paupr: 0.399470, paupr_m: 0.526878, dauc: 0.892239, daupr: 0.376102, daupr_m: 0.436257
Epoch: 339 loss: 0.000027, pauc: 0.940779, paupr: 0.402665, paupr_m: 0.561310, dauc: 0.891451, daupr: 0.378152, daupr_m: 0.442076
Epoch: 349 loss: 0.000028, pauc: 0.941858, paupr: 0.384673, paupr_m: 0.516257, dauc: 0.892972, daupr: 0.382827, daupr_m: 0.441566
Epoch: 359 loss: 0.000027, pauc: 0.930996, paupr: 0.421382, paupr_m: 0.557857, dauc: 0.891880, daupr: 0.370841, daupr_m: 0.440686
Epoch: 369 loss: 0.000026, pauc: 0.931469, paupr: 0.385074, paupr_m: 0.555566, dauc: 0.891645, daupr: 0.372034, daupr_m: 0.438035
Epoch: 379 loss: 0.000026, pauc: 0.932445, paupr: 0.407252, paupr_m: 0.556044, dauc: 0.893021, daupr: 0.381187, daupr_m: 0.441247
Epoch: 389 loss: 0.000025, pauc: 0.937910, paupr: 0.397020, paupr_m: 0.564076, dauc: 0.892342, daupr: 0.381869, daupr_m: 0.441545
Epoch: 399 loss: 0.000025, pauc: 0.939292, paupr: 0.407562, paupr_m: 0.548300, dauc: 0.892574, daupr: 0.379325, daupr_m: 0.442933
Epoch: 409 loss: 0.000025, pauc: 0.944908, paupr: 0.412038, paupr_m: 0.542969, dauc: 0.893189, daupr: 0.383138, daupr_m: 0.442401
Epoch: 419 loss: 0.000025, pauc: 0.939892, paupr: 0.406331, paupr_m: 0.563343, dauc: 0.893602, daupr: 0.385464, daupr_m: 0.445317
Epoch: 429 loss: 0.000024, pauc: 0.937721, paupr: 0.405171, paupr_m: 0.562868, dauc: 0.892843, daupr: 0.379432, daupr_m: 0.445620
Epoch: 439 loss: 0.000024, pauc: 0.938364, paupr: 0.404022, paupr_m: 0.548571, dauc: 0.893320, daupr: 0.379344, daupr_m: 0.444251
Epoch: 449 loss: 0.000023, pauc: 0.924002, paupr: 0.399947, paupr_m: 0.535400, dauc: 0.893737, daupr: 0.378326, daupr_m: 0.447825
Epoch: 459 loss: 0.000023, pauc: 0.935902, paupr: 0.412412, paupr_m: 0.557693, dauc: 0.892990, daupr: 0.379111, daupr_m: 0.450375
Epoch: 469 loss: 0.000024, pauc: 0.936835, paupr: 0.436012, paupr_m: 0.555606, dauc: 0.892946, daupr: 0.372971, daupr_m: 0.445729
Epoch: 479 loss: 0.000024, pauc: 0.936202, paupr: 0.406152, paupr_m: 0.574079, dauc: 0.893205, daupr: 0.381306, daupr_m: 0.450702
Epoch: 489 loss: 0.000023, pauc: 0.934726, paupr: 0.425777, paupr_m: 0.575004, dauc: 0.892821, daupr: 0.381097, daupr_m: 0.451302
Epoch: 499 loss: 0.000023, pauc: 0.939649, paupr: 0.416846, paupr_m: 0.552609, dauc: 0.893936, daupr: 0.387044, daupr_m: 0.449473
Epoch: 509 loss: 0.000023, pauc: 0.930044, paupr: 0.416849, paupr_m: 0.541298, dauc: 0.894738, daupr: 0.394584, daupr_m: 0.451045
Epoch: 519 loss: 0.000023, pauc: 0.935354, paupr: 0.434140, paupr_m: 0.553662, dauc: 0.893979, daupr: 0.386099, daupr_m: 0.449874
Epoch: 529 loss: 0.000022, pauc: 0.931343, paupr: 0.422652, paupr_m: 0.560705, dauc: 0.894346, daupr: 0.390806, daupr_m: 0.453784
Epoch: 539 loss: 0.000022, pauc: 0.921776, paupr: 0.411622, paupr_m: 0.560084, dauc: 0.894057, daupr: 0.388770, daupr_m: 0.459499
Epoch: 549 loss: 0.000022, pauc: 0.936071, paupr: 0.428957, paupr_m: 0.559006, dauc: 0.893163, daupr: 0.377633, daupr_m: 0.457163
Epoch: 559 loss: 0.000022, pauc: 0.928895, paupr: 0.407169, paupr_m: 0.564908, dauc: 0.894749, daupr: 0.393531, daupr_m: 0.459189
Epoch: 569 loss: 0.000021, pauc: 0.934529, paupr: 0.420935, paupr_m: 0.569380, dauc: 0.894435, daupr: 0.384278, daupr_m: 0.454927
Epoch: 579 loss: 0.000022, pauc: 0.927330, paupr: 0.436351, paupr_m: 0.567345, dauc: 0.893956, daupr: 0.381909, daupr_m: 0.453285
Epoch: 589 loss: 0.000022, pauc: 0.930731, paupr: 0.408013, paupr_m: 0.556133, dauc: 0.893739, daupr: 0.384313, daupr_m: 0.452190
Epoch: 599 loss: 0.000021, pauc: 0.922816, paupr: 0.411344, paupr_m: 0.558596, dauc: 0.894333, daupr: 0.391975, daupr_m: 0.456481
Epoch: 609 loss: 0.000021, pauc: 0.940289, paupr: 0.441746, paupr_m: 0.567484, dauc: 0.894551, daupr: 0.397478, daupr_m: 0.459958
Epoch: 619 loss: 0.000021, pauc: 0.928521, paupr: 0.421484, paupr_m: 0.573201, dauc: 0.893920, daupr: 0.381677, daupr_m: 0.458458
Epoch: 629 loss: 0.000021, pauc: 0.944557, paupr: 0.416206, paupr_m: 0.567332, dauc: 0.894636, daupr: 0.388220, daupr_m: 0.458447
Epoch: 639 loss: 0.000021, pauc: 0.933381, paupr: 0.430016, paupr_m: 0.579081, dauc: 0.894705, daupr: 0.394759, daupr_m: 0.456513
Epoch: 649 loss: 0.000021, pauc: 0.924900, paupr: 0.416707, paupr_m: 0.572774, dauc: 0.894690, daupr: 0.392968, daupr_m: 0.458409
Epoch: 659 loss: 0.000020, pauc: 0.935718, paupr: 0.419501, paupr_m: 0.541636, dauc: 0.894255, daupr: 0.386672, daupr_m: 0.458494
Epoch: 669 loss: 0.000021, pauc: 0.939723, paupr: 0.434446, paupr_m: 0.572301, dauc: 0.894275, daupr: 0.384974, daupr_m: 0.462453
Epoch: 679 loss: 0.000021, pauc: 0.939783, paupr: 0.430354, paupr_m: 0.581352, dauc: 0.894163, daupr: 0.383301, daupr_m: 0.462525
Epoch: 689 loss: 0.000021, pauc: 0.928338, paupr: 0.403450, paupr_m: 0.545342, dauc: 0.894522, daupr: 0.383204, daupr_m: 0.461093
Epoch: 699 loss: 0.000020, pauc: 0.904972, paupr: 0.427930, paupr_m: 0.548831, dauc: 0.893917, daupr: 0.382279, daupr_m: 0.463143
Epoch: 709 loss: 0.000021, pauc: 0.949886, paupr: 0.428570, paupr_m: 0.563553, dauc: 0.894142, daupr: 0.391663, daupr_m: 0.458597
Epoch: 719 loss: 0.000021, pauc: 0.932696, paupr: 0.418927, paupr_m: 0.550751, dauc: 0.895021, daupr: 0.393175, daupr_m: 0.460283
Epoch: 729 loss: 0.000020, pauc: 0.932848, paupr: 0.438812, paupr_m: 0.583299, dauc: 0.894571, daupr: 0.385679, daupr_m: 0.462127
Epoch: 739 loss: 0.000021, pauc: 0.933356, paupr: 0.409524, paupr_m: 0.569623, dauc: 0.894241, daupr: 0.385062, daupr_m: 0.461817
Epoch: 749 loss: 0.000020, pauc: 0.936381, paupr: 0.441268, paupr_m: 0.556238, dauc: 0.895167, daupr: 0.394067, daupr_m: 0.462546
Epoch: 759 loss: 0.000020, pauc: 0.926434, paupr: 0.426648, paupr_m: 0.554988, dauc: 0.894645, daupr: 0.381109, daupr_m: 0.464747
Epoch: 769 loss: 0.000020, pauc: 0.944918, paupr: 0.424142, paupr_m: 0.571871, dauc: 0.895012, daupr: 0.397073, daupr_m: 0.464712
Epoch: 779 loss: 0.000020, pauc: 0.941698, paupr: 0.425751, paupr_m: 0.558104, dauc: 0.894978, daupr: 0.390582, daupr_m: 0.459806
Epoch: 789 loss: 0.000020, pauc: 0.926079, paupr: 0.425428, paupr_m: 0.574148, dauc: 0.894837, daupr: 0.394245, daupr_m: 0.465795
Epoch: 799 loss: 0.000020, pauc: 0.936540, paupr: 0.423697, paupr_m: 0.552784, dauc: 0.895205, daupr: 0.394310, daupr_m: 0.462424
Epoch: 809 loss: 0.000020, pauc: 0.914145, paupr: 0.426367, paupr_m: 0.573774, dauc: 0.895122, daupr: 0.390400, daupr_m: 0.464236
Epoch: 819 loss: 0.000020, pauc: 0.932276, paupr: 0.423025, paupr_m: 0.585083, dauc: 0.894883, daupr: 0.393859, daupr_m: 0.466290
Epoch: 829 loss: 0.000020, pauc: 0.922463, paupr: 0.420119, paupr_m: 0.562937, dauc: 0.894756, daupr: 0.394922, daupr_m: 0.461844
Epoch: 839 loss: 0.000020, pauc: 0.943758, paupr: 0.414589, paupr_m: 0.545786, dauc: 0.895384, daupr: 0.394997, daupr_m: 0.469230
Epoch: 849 loss: 0.000019, pauc: 0.931904, paupr: 0.438934, paupr_m: 0.573215, dauc: 0.894362, daupr: 0.387017, daupr_m: 0.465968
Epoch: 859 loss: 0.000020, pauc: 0.916966, paupr: 0.444135, paupr_m: 0.587485, dauc: 0.895442, daupr: 0.398303, daupr_m: 0.468835
Epoch: 869 loss: 0.000020, pauc: 0.946002, paupr: 0.445404, paupr_m: 0.566213, dauc: 0.895316, daupr: 0.400342, daupr_m: 0.466188
Epoch: 879 loss: 0.000020, pauc: 0.931418, paupr: 0.430665, paupr_m: 0.573482, dauc: 0.894913, daupr: 0.384245, daupr_m: 0.465476
Epoch: 889 loss: 0.000020, pauc: 0.931708, paupr: 0.419152, paupr_m: 0.568504, dauc: 0.895948, daupr: 0.404128, daupr_m: 0.469369
Epoch: 899 loss: 0.000020, pauc: 0.937517, paupr: 0.410754, paupr_m: 0.565604, dauc: 0.895062, daupr: 0.396285, daupr_m: 0.467358
Epoch: 909 loss: 0.000019, pauc: 0.920515, paupr: 0.431650, paupr_m: 0.572002, dauc: 0.895035, daupr: 0.393180, daupr_m: 0.471278
Epoch: 919 loss: 0.000020, pauc: 0.916234, paupr: 0.425647, paupr_m: 0.553582, dauc: 0.895657, daupr: 0.394872, daupr_m: 0.469028
Epoch: 929 loss: 0.000019, pauc: 0.935323, paupr: 0.421787, paupr_m: 0.567490, dauc: 0.895754, daupr: 0.407981, daupr_m: 0.469295
Epoch: 939 loss: 0.000019, pauc: 0.924319, paupr: 0.428906, paupr_m: 0.571550, dauc: 0.894697, daupr: 0.392468, daupr_m: 0.470350
Epoch: 949 loss: 0.000019, pauc: 0.935282, paupr: 0.418242, paupr_m: 0.556477, dauc: 0.895350, daupr: 0.399224, daupr_m: 0.469809
Epoch: 959 loss: 0.000019, pauc: 0.949153, paupr: 0.443873, paupr_m: 0.560452, dauc: 0.895198, daupr: 0.399566, daupr_m: 0.471127
Epoch: 969 loss: 0.000019, pauc: 0.928545, paupr: 0.439754, paupr_m: 0.563717, dauc: 0.894124, daupr: 0.382721, daupr_m: 0.468686
Epoch: 979 loss: 0.000019, pauc: 0.934538, paupr: 0.451078, paupr_m: 0.573323, dauc: 0.894924, daupr: 0.391874, daupr_m: 0.469095
Epoch: 989 loss: 0.000019, pauc: 0.932646, paupr: 0.432350, paupr_m: 0.562659, dauc: 0.895201, daupr: 0.399237, daupr_m: 0.470434
Epoch: 999 loss: 0.000019, pauc: 0.928096, paupr: 0.434666, paupr_m: 0.560245, dauc: 0.895332, daupr: 0.398233, daupr_m: 0.471841
