{'epoch': 1000, 'lr': 9e-05, 'wd': 6e-07, 'sim_threshold': 0.5, 'loss_p_weight': 0.998, 'loss_d_weight': 0.95, 'loss_weight': 0.0002, 'a1': 1e-09, 'a2': 1e-09, 'dropout': 0.2, 'graph_dropout': 0.1, 'fr_dim': [4096, [1512, 1024], [5603, 2048]], 'fd_dim': [2048, [1512, 1024], [5603, 2048]]}
Epoch: 9 loss: 0.000512, pauc: 0.865986, paupr: 0.033169, paupr_m: 0.103506, dauc: 0.815514, daupr: 0.288408, daupr_m: 0.352885
Epoch: 19 loss: 0.000343, pauc: 0.868110, paupr: 0.064098, paupr_m: 0.150229, dauc: 0.850701, daupr: 0.319424, daupr_m: 0.384405
Epoch: 29 loss: 0.000241, pauc: 0.889015, paupr: 0.130163, paupr_m: 0.250402, dauc: 0.862593, daupr: 0.297299, daupr_m: 0.333209
Epoch: 39 loss: 0.000175, pauc: 0.881464, paupr: 0.180810, paupr_m: 0.249333, dauc: 0.866314, daupr: 0.271865, daupr_m: 0.304166
Epoch: 49 loss: 0.000130, pauc: 0.884353, paupr: 0.207145, paupr_m: 0.298335, dauc: 0.871890, daupr: 0.299380, daupr_m: 0.354769
Epoch: 59 loss: 0.000102, pauc: 0.887193, paupr: 0.268799, paupr_m: 0.332992, dauc: 0.874710, daupr: 0.308818, daupr_m: 0.365015
Epoch: 69 loss: 0.000082, pauc: 0.899597, paupr: 0.312057, paupr_m: 0.335948, dauc: 0.875517, daupr: 0.310266, daupr_m: 0.356966
Epoch: 79 loss: 0.000067, pauc: 0.876480, paupr: 0.307350, paupr_m: 0.357840, dauc: 0.878132, daupr: 0.316326, daupr_m: 0.358848
Epoch: 89 loss: 0.000059, pauc: 0.882851, paupr: 0.318265, paupr_m: 0.374817, dauc: 0.877273, daupr: 0.311748, daupr_m: 0.364053
Epoch: 99 loss: 0.000051, pauc: 0.883447, paupr: 0.351916, paupr_m: 0.412756, dauc: 0.878785, daupr: 0.318666, daupr_m: 0.363400
Epoch: 109 loss: 0.000045, pauc: 0.884255, paupr: 0.349565, paupr_m: 0.404947, dauc: 0.877967, daupr: 0.315450, daupr_m: 0.371777
Epoch: 119 loss: 0.000041, pauc: 0.880710, paupr: 0.346003, paupr_m: 0.403438, dauc: 0.878045, daupr: 0.307366, daupr_m: 0.368563
Epoch: 129 loss: 0.000038, pauc: 0.875642, paupr: 0.372933, paupr_m: 0.435581, dauc: 0.878920, daupr: 0.316010, daupr_m: 0.372273
Epoch: 139 loss: 0.000036, pauc: 0.873306, paupr: 0.380544, paupr_m: 0.433118, dauc: 0.880783, daupr: 0.316875, daupr_m: 0.369434
Epoch: 149 loss: 0.000035, pauc: 0.883100, paupr: 0.373962, paupr_m: 0.454429, dauc: 0.880214, daupr: 0.318356, daupr_m: 0.380104
Epoch: 159 loss: 0.000033, pauc: 0.877687, paupr: 0.378598, paupr_m: 0.429428, dauc: 0.881829, daupr: 0.330405, daupr_m: 0.379604
Epoch: 169 loss: 0.000031, pauc: 0.895719, paupr: 0.372834, paupr_m: 0.451398, dauc: 0.881239, daupr: 0.324089, daupr_m: 0.374125
Epoch: 179 loss: 0.000030, pauc: 0.884278, paupr: 0.387195, paupr_m: 0.449856, dauc: 0.881662, daupr: 0.321310, daupr_m: 0.377860
Epoch: 189 loss: 0.000029, pauc: 0.884034, paupr: 0.375210, paupr_m: 0.457194, dauc: 0.881703, daupr: 0.327268, daupr_m: 0.383124
Epoch: 199 loss: 0.000028, pauc: 0.897080, paupr: 0.400090, paupr_m: 0.478801, dauc: 0.881220, daupr: 0.320022, daupr_m: 0.385218
Epoch: 209 loss: 0.000028, pauc: 0.889352, paupr: 0.378065, paupr_m: 0.450390, dauc: 0.881378, daupr: 0.320549, daupr_m: 0.390086
Epoch: 219 loss: 0.000027, pauc: 0.872198, paupr: 0.400168, paupr_m: 0.476007, dauc: 0.882586, daupr: 0.322116, daupr_m: 0.381170
Epoch: 229 loss: 0.000026, pauc: 0.896871, paupr: 0.394948, paupr_m: 0.476450, dauc: 0.881673, daupr: 0.321313, daupr_m: 0.387831
Epoch: 239 loss: 0.000026, pauc: 0.881124, paupr: 0.399366, paupr_m: 0.480805, dauc: 0.882697, daupr: 0.332232, daupr_m: 0.387732
Epoch: 249 loss: 0.000026, pauc: 0.874291, paupr: 0.409908, paupr_m: 0.471758, dauc: 0.882143, daupr: 0.323186, daupr_m: 0.398606
Epoch: 259 loss: 0.000026, pauc: 0.886345, paupr: 0.417751, paupr_m: 0.466626, dauc: 0.883512, daupr: 0.327237, daupr_m: 0.387770
Epoch: 269 loss: 0.000025, pauc: 0.888277, paupr: 0.416842, paupr_m: 0.498340, dauc: 0.882424, daupr: 0.324027, daupr_m: 0.389511
Epoch: 279 loss: 0.000025, pauc: 0.893406, paupr: 0.378462, paupr_m: 0.451720, dauc: 0.882508, daupr: 0.319591, daupr_m: 0.387054
Epoch: 289 loss: 0.000024, pauc: 0.873814, paupr: 0.405800, paupr_m: 0.479342, dauc: 0.883977, daupr: 0.334637, daupr_m: 0.388603
Epoch: 299 loss: 0.000026, pauc: 0.890608, paupr: 0.398058, paupr_m: 0.474807, dauc: 0.884403, daupr: 0.337550, daupr_m: 0.395913
Epoch: 309 loss: 0.000024, pauc: 0.872453, paupr: 0.408903, paupr_m: 0.460553, dauc: 0.884070, daupr: 0.326187, daupr_m: 0.392494
Epoch: 319 loss: 0.000024, pauc: 0.894257, paupr: 0.422905, paupr_m: 0.462839, dauc: 0.884220, daupr: 0.336071, daupr_m: 0.395704
Epoch: 329 loss: 0.000023, pauc: 0.882551, paupr: 0.432118, paupr_m: 0.472588, dauc: 0.884475, daupr: 0.331688, daupr_m: 0.397477
Epoch: 339 loss: 0.000023, pauc: 0.895125, paupr: 0.405943, paupr_m: 0.460748, dauc: 0.884448, daupr: 0.331834, daupr_m: 0.398354
Epoch: 349 loss: 0.000023, pauc: 0.873769, paupr: 0.423303, paupr_m: 0.464612, dauc: 0.884349, daupr: 0.333312, daupr_m: 0.399473
Epoch: 359 loss: 0.000022, pauc: 0.893386, paupr: 0.425035, paupr_m: 0.463747, dauc: 0.883764, daupr: 0.330013, daupr_m: 0.401870
Epoch: 369 loss: 0.000022, pauc: 0.893521, paupr: 0.427479, paupr_m: 0.472837, dauc: 0.884860, daupr: 0.340976, daupr_m: 0.404877
Epoch: 379 loss: 0.000022, pauc: 0.891213, paupr: 0.405957, paupr_m: 0.471483, dauc: 0.883410, daupr: 0.327302, daupr_m: 0.404206
Epoch: 389 loss: 0.000023, pauc: 0.892234, paupr: 0.429128, paupr_m: 0.470903, dauc: 0.884290, daupr: 0.326394, daupr_m: 0.403809
Epoch: 399 loss: 0.000022, pauc: 0.878092, paupr: 0.413142, paupr_m: 0.481126, dauc: 0.885186, daupr: 0.351225, daupr_m: 0.408982
Epoch: 409 loss: 0.000022, pauc: 0.889240, paupr: 0.410335, paupr_m: 0.478380, dauc: 0.884773, daupr: 0.335814, daupr_m: 0.404595
Epoch: 419 loss: 0.000022, pauc: 0.892510, paupr: 0.436080, paupr_m: 0.480568, dauc: 0.884332, daupr: 0.329356, daupr_m: 0.411872
Epoch: 429 loss: 0.000022, pauc: 0.892895, paupr: 0.412753, paupr_m: 0.458604, dauc: 0.884217, daupr: 0.337504, daupr_m: 0.406917
Epoch: 439 loss: 0.000022, pauc: 0.891654, paupr: 0.414171, paupr_m: 0.451526, dauc: 0.884505, daupr: 0.329188, daupr_m: 0.408157
Epoch: 449 loss: 0.000021, pauc: 0.890473, paupr: 0.420179, paupr_m: 0.473719, dauc: 0.882746, daupr: 0.310484, daupr_m: 0.416380
Epoch: 459 loss: 0.000021, pauc: 0.893537, paupr: 0.441456, paupr_m: 0.480667, dauc: 0.884959, daupr: 0.336310, daupr_m: 0.414651
Epoch: 469 loss: 0.000021, pauc: 0.894586, paupr: 0.437523, paupr_m: 0.478841, dauc: 0.884562, daupr: 0.337180, daupr_m: 0.413239
Epoch: 479 loss: 0.000020, pauc: 0.887660, paupr: 0.425452, paupr_m: 0.478285, dauc: 0.886488, daupr: 0.350601, daupr_m: 0.417558
Epoch: 489 loss: 0.000021, pauc: 0.894832, paupr: 0.430397, paupr_m: 0.487126, dauc: 0.885731, daupr: 0.348487, daupr_m: 0.416409
Epoch: 499 loss: 0.000021, pauc: 0.890408, paupr: 0.428103, paupr_m: 0.455374, dauc: 0.884708, daupr: 0.331003, daupr_m: 0.411770
Epoch: 509 loss: 0.000021, pauc: 0.881481, paupr: 0.422776, paupr_m: 0.481103, dauc: 0.884959, daupr: 0.338905, daupr_m: 0.409106
Epoch: 519 loss: 0.000020, pauc: 0.906354, paupr: 0.417516, paupr_m: 0.477080, dauc: 0.884628, daupr: 0.339584, daupr_m: 0.412389
Epoch: 529 loss: 0.000020, pauc: 0.891239, paupr: 0.436105, paupr_m: 0.483052, dauc: 0.883988, daupr: 0.328750, daupr_m: 0.413931
Epoch: 539 loss: 0.000020, pauc: 0.897230, paupr: 0.430715, paupr_m: 0.469815, dauc: 0.885350, daupr: 0.342387, daupr_m: 0.420244
Epoch: 549 loss: 0.000020, pauc: 0.890005, paupr: 0.426753, paupr_m: 0.491570, dauc: 0.884760, daupr: 0.337559, daupr_m: 0.420554
Epoch: 559 loss: 0.000020, pauc: 0.887011, paupr: 0.419794, paupr_m: 0.478586, dauc: 0.884791, daupr: 0.331742, daupr_m: 0.421991
Epoch: 569 loss: 0.000020, pauc: 0.873522, paupr: 0.425795, paupr_m: 0.482984, dauc: 0.884480, daupr: 0.334581, daupr_m: 0.415192
Epoch: 579 loss: 0.000020, pauc: 0.896239, paupr: 0.436833, paupr_m: 0.487349, dauc: 0.884644, daupr: 0.340147, daupr_m: 0.415512
Epoch: 589 loss: 0.000022, pauc: 0.884803, paupr: 0.424031, paupr_m: 0.465529, dauc: 0.884811, daupr: 0.334086, daupr_m: 0.419897
Epoch: 599 loss: 0.000020, pauc: 0.874208, paupr: 0.431575, paupr_m: 0.466512, dauc: 0.885611, daupr: 0.340407, daupr_m: 0.419733
Epoch: 609 loss: 0.000020, pauc: 0.888208, paupr: 0.466144, paupr_m: 0.487591, dauc: 0.884646, daupr: 0.332814, daupr_m: 0.416007
Epoch: 619 loss: 0.000021, pauc: 0.887752, paupr: 0.447778, paupr_m: 0.482234, dauc: 0.884747, daupr: 0.336849, daupr_m: 0.419069
Epoch: 629 loss: 0.000020, pauc: 0.898205, paupr: 0.415901, paupr_m: 0.468472, dauc: 0.885096, daupr: 0.331024, daupr_m: 0.423328
Epoch: 639 loss: 0.000020, pauc: 0.896099, paupr: 0.427562, paupr_m: 0.481704, dauc: 0.885947, daupr: 0.348628, daupr_m: 0.426872
Epoch: 649 loss: 0.000019, pauc: 0.896712, paupr: 0.447655, paupr_m: 0.487287, dauc: 0.885580, daupr: 0.342174, daupr_m: 0.420058
Epoch: 659 loss: 0.000020, pauc: 0.888056, paupr: 0.426114, paupr_m: 0.476476, dauc: 0.884935, daupr: 0.329934, daupr_m: 0.420776
Epoch: 669 loss: 0.000019, pauc: 0.879744, paupr: 0.424147, paupr_m: 0.477688, dauc: 0.884536, daupr: 0.334803, daupr_m: 0.432353
Epoch: 679 loss: 0.000020, pauc: 0.889424, paupr: 0.439576, paupr_m: 0.488467, dauc: 0.884470, daupr: 0.331305, daupr_m: 0.423468
Epoch: 689 loss: 0.000020, pauc: 0.892033, paupr: 0.429467, paupr_m: 0.467715, dauc: 0.885460, daupr: 0.344363, daupr_m: 0.423798
Epoch: 699 loss: 0.000020, pauc: 0.898542, paupr: 0.436066, paupr_m: 0.505038, dauc: 0.885867, daupr: 0.355594, daupr_m: 0.420812
Epoch: 709 loss: 0.000020, pauc: 0.905616, paupr: 0.439067, paupr_m: 0.488209, dauc: 0.885383, daupr: 0.339727, daupr_m: 0.423388
Epoch: 719 loss: 0.000020, pauc: 0.886835, paupr: 0.423983, paupr_m: 0.476725, dauc: 0.884545, daupr: 0.336089, daupr_m: 0.421856
Epoch: 729 loss: 0.000019, pauc: 0.902845, paupr: 0.445673, paupr_m: 0.474387, dauc: 0.884897, daupr: 0.341897, daupr_m: 0.420095
Epoch: 739 loss: 0.000022, pauc: 0.890838, paupr: 0.405075, paupr_m: 0.472581, dauc: 0.885304, daupr: 0.349035, daupr_m: 0.421259
Epoch: 749 loss: 0.000020, pauc: 0.893434, paupr: 0.453364, paupr_m: 0.478778, dauc: 0.884612, daupr: 0.337652, daupr_m: 0.424379
Epoch: 759 loss: 0.000019, pauc: 0.893835, paupr: 0.442552, paupr_m: 0.486567, dauc: 0.885770, daupr: 0.351870, daupr_m: 0.425175
Epoch: 769 loss: 0.000019, pauc: 0.892906, paupr: 0.448620, paupr_m: 0.505762, dauc: 0.884275, daupr: 0.324113, daupr_m: 0.422525
Epoch: 779 loss: 0.000019, pauc: 0.899266, paupr: 0.445597, paupr_m: 0.491591, dauc: 0.884622, daupr: 0.337142, daupr_m: 0.424298
Epoch: 789 loss: 0.000020, pauc: 0.894783, paupr: 0.454352, paupr_m: 0.497370, dauc: 0.885106, daupr: 0.341974, daupr_m: 0.419791
Epoch: 799 loss: 0.000020, pauc: 0.886967, paupr: 0.426113, paupr_m: 0.471489, dauc: 0.885058, daupr: 0.333095, daupr_m: 0.424353
Epoch: 809 loss: 0.000019, pauc: 0.893764, paupr: 0.432839, paupr_m: 0.479809, dauc: 0.885832, daupr: 0.347702, daupr_m: 0.424715
Epoch: 819 loss: 0.000020, pauc: 0.888907, paupr: 0.402292, paupr_m: 0.478172, dauc: 0.884570, daupr: 0.327160, daupr_m: 0.421564
Epoch: 829 loss: 0.000021, pauc: 0.892093, paupr: 0.463598, paupr_m: 0.476154, dauc: 0.885396, daupr: 0.341174, daupr_m: 0.426597
Epoch: 839 loss: 0.000020, pauc: 0.893891, paupr: 0.425421, paupr_m: 0.496832, dauc: 0.884726, daupr: 0.340931, daupr_m: 0.421658
Epoch: 849 loss: 0.000019, pauc: 0.890111, paupr: 0.444770, paupr_m: 0.463112, dauc: 0.885941, daupr: 0.359487, daupr_m: 0.422249
Epoch: 859 loss: 0.000019, pauc: 0.898027, paupr: 0.426597, paupr_m: 0.488673, dauc: 0.885267, daupr: 0.344324, daupr_m: 0.425733
Epoch: 869 loss: 0.000020, pauc: 0.894758, paupr: 0.458820, paupr_m: 0.492557, dauc: 0.885987, daupr: 0.347124, daupr_m: 0.424786
Epoch: 879 loss: 0.000019, pauc: 0.905502, paupr: 0.451460, paupr_m: 0.488315, dauc: 0.883935, daupr: 0.321519, daupr_m: 0.422496
Epoch: 889 loss: 0.000019, pauc: 0.896088, paupr: 0.443278, paupr_m: 0.477459, dauc: 0.884923, daupr: 0.326085, daupr_m: 0.423221
Epoch: 899 loss: 0.000019, pauc: 0.900099, paupr: 0.435576, paupr_m: 0.488082, dauc: 0.885457, daupr: 0.339567, daupr_m: 0.424732
Epoch: 909 loss: 0.000019, pauc: 0.897211, paupr: 0.447222, paupr_m: 0.482620, dauc: 0.885857, daupr: 0.334409, daupr_m: 0.423559
Epoch: 919 loss: 0.000019, pauc: 0.891799, paupr: 0.419526, paupr_m: 0.485133, dauc: 0.884468, daupr: 0.333693, daupr_m: 0.423792
Epoch: 929 loss: 0.000019, pauc: 0.884772, paupr: 0.443444, paupr_m: 0.491209, dauc: 0.885039, daupr: 0.344032, daupr_m: 0.424168
Epoch: 939 loss: 0.000019, pauc: 0.880189, paupr: 0.426012, paupr_m: 0.484232, dauc: 0.885654, daupr: 0.345582, daupr_m: 0.423176
Epoch: 949 loss: 0.000019, pauc: 0.910912, paupr: 0.426876, paupr_m: 0.491614, dauc: 0.886557, daupr: 0.351791, daupr_m: 0.425911
Epoch: 959 loss: 0.000018, pauc: 0.900790, paupr: 0.433618, paupr_m: 0.494689, dauc: 0.885365, daupr: 0.346837, daupr_m: 0.426544
Epoch: 969 loss: 0.000020, pauc: 0.895144, paupr: 0.412749, paupr_m: 0.460550, dauc: 0.885500, daupr: 0.361867, daupr_m: 0.425031
Epoch: 979 loss: 0.000020, pauc: 0.903055, paupr: 0.421407, paupr_m: 0.490792, dauc: 0.884733, daupr: 0.341996, daupr_m: 0.424576
Epoch: 989 loss: 0.000021, pauc: 0.895367, paupr: 0.417386, paupr_m: 0.461694, dauc: 0.885684, daupr: 0.345354, daupr_m: 0.424773
Epoch: 999 loss: 0.000019, pauc: 0.897595, paupr: 0.441976, paupr_m: 0.485594, dauc: 0.885380, daupr: 0.340714, daupr_m: 0.424470
Epoch: 9 loss: 0.000495, pauc: 0.866775, paupr: 0.034006, paupr_m: 0.091879, dauc: 0.829330, daupr: 0.323973, daupr_m: 0.379964
Epoch: 19 loss: 0.000333, pauc: 0.876447, paupr: 0.050038, paupr_m: 0.160196, dauc: 0.865593, daupr: 0.356132, daupr_m: 0.420483
Epoch: 29 loss: 0.000231, pauc: 0.863018, paupr: 0.083079, paupr_m: 0.187401, dauc: 0.878943, daupr: 0.333904, daupr_m: 0.384719
Epoch: 39 loss: 0.000170, pauc: 0.863310, paupr: 0.103644, paupr_m: 0.209750, dauc: 0.882031, daupr: 0.307373, daupr_m: 0.347384
Epoch: 49 loss: 0.000126, pauc: 0.869121, paupr: 0.157116, paupr_m: 0.254318, dauc: 0.886435, daupr: 0.334738, daupr_m: 0.389578
Epoch: 59 loss: 0.000099, pauc: 0.863434, paupr: 0.164611, paupr_m: 0.273749, dauc: 0.889291, daupr: 0.350835, daupr_m: 0.407825
Epoch: 69 loss: 0.000080, pauc: 0.867613, paupr: 0.200897, paupr_m: 0.358287, dauc: 0.891564, daupr: 0.352336, daupr_m: 0.403895
Epoch: 79 loss: 0.000067, pauc: 0.863375, paupr: 0.219764, paupr_m: 0.380114, dauc: 0.890553, daupr: 0.341648, daupr_m: 0.397339
Epoch: 89 loss: 0.000056, pauc: 0.872636, paupr: 0.220698, paupr_m: 0.351670, dauc: 0.892281, daupr: 0.345702, daupr_m: 0.402298
Epoch: 99 loss: 0.000051, pauc: 0.869396, paupr: 0.231210, paupr_m: 0.365247, dauc: 0.892862, daupr: 0.353488, daupr_m: 0.408055
Epoch: 109 loss: 0.000045, pauc: 0.874127, paupr: 0.227443, paupr_m: 0.407131, dauc: 0.893202, daupr: 0.355438, daupr_m: 0.410662
Epoch: 119 loss: 0.000040, pauc: 0.880793, paupr: 0.228516, paupr_m: 0.402266, dauc: 0.894094, daupr: 0.365760, daupr_m: 0.411051
Epoch: 129 loss: 0.000037, pauc: 0.887473, paupr: 0.236621, paupr_m: 0.424277, dauc: 0.893030, daupr: 0.357580, daupr_m: 0.412083
Epoch: 139 loss: 0.000035, pauc: 0.870265, paupr: 0.252755, paupr_m: 0.439351, dauc: 0.893761, daupr: 0.351685, daupr_m: 0.413600
Epoch: 149 loss: 0.000033, pauc: 0.882245, paupr: 0.243279, paupr_m: 0.445394, dauc: 0.895436, daupr: 0.369543, daupr_m: 0.415713
Epoch: 159 loss: 0.000032, pauc: 0.904511, paupr: 0.252259, paupr_m: 0.444240, dauc: 0.894150, daupr: 0.355922, daupr_m: 0.414660
Epoch: 169 loss: 0.000030, pauc: 0.875255, paupr: 0.252393, paupr_m: 0.435386, dauc: 0.894595, daupr: 0.355796, daupr_m: 0.418884
Epoch: 179 loss: 0.000030, pauc: 0.881235, paupr: 0.258020, paupr_m: 0.463271, dauc: 0.894566, daupr: 0.358986, daupr_m: 0.422003
Epoch: 189 loss: 0.000028, pauc: 0.881796, paupr: 0.263099, paupr_m: 0.463421, dauc: 0.895334, daupr: 0.361940, daupr_m: 0.420720
Epoch: 199 loss: 0.000028, pauc: 0.874088, paupr: 0.249910, paupr_m: 0.450398, dauc: 0.894663, daupr: 0.359248, daupr_m: 0.424633
Epoch: 209 loss: 0.000027, pauc: 0.896845, paupr: 0.256190, paupr_m: 0.450151, dauc: 0.895226, daupr: 0.356742, daupr_m: 0.420912
Epoch: 219 loss: 0.000028, pauc: 0.877832, paupr: 0.260327, paupr_m: 0.449201, dauc: 0.896140, daupr: 0.366101, daupr_m: 0.424385
Epoch: 229 loss: 0.000026, pauc: 0.879019, paupr: 0.271961, paupr_m: 0.417035, dauc: 0.895957, daupr: 0.366012, daupr_m: 0.430076
Epoch: 239 loss: 0.000025, pauc: 0.882349, paupr: 0.260423, paupr_m: 0.465678, dauc: 0.896666, daupr: 0.370486, daupr_m: 0.433442
Epoch: 249 loss: 0.000025, pauc: 0.877588, paupr: 0.267394, paupr_m: 0.449285, dauc: 0.896218, daupr: 0.359950, daupr_m: 0.431689
Epoch: 259 loss: 0.000024, pauc: 0.877117, paupr: 0.266924, paupr_m: 0.444900, dauc: 0.896179, daupr: 0.363594, daupr_m: 0.432137
Epoch: 269 loss: 0.000024, pauc: 0.881338, paupr: 0.279139, paupr_m: 0.441364, dauc: 0.896360, daupr: 0.362609, daupr_m: 0.431987
Epoch: 279 loss: 0.000024, pauc: 0.884005, paupr: 0.263636, paupr_m: 0.486208, dauc: 0.896023, daupr: 0.366791, daupr_m: 0.433290
Epoch: 289 loss: 0.000024, pauc: 0.888570, paupr: 0.271334, paupr_m: 0.462317, dauc: 0.896804, daupr: 0.368831, daupr_m: 0.437663
Epoch: 299 loss: 0.000023, pauc: 0.894268, paupr: 0.273996, paupr_m: 0.483311, dauc: 0.895948, daupr: 0.358810, daupr_m: 0.439524
Epoch: 309 loss: 0.000023, pauc: 0.864971, paupr: 0.276485, paupr_m: 0.456263, dauc: 0.896888, daupr: 0.365448, daupr_m: 0.441027
Epoch: 319 loss: 0.000022, pauc: 0.885795, paupr: 0.274323, paupr_m: 0.441150, dauc: 0.897557, daupr: 0.375142, daupr_m: 0.443025
Epoch: 329 loss: 0.000023, pauc: 0.876181, paupr: 0.282290, paupr_m: 0.469370, dauc: 0.897225, daupr: 0.366968, daupr_m: 0.443840
Epoch: 339 loss: 0.000022, pauc: 0.878102, paupr: 0.285283, paupr_m: 0.458117, dauc: 0.897832, daupr: 0.381400, daupr_m: 0.444420
Epoch: 349 loss: 0.000022, pauc: 0.903539, paupr: 0.278762, paupr_m: 0.467018, dauc: 0.897239, daupr: 0.377081, daupr_m: 0.444940
Epoch: 359 loss: 0.000022, pauc: 0.860959, paupr: 0.275108, paupr_m: 0.463644, dauc: 0.897294, daupr: 0.373912, daupr_m: 0.450712
Epoch: 369 loss: 0.000022, pauc: 0.866928, paupr: 0.283333, paupr_m: 0.454692, dauc: 0.896840, daupr: 0.362546, daupr_m: 0.448902
Epoch: 379 loss: 0.000021, pauc: 0.860694, paupr: 0.282941, paupr_m: 0.449060, dauc: 0.897156, daupr: 0.366720, daupr_m: 0.451354
Epoch: 389 loss: 0.000021, pauc: 0.893264, paupr: 0.280918, paupr_m: 0.459271, dauc: 0.897292, daupr: 0.367163, daupr_m: 0.447645
Epoch: 399 loss: 0.000021, pauc: 0.871747, paupr: 0.271138, paupr_m: 0.430212, dauc: 0.896902, daupr: 0.369788, daupr_m: 0.449037
Epoch: 409 loss: 0.000021, pauc: 0.879684, paupr: 0.281354, paupr_m: 0.440999, dauc: 0.898178, daupr: 0.383310, daupr_m: 0.451266
Epoch: 419 loss: 0.000021, pauc: 0.870406, paupr: 0.267182, paupr_m: 0.467459, dauc: 0.897044, daupr: 0.370516, daupr_m: 0.452995
Epoch: 429 loss: 0.000022, pauc: 0.868169, paupr: 0.278457, paupr_m: 0.460945, dauc: 0.896789, daupr: 0.364244, daupr_m: 0.451345
Epoch: 439 loss: 0.000022, pauc: 0.881541, paupr: 0.283658, paupr_m: 0.443117, dauc: 0.897399, daupr: 0.372772, daupr_m: 0.454980
Epoch: 449 loss: 0.000021, pauc: 0.871082, paupr: 0.279855, paupr_m: 0.469581, dauc: 0.897532, daupr: 0.370736, daupr_m: 0.451864
Epoch: 459 loss: 0.000020, pauc: 0.871157, paupr: 0.274316, paupr_m: 0.447982, dauc: 0.898095, daupr: 0.377446, daupr_m: 0.452637
Epoch: 469 loss: 0.000021, pauc: 0.876507, paupr: 0.286712, paupr_m: 0.461123, dauc: 0.897242, daupr: 0.362721, daupr_m: 0.453658
Epoch: 479 loss: 0.000021, pauc: 0.866775, paupr: 0.275042, paupr_m: 0.461821, dauc: 0.897238, daupr: 0.368830, daupr_m: 0.454303
Epoch: 489 loss: 0.000020, pauc: 0.877167, paupr: 0.286831, paupr_m: 0.441506, dauc: 0.898034, daupr: 0.373566, daupr_m: 0.454185
Epoch: 499 loss: 0.000020, pauc: 0.886136, paupr: 0.279617, paupr_m: 0.448033, dauc: 0.897911, daupr: 0.387925, daupr_m: 0.458474
Epoch: 509 loss: 0.000020, pauc: 0.873749, paupr: 0.295700, paupr_m: 0.486195, dauc: 0.896697, daupr: 0.366916, daupr_m: 0.459602
Epoch: 519 loss: 0.000020, pauc: 0.873285, paupr: 0.278325, paupr_m: 0.459052, dauc: 0.897222, daupr: 0.367696, daupr_m: 0.459363
Epoch: 529 loss: 0.000021, pauc: 0.872536, paupr: 0.270192, paupr_m: 0.480090, dauc: 0.897195, daupr: 0.371178, daupr_m: 0.460278
Epoch: 539 loss: 0.000020, pauc: 0.872579, paupr: 0.290900, paupr_m: 0.467492, dauc: 0.898218, daupr: 0.388092, daupr_m: 0.457888
Epoch: 549 loss: 0.000019, pauc: 0.883270, paupr: 0.270293, paupr_m: 0.459309, dauc: 0.898041, daupr: 0.381357, daupr_m: 0.465281
Epoch: 559 loss: 0.000020, pauc: 0.863025, paupr: 0.276873, paupr_m: 0.450711, dauc: 0.896753, daupr: 0.369460, daupr_m: 0.468127
Epoch: 569 loss: 0.000020, pauc: 0.878571, paupr: 0.288706, paupr_m: 0.463568, dauc: 0.897205, daupr: 0.382187, daupr_m: 0.464967
Epoch: 579 loss: 0.000019, pauc: 0.885525, paupr: 0.279370, paupr_m: 0.460810, dauc: 0.897026, daupr: 0.378585, daupr_m: 0.461793
Epoch: 589 loss: 0.000019, pauc: 0.869954, paupr: 0.277319, paupr_m: 0.427923, dauc: 0.897296, daupr: 0.370945, daupr_m: 0.463490
Epoch: 599 loss: 0.000019, pauc: 0.857604, paupr: 0.276266, paupr_m: 0.443771, dauc: 0.898456, daupr: 0.395738, daupr_m: 0.463872
Epoch: 609 loss: 0.000019, pauc: 0.857735, paupr: 0.281101, paupr_m: 0.451897, dauc: 0.896893, daupr: 0.365852, daupr_m: 0.460189
Epoch: 619 loss: 0.000019, pauc: 0.874467, paupr: 0.277994, paupr_m: 0.465163, dauc: 0.896684, daupr: 0.363577, daupr_m: 0.463982
Epoch: 629 loss: 0.000020, pauc: 0.884788, paupr: 0.285641, paupr_m: 0.470235, dauc: 0.897531, daupr: 0.388572, daupr_m: 0.462866
Epoch: 639 loss: 0.000020, pauc: 0.893127, paupr: 0.285334, paupr_m: 0.449987, dauc: 0.896621, daupr: 0.370254, daupr_m: 0.464540
Epoch: 649 loss: 0.000020, pauc: 0.854660, paupr: 0.268186, paupr_m: 0.455288, dauc: 0.897363, daupr: 0.379052, daupr_m: 0.463658
Epoch: 659 loss: 0.000019, pauc: 0.881448, paupr: 0.275609, paupr_m: 0.451421, dauc: 0.898119, daupr: 0.391267, daupr_m: 0.467440
Epoch: 669 loss: 0.000019, pauc: 0.869365, paupr: 0.281959, paupr_m: 0.443958, dauc: 0.897555, daupr: 0.391574, daupr_m: 0.467768
Epoch: 679 loss: 0.000020, pauc: 0.873958, paupr: 0.289630, paupr_m: 0.452252, dauc: 0.897309, daupr: 0.376756, daupr_m: 0.471232
Epoch: 689 loss: 0.000019, pauc: 0.850910, paupr: 0.264207, paupr_m: 0.433097, dauc: 0.897984, daupr: 0.387773, daupr_m: 0.466465
Epoch: 699 loss: 0.000020, pauc: 0.853382, paupr: 0.276160, paupr_m: 0.473670, dauc: 0.897451, daupr: 0.383296, daupr_m: 0.468024
Epoch: 709 loss: 0.000020, pauc: 0.879909, paupr: 0.277129, paupr_m: 0.462794, dauc: 0.897794, daupr: 0.376390, daupr_m: 0.464115
Epoch: 719 loss: 0.000019, pauc: 0.859396, paupr: 0.270238, paupr_m: 0.449874, dauc: 0.897384, daupr: 0.382009, daupr_m: 0.465157
Epoch: 729 loss: 0.000019, pauc: 0.837588, paupr: 0.270947, paupr_m: 0.454639, dauc: 0.897458, daupr: 0.381696, daupr_m: 0.467131
Epoch: 739 loss: 0.000019, pauc: 0.872806, paupr: 0.271059, paupr_m: 0.449030, dauc: 0.897702, daupr: 0.381702, daupr_m: 0.466928
Epoch: 749 loss: 0.000019, pauc: 0.849109, paupr: 0.278932, paupr_m: 0.449606, dauc: 0.897384, daupr: 0.375837, daupr_m: 0.469352
Epoch: 759 loss: 0.000018, pauc: 0.877503, paupr: 0.285508, paupr_m: 0.464454, dauc: 0.896981, daupr: 0.382165, daupr_m: 0.474594
Epoch: 769 loss: 0.000018, pauc: 0.857332, paupr: 0.282078, paupr_m: 0.453975, dauc: 0.896477, daupr: 0.358794, daupr_m: 0.469055
Epoch: 779 loss: 0.000018, pauc: 0.851565, paupr: 0.276081, paupr_m: 0.446835, dauc: 0.897666, daupr: 0.388391, daupr_m: 0.467648
Epoch: 789 loss: 0.000020, pauc: 0.855100, paupr: 0.272402, paupr_m: 0.458612, dauc: 0.896875, daupr: 0.368122, daupr_m: 0.470706
Epoch: 799 loss: 0.000019, pauc: 0.866838, paupr: 0.283748, paupr_m: 0.464009, dauc: 0.896766, daupr: 0.381745, daupr_m: 0.466655
Epoch: 809 loss: 0.000018, pauc: 0.865942, paupr: 0.285793, paupr_m: 0.458922, dauc: 0.897004, daupr: 0.374983, daupr_m: 0.467959
Epoch: 819 loss: 0.000018, pauc: 0.853656, paupr: 0.268571, paupr_m: 0.476955, dauc: 0.897468, daupr: 0.389799, daupr_m: 0.467263
Epoch: 829 loss: 0.000019, pauc: 0.856950, paupr: 0.284776, paupr_m: 0.443391, dauc: 0.896708, daupr: 0.381105, daupr_m: 0.473130
Epoch: 839 loss: 0.000019, pauc: 0.873062, paupr: 0.276802, paupr_m: 0.444234, dauc: 0.896477, daupr: 0.367926, daupr_m: 0.467639
Epoch: 849 loss: 0.000018, pauc: 0.854434, paupr: 0.267465, paupr_m: 0.460316, dauc: 0.896991, daupr: 0.376024, daupr_m: 0.469898
Epoch: 859 loss: 0.000019, pauc: 0.838687, paupr: 0.288739, paupr_m: 0.460208, dauc: 0.898874, daupr: 0.410708, daupr_m: 0.468473
Epoch: 869 loss: 0.000021, pauc: 0.832640, paupr: 0.264873, paupr_m: 0.441487, dauc: 0.897005, daupr: 0.380835, daupr_m: 0.468428
Epoch: 879 loss: 0.000018, pauc: 0.885894, paupr: 0.286964, paupr_m: 0.476816, dauc: 0.897253, daupr: 0.386750, daupr_m: 0.468273
Epoch: 889 loss: 0.000019, pauc: 0.836040, paupr: 0.278747, paupr_m: 0.449946, dauc: 0.896745, daupr: 0.383265, daupr_m: 0.470232
Epoch: 899 loss: 0.000018, pauc: 0.857878, paupr: 0.278272, paupr_m: 0.435263, dauc: 0.896085, daupr: 0.372588, daupr_m: 0.470947
Epoch: 909 loss: 0.000018, pauc: 0.881020, paupr: 0.270748, paupr_m: 0.482998, dauc: 0.895981, daupr: 0.363670, daupr_m: 0.469537
Epoch: 919 loss: 0.000018, pauc: 0.837119, paupr: 0.274513, paupr_m: 0.445351, dauc: 0.896983, daupr: 0.369842, daupr_m: 0.468464
Epoch: 929 loss: 0.000019, pauc: 0.834309, paupr: 0.274572, paupr_m: 0.461091, dauc: 0.897494, daupr: 0.375370, daupr_m: 0.470510
Epoch: 939 loss: 0.000018, pauc: 0.874214, paupr: 0.272319, paupr_m: 0.437976, dauc: 0.897698, daupr: 0.390809, daupr_m: 0.471466
Epoch: 949 loss: 0.000018, pauc: 0.836906, paupr: 0.265817, paupr_m: 0.448889, dauc: 0.897768, daupr: 0.384019, daupr_m: 0.470914
Epoch: 959 loss: 0.000019, pauc: 0.869500, paupr: 0.281672, paupr_m: 0.455202, dauc: 0.897375, daupr: 0.380376, daupr_m: 0.470901
Epoch: 969 loss: 0.000018, pauc: 0.863129, paupr: 0.283262, paupr_m: 0.451865, dauc: 0.896761, daupr: 0.377372, daupr_m: 0.470533
Epoch: 979 loss: 0.000018, pauc: 0.861092, paupr: 0.285096, paupr_m: 0.472451, dauc: 0.897300, daupr: 0.379884, daupr_m: 0.469504
Epoch: 989 loss: 0.000018, pauc: 0.877297, paupr: 0.279474, paupr_m: 0.466238, dauc: 0.896351, daupr: 0.377828, daupr_m: 0.470945
Epoch: 999 loss: 0.000019, pauc: 0.852333, paupr: 0.277792, paupr_m: 0.451265, dauc: 0.896524, daupr: 0.373812, daupr_m: 0.469180
Epoch: 9 loss: 0.000493, pauc: 0.889429, paupr: 0.032484, paupr_m: 0.120195, dauc: 0.789541, daupr: 0.300377, daupr_m: 0.376005
Epoch: 19 loss: 0.000336, pauc: 0.904220, paupr: 0.065309, paupr_m: 0.162564, dauc: 0.825099, daupr: 0.336289, daupr_m: 0.413592
Epoch: 29 loss: 0.000234, pauc: 0.895676, paupr: 0.086306, paupr_m: 0.184794, dauc: 0.837305, daupr: 0.315425, daupr_m: 0.376814
Epoch: 39 loss: 0.000169, pauc: 0.882121, paupr: 0.096436, paupr_m: 0.190107, dauc: 0.841885, daupr: 0.297715, daupr_m: 0.351148
Epoch: 49 loss: 0.000127, pauc: 0.886923, paupr: 0.105053, paupr_m: 0.236412, dauc: 0.847496, daupr: 0.324149, daupr_m: 0.385530
Epoch: 59 loss: 0.000099, pauc: 0.884704, paupr: 0.157476, paupr_m: 0.272042, dauc: 0.849364, daupr: 0.330199, daupr_m: 0.406358
Epoch: 69 loss: 0.000080, pauc: 0.888054, paupr: 0.190196, paupr_m: 0.288031, dauc: 0.849857, daupr: 0.326392, daupr_m: 0.398201
Epoch: 79 loss: 0.000067, pauc: 0.888033, paupr: 0.175869, paupr_m: 0.301563, dauc: 0.852469, daupr: 0.331928, daupr_m: 0.394911
Epoch: 89 loss: 0.000057, pauc: 0.906343, paupr: 0.208963, paupr_m: 0.346660, dauc: 0.851699, daupr: 0.331621, daupr_m: 0.400164
Epoch: 99 loss: 0.000050, pauc: 0.907734, paupr: 0.236773, paupr_m: 0.356319, dauc: 0.853416, daupr: 0.331578, daupr_m: 0.406741
Epoch: 109 loss: 0.000045, pauc: 0.907051, paupr: 0.233847, paupr_m: 0.360098, dauc: 0.852975, daupr: 0.324544, daupr_m: 0.404561
Epoch: 119 loss: 0.000041, pauc: 0.895975, paupr: 0.269495, paupr_m: 0.365955, dauc: 0.853428, daupr: 0.330353, daupr_m: 0.407142
Epoch: 129 loss: 0.000038, pauc: 0.908873, paupr: 0.273930, paupr_m: 0.397858, dauc: 0.854172, daupr: 0.333236, daupr_m: 0.408578
Epoch: 139 loss: 0.000035, pauc: 0.903584, paupr: 0.300792, paupr_m: 0.425718, dauc: 0.854454, daupr: 0.331444, daupr_m: 0.406658
Epoch: 149 loss: 0.000034, pauc: 0.894754, paupr: 0.311077, paupr_m: 0.428948, dauc: 0.855292, daupr: 0.332716, daupr_m: 0.416694
Epoch: 159 loss: 0.000032, pauc: 0.896507, paupr: 0.309786, paupr_m: 0.427655, dauc: 0.855166, daupr: 0.335315, daupr_m: 0.408954
Epoch: 169 loss: 0.000030, pauc: 0.907519, paupr: 0.320479, paupr_m: 0.406082, dauc: 0.854555, daupr: 0.328963, daupr_m: 0.418514
Epoch: 179 loss: 0.000029, pauc: 0.906903, paupr: 0.324971, paupr_m: 0.436106, dauc: 0.855880, daupr: 0.342664, daupr_m: 0.419708
Epoch: 189 loss: 0.000028, pauc: 0.910693, paupr: 0.331135, paupr_m: 0.439150, dauc: 0.855450, daupr: 0.331549, daupr_m: 0.413242
Epoch: 199 loss: 0.000027, pauc: 0.906293, paupr: 0.339656, paupr_m: 0.436132, dauc: 0.854115, daupr: 0.328955, daupr_m: 0.415603
Epoch: 209 loss: 0.000027, pauc: 0.910000, paupr: 0.350746, paupr_m: 0.440983, dauc: 0.856849, daupr: 0.330163, daupr_m: 0.424168
Epoch: 219 loss: 0.000026, pauc: 0.890850, paupr: 0.342476, paupr_m: 0.412404, dauc: 0.856555, daupr: 0.338131, daupr_m: 0.426140
Epoch: 229 loss: 0.000026, pauc: 0.914637, paupr: 0.337595, paupr_m: 0.443996, dauc: 0.855711, daupr: 0.338282, daupr_m: 0.422718
Epoch: 239 loss: 0.000025, pauc: 0.900533, paupr: 0.364056, paupr_m: 0.455771, dauc: 0.856414, daupr: 0.333959, daupr_m: 0.424627
Epoch: 249 loss: 0.000025, pauc: 0.907627, paupr: 0.346642, paupr_m: 0.443770, dauc: 0.857013, daupr: 0.337294, daupr_m: 0.423821
Epoch: 259 loss: 0.000024, pauc: 0.901716, paupr: 0.350878, paupr_m: 0.434410, dauc: 0.857000, daupr: 0.348867, daupr_m: 0.426054
Epoch: 269 loss: 0.000024, pauc: 0.905378, paupr: 0.372328, paupr_m: 0.461285, dauc: 0.858859, daupr: 0.344652, daupr_m: 0.425123
Epoch: 279 loss: 0.000023, pauc: 0.905419, paupr: 0.370829, paupr_m: 0.439989, dauc: 0.857433, daupr: 0.346708, daupr_m: 0.427647
Epoch: 289 loss: 0.000023, pauc: 0.900330, paupr: 0.373617, paupr_m: 0.443077, dauc: 0.857313, daupr: 0.340459, daupr_m: 0.429827
Epoch: 299 loss: 0.000023, pauc: 0.897035, paupr: 0.376772, paupr_m: 0.476530, dauc: 0.858232, daupr: 0.340300, daupr_m: 0.431395
Epoch: 309 loss: 0.000023, pauc: 0.905119, paupr: 0.387245, paupr_m: 0.459334, dauc: 0.856729, daupr: 0.333465, daupr_m: 0.431886
Epoch: 319 loss: 0.000023, pauc: 0.900101, paupr: 0.370365, paupr_m: 0.441247, dauc: 0.858055, daupr: 0.347278, daupr_m: 0.432349
Epoch: 329 loss: 0.000023, pauc: 0.911034, paupr: 0.385169, paupr_m: 0.458045, dauc: 0.857683, daupr: 0.342228, daupr_m: 0.438306
Epoch: 339 loss: 0.000022, pauc: 0.903928, paupr: 0.375649, paupr_m: 0.471803, dauc: 0.858057, daupr: 0.341915, daupr_m: 0.440322
Epoch: 349 loss: 0.000022, pauc: 0.918819, paupr: 0.365665, paupr_m: 0.466992, dauc: 0.858544, daupr: 0.343922, daupr_m: 0.433917
Epoch: 359 loss: 0.000022, pauc: 0.900244, paupr: 0.379054, paupr_m: 0.453362, dauc: 0.858025, daupr: 0.335574, daupr_m: 0.435381
Epoch: 369 loss: 0.000021, pauc: 0.910645, paupr: 0.383224, paupr_m: 0.470954, dauc: 0.857724, daupr: 0.343406, daupr_m: 0.439570
Epoch: 379 loss: 0.000021, pauc: 0.900659, paupr: 0.401971, paupr_m: 0.468389, dauc: 0.859285, daupr: 0.350796, daupr_m: 0.441017
Epoch: 389 loss: 0.000021, pauc: 0.918017, paupr: 0.382238, paupr_m: 0.457281, dauc: 0.857571, daupr: 0.344506, daupr_m: 0.442536
Epoch: 399 loss: 0.000021, pauc: 0.910759, paupr: 0.375158, paupr_m: 0.446468, dauc: 0.858652, daupr: 0.351030, daupr_m: 0.444558
Epoch: 409 loss: 0.000021, pauc: 0.899984, paupr: 0.385911, paupr_m: 0.460631, dauc: 0.858830, daupr: 0.350974, daupr_m: 0.444683
Epoch: 419 loss: 0.000022, pauc: 0.914783, paupr: 0.374517, paupr_m: 0.466677, dauc: 0.858945, daupr: 0.351901, daupr_m: 0.443765
Epoch: 429 loss: 0.000020, pauc: 0.916945, paupr: 0.370761, paupr_m: 0.449763, dauc: 0.858458, daupr: 0.348994, daupr_m: 0.450415
Epoch: 439 loss: 0.000020, pauc: 0.908725, paupr: 0.393535, paupr_m: 0.466280, dauc: 0.858052, daupr: 0.347194, daupr_m: 0.443919
Epoch: 449 loss: 0.000021, pauc: 0.903648, paupr: 0.382587, paupr_m: 0.464880, dauc: 0.858864, daupr: 0.352752, daupr_m: 0.447815
Epoch: 459 loss: 0.000022, pauc: 0.911825, paupr: 0.372768, paupr_m: 0.464039, dauc: 0.858972, daupr: 0.354863, daupr_m: 0.448283
Epoch: 469 loss: 0.000022, pauc: 0.903323, paupr: 0.400862, paupr_m: 0.471380, dauc: 0.858319, daupr: 0.337275, daupr_m: 0.449776
Epoch: 479 loss: 0.000020, pauc: 0.915310, paupr: 0.401230, paupr_m: 0.456177, dauc: 0.859251, daupr: 0.349419, daupr_m: 0.447844
Epoch: 489 loss: 0.000020, pauc: 0.913491, paupr: 0.390454, paupr_m: 0.444875, dauc: 0.858830, daupr: 0.356138, daupr_m: 0.447603
Epoch: 499 loss: 0.000020, pauc: 0.913130, paupr: 0.392959, paupr_m: 0.477945, dauc: 0.859366, daupr: 0.353771, daupr_m: 0.449194
Epoch: 509 loss: 0.000020, pauc: 0.909135, paupr: 0.401250, paupr_m: 0.477995, dauc: 0.859233, daupr: 0.357320, daupr_m: 0.453895
Epoch: 519 loss: 0.000020, pauc: 0.913158, paupr: 0.392250, paupr_m: 0.448625, dauc: 0.859164, daupr: 0.352324, daupr_m: 0.452368
Epoch: 529 loss: 0.000020, pauc: 0.901207, paupr: 0.390893, paupr_m: 0.428695, dauc: 0.858793, daupr: 0.347209, daupr_m: 0.456132
Epoch: 539 loss: 0.000020, pauc: 0.907572, paupr: 0.389313, paupr_m: 0.472316, dauc: 0.857986, daupr: 0.335190, daupr_m: 0.453259
Epoch: 549 loss: 0.000020, pauc: 0.902471, paupr: 0.395393, paupr_m: 0.462051, dauc: 0.859485, daupr: 0.359169, daupr_m: 0.451645
Epoch: 559 loss: 0.000019, pauc: 0.907264, paupr: 0.405310, paupr_m: 0.479156, dauc: 0.857619, daupr: 0.342708, daupr_m: 0.454688
Epoch: 569 loss: 0.000019, pauc: 0.906561, paupr: 0.400124, paupr_m: 0.465612, dauc: 0.858245, daupr: 0.348982, daupr_m: 0.458599
Epoch: 579 loss: 0.000019, pauc: 0.913748, paupr: 0.395446, paupr_m: 0.449113, dauc: 0.860420, daupr: 0.369988, daupr_m: 0.453945
Epoch: 589 loss: 0.000019, pauc: 0.904388, paupr: 0.391793, paupr_m: 0.458474, dauc: 0.859327, daupr: 0.353138, daupr_m: 0.459562
Epoch: 599 loss: 0.000020, pauc: 0.910141, paupr: 0.408240, paupr_m: 0.470513, dauc: 0.858603, daupr: 0.346171, daupr_m: 0.458712
Epoch: 609 loss: 0.000019, pauc: 0.915866, paupr: 0.402314, paupr_m: 0.479508, dauc: 0.858910, daupr: 0.355560, daupr_m: 0.458993
Epoch: 619 loss: 0.000021, pauc: 0.905388, paupr: 0.367592, paupr_m: 0.454181, dauc: 0.859575, daupr: 0.357056, daupr_m: 0.465648
Epoch: 629 loss: 0.000020, pauc: 0.918228, paupr: 0.396529, paupr_m: 0.470469, dauc: 0.858788, daupr: 0.345579, daupr_m: 0.456280
Epoch: 639 loss: 0.000020, pauc: 0.909397, paupr: 0.395160, paupr_m: 0.473624, dauc: 0.859014, daupr: 0.352026, daupr_m: 0.458370
Epoch: 649 loss: 0.000020, pauc: 0.898424, paupr: 0.397156, paupr_m: 0.452086, dauc: 0.858473, daupr: 0.353325, daupr_m: 0.457594
Epoch: 659 loss: 0.000019, pauc: 0.912223, paupr: 0.395783, paupr_m: 0.453420, dauc: 0.859342, daupr: 0.347877, daupr_m: 0.454523
Epoch: 669 loss: 0.000019, pauc: 0.915636, paupr: 0.398804, paupr_m: 0.470436, dauc: 0.858133, daupr: 0.348349, daupr_m: 0.458306
Epoch: 679 loss: 0.000019, pauc: 0.909918, paupr: 0.395688, paupr_m: 0.443452, dauc: 0.857867, daupr: 0.337913, daupr_m: 0.459167
Epoch: 689 loss: 0.000019, pauc: 0.899126, paupr: 0.389660, paupr_m: 0.449338, dauc: 0.859185, daupr: 0.366868, daupr_m: 0.461019
Epoch: 699 loss: 0.000019, pauc: 0.905573, paupr: 0.372917, paupr_m: 0.456881, dauc: 0.858328, daupr: 0.340834, daupr_m: 0.460608
Epoch: 709 loss: 0.000019, pauc: 0.913360, paupr: 0.392003, paupr_m: 0.459190, dauc: 0.858912, daupr: 0.350677, daupr_m: 0.464138
Epoch: 719 loss: 0.000019, pauc: 0.901817, paupr: 0.400356, paupr_m: 0.465049, dauc: 0.859338, daupr: 0.355229, daupr_m: 0.457321
Epoch: 729 loss: 0.000019, pauc: 0.901196, paupr: 0.418597, paupr_m: 0.461344, dauc: 0.858544, daupr: 0.360891, daupr_m: 0.461341
Epoch: 739 loss: 0.000019, pauc: 0.906574, paupr: 0.407683, paupr_m: 0.511612, dauc: 0.858161, daupr: 0.338400, daupr_m: 0.462155
Epoch: 749 loss: 0.000019, pauc: 0.901144, paupr: 0.413435, paupr_m: 0.462450, dauc: 0.858203, daupr: 0.344803, daupr_m: 0.458127
Epoch: 759 loss: 0.000018, pauc: 0.900445, paupr: 0.394059, paupr_m: 0.467012, dauc: 0.859474, daupr: 0.353298, daupr_m: 0.458972
Epoch: 769 loss: 0.000018, pauc: 0.909870, paupr: 0.401001, paupr_m: 0.462493, dauc: 0.858098, daupr: 0.337656, daupr_m: 0.462042
Epoch: 779 loss: 0.000020, pauc: 0.922666, paupr: 0.400721, paupr_m: 0.459242, dauc: 0.858608, daupr: 0.346528, daupr_m: 0.465562
Epoch: 789 loss: 0.000019, pauc: 0.917030, paupr: 0.390513, paupr_m: 0.459520, dauc: 0.857954, daupr: 0.337364, daupr_m: 0.457099
Epoch: 799 loss: 0.000019, pauc: 0.913259, paupr: 0.398923, paupr_m: 0.474069, dauc: 0.858203, daupr: 0.350755, daupr_m: 0.465996
Epoch: 809 loss: 0.000019, pauc: 0.921746, paupr: 0.404400, paupr_m: 0.466929, dauc: 0.858838, daupr: 0.351618, daupr_m: 0.462402
Epoch: 819 loss: 0.000019, pauc: 0.903514, paupr: 0.392321, paupr_m: 0.452231, dauc: 0.858641, daupr: 0.359827, daupr_m: 0.461556
Epoch: 829 loss: 0.000018, pauc: 0.918922, paupr: 0.397388, paupr_m: 0.462451, dauc: 0.859171, daupr: 0.356771, daupr_m: 0.459361
Epoch: 839 loss: 0.000018, pauc: 0.902489, paupr: 0.401491, paupr_m: 0.491809, dauc: 0.858155, daupr: 0.345575, daupr_m: 0.465345
Epoch: 849 loss: 0.000020, pauc: 0.906767, paupr: 0.397927, paupr_m: 0.451925, dauc: 0.858080, daupr: 0.346505, daupr_m: 0.464778
Epoch: 859 loss: 0.000019, pauc: 0.895007, paupr: 0.391030, paupr_m: 0.447978, dauc: 0.858753, daupr: 0.355106, daupr_m: 0.461408
Epoch: 869 loss: 0.000019, pauc: 0.902418, paupr: 0.389037, paupr_m: 0.462653, dauc: 0.859677, daupr: 0.364388, daupr_m: 0.466489
Epoch: 879 loss: 0.000018, pauc: 0.912682, paupr: 0.402386, paupr_m: 0.457636, dauc: 0.858729, daupr: 0.349290, daupr_m: 0.464954
Epoch: 889 loss: 0.000018, pauc: 0.912289, paupr: 0.409559, paupr_m: 0.484599, dauc: 0.859331, daupr: 0.359275, daupr_m: 0.462334
Epoch: 899 loss: 0.000018, pauc: 0.903506, paupr: 0.406490, paupr_m: 0.479705, dauc: 0.858538, daupr: 0.359869, daupr_m: 0.463983
Epoch: 909 loss: 0.000018, pauc: 0.909279, paupr: 0.400125, paupr_m: 0.474780, dauc: 0.858470, daupr: 0.356307, daupr_m: 0.464881
Epoch: 919 loss: 0.000018, pauc: 0.917934, paupr: 0.388418, paupr_m: 0.486370, dauc: 0.858089, daupr: 0.348218, daupr_m: 0.463905
Epoch: 929 loss: 0.000019, pauc: 0.896616, paupr: 0.404468, paupr_m: 0.468379, dauc: 0.858793, daupr: 0.345069, daupr_m: 0.463741
Epoch: 939 loss: 0.000018, pauc: 0.915559, paupr: 0.393299, paupr_m: 0.448820, dauc: 0.857881, daupr: 0.336479, daupr_m: 0.465596
Epoch: 949 loss: 0.000018, pauc: 0.908013, paupr: 0.402587, paupr_m: 0.448141, dauc: 0.858560, daupr: 0.351567, daupr_m: 0.463695
Epoch: 959 loss: 0.000018, pauc: 0.913971, paupr: 0.403164, paupr_m: 0.472625, dauc: 0.858705, daupr: 0.346237, daupr_m: 0.464598
Epoch: 969 loss: 0.000018, pauc: 0.911799, paupr: 0.404191, paupr_m: 0.464931, dauc: 0.857373, daupr: 0.336516, daupr_m: 0.464290
Epoch: 979 loss: 0.000018, pauc: 0.910774, paupr: 0.402855, paupr_m: 0.452498, dauc: 0.858923, daupr: 0.353144, daupr_m: 0.464907
Epoch: 989 loss: 0.000021, pauc: 0.895023, paupr: 0.402998, paupr_m: 0.471520, dauc: 0.860528, daupr: 0.369547, daupr_m: 0.464552
Epoch: 999 loss: 0.000018, pauc: 0.903187, paupr: 0.399518, paupr_m: 0.466474, dauc: 0.860187, daupr: 0.361390, daupr_m: 0.464960
Epoch: 9 loss: 0.000502, pauc: 0.880006, paupr: 0.024843, paupr_m: 0.088486, dauc: 0.839408, daupr: 0.336766, daupr_m: 0.388967
Epoch: 19 loss: 0.000339, pauc: 0.886315, paupr: 0.043200, paupr_m: 0.121429, dauc: 0.876986, daupr: 0.368162, daupr_m: 0.428368
Epoch: 29 loss: 0.000238, pauc: 0.888244, paupr: 0.102118, paupr_m: 0.158336, dauc: 0.891113, daupr: 0.342628, daupr_m: 0.382392
Epoch: 39 loss: 0.000172, pauc: 0.874699, paupr: 0.204682, paupr_m: 0.269402, dauc: 0.894757, daupr: 0.320866, daupr_m: 0.347438
Epoch: 49 loss: 0.000130, pauc: 0.868752, paupr: 0.243488, paupr_m: 0.291349, dauc: 0.899796, daupr: 0.349712, daupr_m: 0.392720
Epoch: 59 loss: 0.000101, pauc: 0.882697, paupr: 0.275530, paupr_m: 0.298340, dauc: 0.902152, daupr: 0.360938, daupr_m: 0.418265
Epoch: 69 loss: 0.000080, pauc: 0.881093, paupr: 0.319678, paupr_m: 0.354422, dauc: 0.904685, daupr: 0.364459, daupr_m: 0.403513
Epoch: 79 loss: 0.000067, pauc: 0.875989, paupr: 0.354511, paupr_m: 0.391633, dauc: 0.904360, daupr: 0.358585, daupr_m: 0.400758
Epoch: 89 loss: 0.000057, pauc: 0.881619, paupr: 0.340966, paupr_m: 0.381724, dauc: 0.903874, daupr: 0.352253, daupr_m: 0.405239
Epoch: 99 loss: 0.000050, pauc: 0.865511, paupr: 0.347748, paupr_m: 0.393525, dauc: 0.904772, daupr: 0.358643, daupr_m: 0.408754
Epoch: 109 loss: 0.000045, pauc: 0.867126, paupr: 0.357407, paupr_m: 0.393327, dauc: 0.905567, daupr: 0.363949, daupr_m: 0.408349
Epoch: 119 loss: 0.000041, pauc: 0.848500, paupr: 0.385701, paupr_m: 0.404227, dauc: 0.906637, daupr: 0.368040, daupr_m: 0.411060
Epoch: 129 loss: 0.000039, pauc: 0.868869, paupr: 0.396490, paupr_m: 0.426455, dauc: 0.905645, daupr: 0.366802, daupr_m: 0.418029
Epoch: 139 loss: 0.000035, pauc: 0.878546, paupr: 0.392191, paupr_m: 0.420489, dauc: 0.907678, daupr: 0.372803, daupr_m: 0.414388
Epoch: 149 loss: 0.000034, pauc: 0.867126, paupr: 0.406069, paupr_m: 0.425959, dauc: 0.906897, daupr: 0.368099, daupr_m: 0.418277
Epoch: 159 loss: 0.000032, pauc: 0.873496, paupr: 0.401413, paupr_m: 0.414971, dauc: 0.907827, daupr: 0.374057, daupr_m: 0.423132
Epoch: 169 loss: 0.000032, pauc: 0.882387, paupr: 0.403660, paupr_m: 0.413027, dauc: 0.908031, daupr: 0.377330, daupr_m: 0.425764
Epoch: 179 loss: 0.000030, pauc: 0.886231, paupr: 0.402721, paupr_m: 0.419403, dauc: 0.906757, daupr: 0.365923, daupr_m: 0.424542
Epoch: 189 loss: 0.000029, pauc: 0.882342, paupr: 0.400214, paupr_m: 0.448611, dauc: 0.907919, daupr: 0.369257, daupr_m: 0.422720
Epoch: 199 loss: 0.000028, pauc: 0.876594, paupr: 0.408602, paupr_m: 0.444178, dauc: 0.908488, daupr: 0.369184, daupr_m: 0.427694
Epoch: 209 loss: 0.000027, pauc: 0.863401, paupr: 0.403813, paupr_m: 0.440547, dauc: 0.908105, daupr: 0.370894, daupr_m: 0.428352
Epoch: 219 loss: 0.000027, pauc: 0.868563, paupr: 0.405446, paupr_m: 0.425801, dauc: 0.908221, daupr: 0.368176, daupr_m: 0.427927
Epoch: 229 loss: 0.000026, pauc: 0.872849, paupr: 0.423972, paupr_m: 0.463004, dauc: 0.909357, daupr: 0.380491, daupr_m: 0.436010
Epoch: 239 loss: 0.000025, pauc: 0.870721, paupr: 0.420558, paupr_m: 0.455540, dauc: 0.908863, daupr: 0.375205, daupr_m: 0.436265
Epoch: 249 loss: 0.000025, pauc: 0.868445, paupr: 0.426115, paupr_m: 0.454263, dauc: 0.909378, daupr: 0.378501, daupr_m: 0.433469
Epoch: 259 loss: 0.000026, pauc: 0.906127, paupr: 0.416920, paupr_m: 0.469649, dauc: 0.908792, daupr: 0.375215, daupr_m: 0.439474
Epoch: 269 loss: 0.000024, pauc: 0.877296, paupr: 0.410387, paupr_m: 0.446237, dauc: 0.909309, daupr: 0.373907, daupr_m: 0.433009
Epoch: 279 loss: 0.000024, pauc: 0.894659, paupr: 0.425110, paupr_m: 0.442008, dauc: 0.910030, daupr: 0.386375, daupr_m: 0.442258
Epoch: 289 loss: 0.000024, pauc: 0.881190, paupr: 0.429420, paupr_m: 0.462680, dauc: 0.909370, daupr: 0.378654, daupr_m: 0.436945
Epoch: 299 loss: 0.000024, pauc: 0.888666, paupr: 0.422371, paupr_m: 0.457755, dauc: 0.910149, daupr: 0.384454, daupr_m: 0.445211
Epoch: 309 loss: 0.000023, pauc: 0.878094, paupr: 0.414908, paupr_m: 0.433082, dauc: 0.909690, daupr: 0.378481, daupr_m: 0.442305
Epoch: 319 loss: 0.000023, pauc: 0.895608, paupr: 0.425772, paupr_m: 0.455021, dauc: 0.910326, daupr: 0.387031, daupr_m: 0.447753
Epoch: 329 loss: 0.000023, pauc: 0.903857, paupr: 0.419106, paupr_m: 0.468424, dauc: 0.910365, daupr: 0.384673, daupr_m: 0.443499
Epoch: 339 loss: 0.000023, pauc: 0.902902, paupr: 0.424669, paupr_m: 0.470717, dauc: 0.909911, daupr: 0.387831, daupr_m: 0.450575
Epoch: 349 loss: 0.000022, pauc: 0.881359, paupr: 0.418552, paupr_m: 0.458858, dauc: 0.909764, daupr: 0.377267, daupr_m: 0.446815
Epoch: 359 loss: 0.000022, pauc: 0.895202, paupr: 0.417816, paupr_m: 0.475287, dauc: 0.910244, daupr: 0.382414, daupr_m: 0.449402
Epoch: 369 loss: 0.000022, pauc: 0.879373, paupr: 0.411700, paupr_m: 0.451799, dauc: 0.910319, daupr: 0.384434, daupr_m: 0.448901
Epoch: 379 loss: 0.000022, pauc: 0.884814, paupr: 0.420986, paupr_m: 0.432782, dauc: 0.911009, daupr: 0.395400, daupr_m: 0.456262
Epoch: 389 loss: 0.000021, pauc: 0.883883, paupr: 0.416583, paupr_m: 0.459778, dauc: 0.910535, daupr: 0.387659, daupr_m: 0.451606
Epoch: 399 loss: 0.000022, pauc: 0.888776, paupr: 0.432026, paupr_m: 0.470070, dauc: 0.910846, daupr: 0.392559, daupr_m: 0.452430
Epoch: 409 loss: 0.000021, pauc: 0.884361, paupr: 0.418285, paupr_m: 0.466866, dauc: 0.910569, daupr: 0.390796, daupr_m: 0.457673
Epoch: 419 loss: 0.000023, pauc: 0.891017, paupr: 0.426745, paupr_m: 0.460412, dauc: 0.910358, daupr: 0.386670, daupr_m: 0.456143
Epoch: 429 loss: 0.000021, pauc: 0.886805, paupr: 0.420411, paupr_m: 0.472257, dauc: 0.910768, daupr: 0.392233, daupr_m: 0.459540
Epoch: 439 loss: 0.000022, pauc: 0.895507, paupr: 0.422636, paupr_m: 0.468258, dauc: 0.910173, daupr: 0.393396, daupr_m: 0.457479
Epoch: 449 loss: 0.000022, pauc: 0.896461, paupr: 0.421113, paupr_m: 0.472616, dauc: 0.909960, daupr: 0.378691, daupr_m: 0.460368
Epoch: 459 loss: 0.000021, pauc: 0.900577, paupr: 0.421249, paupr_m: 0.465570, dauc: 0.910853, daupr: 0.390615, daupr_m: 0.459273
Epoch: 469 loss: 0.000021, pauc: 0.898891, paupr: 0.424327, paupr_m: 0.459782, dauc: 0.910756, daupr: 0.389029, daupr_m: 0.461788
Epoch: 479 loss: 0.000020, pauc: 0.883552, paupr: 0.431579, paupr_m: 0.471196, dauc: 0.911004, daupr: 0.397726, daupr_m: 0.461240
Epoch: 489 loss: 0.000021, pauc: 0.890502, paupr: 0.423144, paupr_m: 0.469035, dauc: 0.910898, daupr: 0.385942, daupr_m: 0.464261
Epoch: 499 loss: 0.000021, pauc: 0.870564, paupr: 0.424184, paupr_m: 0.464707, dauc: 0.910422, daupr: 0.387386, daupr_m: 0.463658
Epoch: 509 loss: 0.000020, pauc: 0.889968, paupr: 0.417411, paupr_m: 0.449645, dauc: 0.911202, daupr: 0.386794, daupr_m: 0.461765
Epoch: 519 loss: 0.000020, pauc: 0.886007, paupr: 0.422231, paupr_m: 0.483892, dauc: 0.910793, daupr: 0.393228, daupr_m: 0.460998
Epoch: 529 loss: 0.000020, pauc: 0.897384, paupr: 0.416830, paupr_m: 0.460313, dauc: 0.910809, daupr: 0.386661, daupr_m: 0.466244
Epoch: 539 loss: 0.000021, pauc: 0.888329, paupr: 0.422732, paupr_m: 0.472672, dauc: 0.910863, daupr: 0.390733, daupr_m: 0.461713
Epoch: 549 loss: 0.000020, pauc: 0.880994, paupr: 0.413796, paupr_m: 0.452841, dauc: 0.910440, daupr: 0.387139, daupr_m: 0.469359
Epoch: 559 loss: 0.000020, pauc: 0.874567, paupr: 0.431513, paupr_m: 0.460831, dauc: 0.910778, daupr: 0.386406, daupr_m: 0.467139
Epoch: 569 loss: 0.000020, pauc: 0.887584, paupr: 0.427592, paupr_m: 0.462131, dauc: 0.910587, daupr: 0.380784, daupr_m: 0.464672
Epoch: 579 loss: 0.000020, pauc: 0.866964, paupr: 0.422322, paupr_m: 0.463933, dauc: 0.910896, daupr: 0.387677, daupr_m: 0.466281
Epoch: 589 loss: 0.000020, pauc: 0.870691, paupr: 0.428519, paupr_m: 0.474568, dauc: 0.910577, daupr: 0.388609, daupr_m: 0.467121
Epoch: 599 loss: 0.000020, pauc: 0.891830, paupr: 0.423605, paupr_m: 0.462904, dauc: 0.910839, daupr: 0.387642, daupr_m: 0.467310
Epoch: 609 loss: 0.000020, pauc: 0.897763, paupr: 0.416174, paupr_m: 0.453005, dauc: 0.910475, daupr: 0.384113, daupr_m: 0.468629
Epoch: 619 loss: 0.000020, pauc: 0.890229, paupr: 0.430176, paupr_m: 0.465538, dauc: 0.911680, daupr: 0.403156, daupr_m: 0.470577
Epoch: 629 loss: 0.000020, pauc: 0.876462, paupr: 0.428370, paupr_m: 0.473004, dauc: 0.910747, daupr: 0.389687, daupr_m: 0.470030
Epoch: 639 loss: 0.000021, pauc: 0.883308, paupr: 0.411865, paupr_m: 0.449991, dauc: 0.911796, daupr: 0.408724, daupr_m: 0.470007
Epoch: 649 loss: 0.000020, pauc: 0.886008, paupr: 0.427113, paupr_m: 0.458694, dauc: 0.911520, daupr: 0.396789, daupr_m: 0.469762
Epoch: 659 loss: 0.000020, pauc: 0.873829, paupr: 0.424842, paupr_m: 0.467891, dauc: 0.912684, daupr: 0.425199, daupr_m: 0.469910
Epoch: 669 loss: 0.000020, pauc: 0.890661, paupr: 0.425054, paupr_m: 0.472241, dauc: 0.910154, daupr: 0.381182, daupr_m: 0.468578
Epoch: 679 loss: 0.000020, pauc: 0.891307, paupr: 0.424688, paupr_m: 0.459780, dauc: 0.911440, daupr: 0.404319, daupr_m: 0.469578
Epoch: 689 loss: 0.000020, pauc: 0.882019, paupr: 0.425628, paupr_m: 0.467390, dauc: 0.910550, daupr: 0.385119, daupr_m: 0.469520
Epoch: 699 loss: 0.000020, pauc: 0.871061, paupr: 0.418215, paupr_m: 0.465045, dauc: 0.911415, daupr: 0.408537, daupr_m: 0.470480
Epoch: 709 loss: 0.000019, pauc: 0.883901, paupr: 0.415329, paupr_m: 0.449860, dauc: 0.910998, daupr: 0.400406, daupr_m: 0.471501
Epoch: 719 loss: 0.000022, pauc: 0.906141, paupr: 0.428900, paupr_m: 0.471365, dauc: 0.911426, daupr: 0.392002, daupr_m: 0.470388
Epoch: 729 loss: 0.000019, pauc: 0.873847, paupr: 0.431280, paupr_m: 0.473885, dauc: 0.911300, daupr: 0.404643, daupr_m: 0.471276
Epoch: 739 loss: 0.000019, pauc: 0.853528, paupr: 0.426212, paupr_m: 0.458246, dauc: 0.911481, daupr: 0.401652, daupr_m: 0.472301
Epoch: 749 loss: 0.000020, pauc: 0.876180, paupr: 0.421940, paupr_m: 0.465722, dauc: 0.911417, daupr: 0.407164, daupr_m: 0.469769
Epoch: 759 loss: 0.000019, pauc: 0.881278, paupr: 0.426126, paupr_m: 0.456866, dauc: 0.911171, daupr: 0.391413, daupr_m: 0.472527
Epoch: 769 loss: 0.000019, pauc: 0.889560, paupr: 0.428005, paupr_m: 0.474586, dauc: 0.911668, daupr: 0.398765, daupr_m: 0.473239
Epoch: 779 loss: 0.000019, pauc: 0.902626, paupr: 0.428577, paupr_m: 0.485184, dauc: 0.910849, daupr: 0.391974, daupr_m: 0.471513
Epoch: 789 loss: 0.000019, pauc: 0.871568, paupr: 0.423918, paupr_m: 0.466301, dauc: 0.911320, daupr: 0.394030, daupr_m: 0.473992
Epoch: 799 loss: 0.000019, pauc: 0.890824, paupr: 0.428856, paupr_m: 0.465688, dauc: 0.911355, daupr: 0.397604, daupr_m: 0.473800
Epoch: 809 loss: 0.000019, pauc: 0.873408, paupr: 0.423493, paupr_m: 0.469209, dauc: 0.910657, daupr: 0.392918, daupr_m: 0.473561
Epoch: 819 loss: 0.000020, pauc: 0.882173, paupr: 0.426290, paupr_m: 0.462903, dauc: 0.910889, daupr: 0.392604, daupr_m: 0.473839
Epoch: 829 loss: 0.000019, pauc: 0.900766, paupr: 0.412679, paupr_m: 0.466283, dauc: 0.911292, daupr: 0.402949, daupr_m: 0.472841
Epoch: 839 loss: 0.000019, pauc: 0.883280, paupr: 0.424193, paupr_m: 0.460530, dauc: 0.911472, daupr: 0.398227, daupr_m: 0.473585
Epoch: 849 loss: 0.000019, pauc: 0.881186, paupr: 0.425272, paupr_m: 0.468547, dauc: 0.910437, daupr: 0.389507, daupr_m: 0.473845
Epoch: 859 loss: 0.000019, pauc: 0.880839, paupr: 0.424445, paupr_m: 0.462232, dauc: 0.911266, daupr: 0.398189, daupr_m: 0.472988
Epoch: 869 loss: 0.000019, pauc: 0.896376, paupr: 0.429865, paupr_m: 0.474061, dauc: 0.911247, daupr: 0.405128, daupr_m: 0.473534
Epoch: 879 loss: 0.000019, pauc: 0.899583, paupr: 0.424060, paupr_m: 0.479980, dauc: 0.909911, daupr: 0.385724, daupr_m: 0.474006
Epoch: 889 loss: 0.000019, pauc: 0.889870, paupr: 0.421822, paupr_m: 0.467811, dauc: 0.911616, daupr: 0.405752, daupr_m: 0.473232
Epoch: 899 loss: 0.000019, pauc: 0.891217, paupr: 0.430827, paupr_m: 0.469340, dauc: 0.911241, daupr: 0.393354, daupr_m: 0.473890
Epoch: 909 loss: 0.000018, pauc: 0.898187, paupr: 0.428529, paupr_m: 0.466824, dauc: 0.910938, daupr: 0.394960, daupr_m: 0.474180
Epoch: 919 loss: 0.000019, pauc: 0.886313, paupr: 0.421857, paupr_m: 0.485590, dauc: 0.911179, daupr: 0.405034, daupr_m: 0.474042
Epoch: 929 loss: 0.000018, pauc: 0.900563, paupr: 0.420119, paupr_m: 0.447862, dauc: 0.911140, daupr: 0.401886, daupr_m: 0.475222
Epoch: 939 loss: 0.000019, pauc: 0.898318, paupr: 0.431852, paupr_m: 0.466791, dauc: 0.910768, daupr: 0.389587, daupr_m: 0.473850
Epoch: 949 loss: 0.000020, pauc: 0.893169, paupr: 0.415395, paupr_m: 0.470409, dauc: 0.910850, daupr: 0.395306, daupr_m: 0.475676
Epoch: 959 loss: 0.000020, pauc: 0.897092, paupr: 0.425964, paupr_m: 0.486027, dauc: 0.910728, daupr: 0.384203, daupr_m: 0.473782
Epoch: 969 loss: 0.000019, pauc: 0.900466, paupr: 0.425396, paupr_m: 0.462126, dauc: 0.910995, daupr: 0.392454, daupr_m: 0.474456
Epoch: 979 loss: 0.000019, pauc: 0.901141, paupr: 0.422872, paupr_m: 0.468820, dauc: 0.911244, daupr: 0.392733, daupr_m: 0.472792
Epoch: 989 loss: 0.000018, pauc: 0.889532, paupr: 0.433322, paupr_m: 0.476391, dauc: 0.911219, daupr: 0.403505, daupr_m: 0.474876
Epoch: 999 loss: 0.000018, pauc: 0.875607, paupr: 0.419687, paupr_m: 0.487622, dauc: 0.911406, daupr: 0.401127, daupr_m: 0.474280
Epoch: 9 loss: 0.000508, pauc: 0.898999, paupr: 0.050278, paupr_m: 0.131096, dauc: 0.815910, daupr: 0.309118, daupr_m: 0.372200
Epoch: 19 loss: 0.000336, pauc: 0.905887, paupr: 0.069617, paupr_m: 0.186602, dauc: 0.852367, daupr: 0.344498, daupr_m: 0.411819
Epoch: 29 loss: 0.000233, pauc: 0.899562, paupr: 0.104735, paupr_m: 0.246803, dauc: 0.865757, daupr: 0.331008, daupr_m: 0.368533
Epoch: 39 loss: 0.000168, pauc: 0.898052, paupr: 0.145642, paupr_m: 0.285435, dauc: 0.869141, daupr: 0.298725, daupr_m: 0.333114
Epoch: 49 loss: 0.000126, pauc: 0.907334, paupr: 0.197374, paupr_m: 0.303143, dauc: 0.874360, daupr: 0.330423, daupr_m: 0.394733
Epoch: 59 loss: 0.000098, pauc: 0.891856, paupr: 0.187321, paupr_m: 0.340156, dauc: 0.877751, daupr: 0.343623, daupr_m: 0.393847
Epoch: 69 loss: 0.000077, pauc: 0.889688, paupr: 0.214000, paupr_m: 0.390510, dauc: 0.879885, daupr: 0.342341, daupr_m: 0.394570
Epoch: 79 loss: 0.000064, pauc: 0.897757, paupr: 0.223376, paupr_m: 0.390424, dauc: 0.879063, daupr: 0.337390, daupr_m: 0.384454
Epoch: 89 loss: 0.000055, pauc: 0.886925, paupr: 0.244134, paupr_m: 0.418435, dauc: 0.878375, daupr: 0.333663, daupr_m: 0.404404
Epoch: 99 loss: 0.000048, pauc: 0.894789, paupr: 0.238172, paupr_m: 0.418510, dauc: 0.880155, daupr: 0.340795, daupr_m: 0.399030
Epoch: 109 loss: 0.000044, pauc: 0.897927, paupr: 0.236614, paupr_m: 0.437406, dauc: 0.880672, daupr: 0.340513, daupr_m: 0.387272
Epoch: 119 loss: 0.000040, pauc: 0.887363, paupr: 0.253655, paupr_m: 0.480213, dauc: 0.881738, daupr: 0.343235, daupr_m: 0.396662
Epoch: 129 loss: 0.000037, pauc: 0.889277, paupr: 0.272270, paupr_m: 0.467005, dauc: 0.881673, daupr: 0.345681, daupr_m: 0.392842
Epoch: 139 loss: 0.000034, pauc: 0.888477, paupr: 0.256169, paupr_m: 0.468121, dauc: 0.881263, daupr: 0.340419, daupr_m: 0.398909
Epoch: 149 loss: 0.000033, pauc: 0.867597, paupr: 0.254502, paupr_m: 0.462698, dauc: 0.881980, daupr: 0.342910, daupr_m: 0.405953
Epoch: 159 loss: 0.000031, pauc: 0.894356, paupr: 0.272903, paupr_m: 0.485749, dauc: 0.883270, daupr: 0.341745, daupr_m: 0.395748
Epoch: 169 loss: 0.000030, pauc: 0.884114, paupr: 0.260840, paupr_m: 0.484380, dauc: 0.883632, daupr: 0.345128, daupr_m: 0.402066
Epoch: 179 loss: 0.000029, pauc: 0.872129, paupr: 0.263760, paupr_m: 0.497389, dauc: 0.882426, daupr: 0.340140, daupr_m: 0.414131
Epoch: 189 loss: 0.000029, pauc: 0.896468, paupr: 0.272520, paupr_m: 0.496123, dauc: 0.882554, daupr: 0.341626, daupr_m: 0.400277
Epoch: 199 loss: 0.000027, pauc: 0.884339, paupr: 0.261943, paupr_m: 0.473880, dauc: 0.883140, daupr: 0.344995, daupr_m: 0.418884
Epoch: 209 loss: 0.000027, pauc: 0.876067, paupr: 0.265103, paupr_m: 0.491298, dauc: 0.884231, daupr: 0.348326, daupr_m: 0.409534
Epoch: 219 loss: 0.000026, pauc: 0.890657, paupr: 0.276491, paupr_m: 0.494457, dauc: 0.883691, daupr: 0.349906, daupr_m: 0.411559
Epoch: 229 loss: 0.000025, pauc: 0.877871, paupr: 0.286263, paupr_m: 0.508354, dauc: 0.884170, daupr: 0.350050, daupr_m: 0.410365
Epoch: 239 loss: 0.000025, pauc: 0.889863, paupr: 0.282524, paupr_m: 0.489069, dauc: 0.884379, daupr: 0.352098, daupr_m: 0.414084
Epoch: 249 loss: 0.000026, pauc: 0.881286, paupr: 0.295303, paupr_m: 0.508161, dauc: 0.884519, daupr: 0.353673, daupr_m: 0.417925
Epoch: 259 loss: 0.000024, pauc: 0.879604, paupr: 0.291356, paupr_m: 0.493110, dauc: 0.885433, daupr: 0.364693, daupr_m: 0.420349
Epoch: 269 loss: 0.000024, pauc: 0.853617, paupr: 0.278316, paupr_m: 0.514670, dauc: 0.884615, daupr: 0.351694, daupr_m: 0.423981
Epoch: 279 loss: 0.000024, pauc: 0.870988, paupr: 0.292966, paupr_m: 0.506614, dauc: 0.884430, daupr: 0.348160, daupr_m: 0.420698
Epoch: 289 loss: 0.000023, pauc: 0.872651, paupr: 0.292774, paupr_m: 0.512194, dauc: 0.885355, daupr: 0.363961, daupr_m: 0.424870
Epoch: 299 loss: 0.000023, pauc: 0.873826, paupr: 0.277157, paupr_m: 0.499225, dauc: 0.886053, daupr: 0.355457, daupr_m: 0.432792
Epoch: 309 loss: 0.000022, pauc: 0.881409, paupr: 0.307506, paupr_m: 0.525178, dauc: 0.883665, daupr: 0.343198, daupr_m: 0.421355
Epoch: 319 loss: 0.000022, pauc: 0.869917, paupr: 0.291970, paupr_m: 0.533044, dauc: 0.885565, daupr: 0.360074, daupr_m: 0.425235
Epoch: 329 loss: 0.000023, pauc: 0.873501, paupr: 0.283566, paupr_m: 0.496191, dauc: 0.886365, daupr: 0.365856, daupr_m: 0.423109
Epoch: 339 loss: 0.000022, pauc: 0.883461, paupr: 0.296371, paupr_m: 0.509804, dauc: 0.885309, daupr: 0.353612, daupr_m: 0.425652
Epoch: 349 loss: 0.000022, pauc: 0.858576, paupr: 0.302965, paupr_m: 0.528897, dauc: 0.885554, daupr: 0.354155, daupr_m: 0.424608
Epoch: 359 loss: 0.000022, pauc: 0.890269, paupr: 0.298592, paupr_m: 0.528264, dauc: 0.886010, daupr: 0.354750, daupr_m: 0.432690
Epoch: 369 loss: 0.000021, pauc: 0.883810, paupr: 0.306475, paupr_m: 0.518218, dauc: 0.886314, daupr: 0.362098, daupr_m: 0.428403
Epoch: 379 loss: 0.000021, pauc: 0.876930, paupr: 0.309189, paupr_m: 0.504428, dauc: 0.886475, daupr: 0.359393, daupr_m: 0.428745
Epoch: 389 loss: 0.000021, pauc: 0.861764, paupr: 0.306677, paupr_m: 0.507097, dauc: 0.886795, daupr: 0.366725, daupr_m: 0.443859
Epoch: 399 loss: 0.000021, pauc: 0.871757, paupr: 0.289596, paupr_m: 0.525262, dauc: 0.886238, daupr: 0.355534, daupr_m: 0.435114
Epoch: 409 loss: 0.000022, pauc: 0.855933, paupr: 0.280924, paupr_m: 0.500898, dauc: 0.886073, daupr: 0.359367, daupr_m: 0.442134
Epoch: 419 loss: 0.000022, pauc: 0.874575, paupr: 0.294983, paupr_m: 0.513723, dauc: 0.886266, daupr: 0.361066, daupr_m: 0.433916
Epoch: 429 loss: 0.000021, pauc: 0.870643, paupr: 0.293282, paupr_m: 0.496610, dauc: 0.886499, daupr: 0.366266, daupr_m: 0.440681
Epoch: 439 loss: 0.000021, pauc: 0.877071, paupr: 0.296482, paupr_m: 0.506227, dauc: 0.885967, daupr: 0.361970, daupr_m: 0.435652
Epoch: 449 loss: 0.000022, pauc: 0.881689, paupr: 0.287934, paupr_m: 0.492465, dauc: 0.886434, daupr: 0.359973, daupr_m: 0.448172
Epoch: 459 loss: 0.000021, pauc: 0.867292, paupr: 0.293882, paupr_m: 0.517003, dauc: 0.886980, daupr: 0.367665, daupr_m: 0.442556
Epoch: 469 loss: 0.000021, pauc: 0.868472, paupr: 0.325035, paupr_m: 0.518584, dauc: 0.887215, daupr: 0.363643, daupr_m: 0.438071
Epoch: 479 loss: 0.000020, pauc: 0.875475, paupr: 0.305303, paupr_m: 0.529636, dauc: 0.886688, daupr: 0.363434, daupr_m: 0.456076
Epoch: 489 loss: 0.000020, pauc: 0.866138, paupr: 0.288192, paupr_m: 0.526379, dauc: 0.887025, daupr: 0.376521, daupr_m: 0.442553
Epoch: 499 loss: 0.000020, pauc: 0.873225, paupr: 0.286596, paupr_m: 0.499069, dauc: 0.886610, daupr: 0.361041, daupr_m: 0.457839
Epoch: 509 loss: 0.000022, pauc: 0.865856, paupr: 0.303853, paupr_m: 0.526731, dauc: 0.886504, daupr: 0.358195, daupr_m: 0.441245
Epoch: 519 loss: 0.000020, pauc: 0.864878, paupr: 0.307630, paupr_m: 0.512293, dauc: 0.887207, daupr: 0.378737, daupr_m: 0.441747
Epoch: 529 loss: 0.000020, pauc: 0.865649, paupr: 0.305990, paupr_m: 0.514142, dauc: 0.886369, daupr: 0.358844, daupr_m: 0.448795
Epoch: 539 loss: 0.000020, pauc: 0.869192, paupr: 0.299073, paupr_m: 0.518333, dauc: 0.887448, daupr: 0.380416, daupr_m: 0.449081
Epoch: 549 loss: 0.000020, pauc: 0.867247, paupr: 0.296270, paupr_m: 0.511322, dauc: 0.887129, daupr: 0.362865, daupr_m: 0.459537
Epoch: 559 loss: 0.000020, pauc: 0.875089, paupr: 0.290314, paupr_m: 0.520729, dauc: 0.887143, daupr: 0.365574, daupr_m: 0.442449
Epoch: 569 loss: 0.000019, pauc: 0.870166, paupr: 0.308149, paupr_m: 0.514300, dauc: 0.887105, daupr: 0.371708, daupr_m: 0.440823
Epoch: 579 loss: 0.000019, pauc: 0.837665, paupr: 0.289199, paupr_m: 0.516463, dauc: 0.886714, daupr: 0.360024, daupr_m: 0.470236
Epoch: 589 loss: 0.000020, pauc: 0.868150, paupr: 0.293464, paupr_m: 0.532784, dauc: 0.886359, daupr: 0.354062, daupr_m: 0.458976
Epoch: 599 loss: 0.000020, pauc: 0.871016, paupr: 0.311554, paupr_m: 0.532090, dauc: 0.887414, daupr: 0.369007, daupr_m: 0.453967
Epoch: 609 loss: 0.000019, pauc: 0.865271, paupr: 0.297960, paupr_m: 0.515612, dauc: 0.886187, daupr: 0.356632, daupr_m: 0.448114
Epoch: 619 loss: 0.000019, pauc: 0.873227, paupr: 0.320415, paupr_m: 0.522872, dauc: 0.886258, daupr: 0.354576, daupr_m: 0.451962
Epoch: 629 loss: 0.000019, pauc: 0.868354, paupr: 0.296446, paupr_m: 0.518299, dauc: 0.887298, daupr: 0.371031, daupr_m: 0.450850
Epoch: 639 loss: 0.000019, pauc: 0.860535, paupr: 0.296198, paupr_m: 0.509807, dauc: 0.886532, daupr: 0.358239, daupr_m: 0.465402
Epoch: 649 loss: 0.000019, pauc: 0.879890, paupr: 0.295966, paupr_m: 0.505697, dauc: 0.886439, daupr: 0.353915, daupr_m: 0.448153
Epoch: 659 loss: 0.000019, pauc: 0.865610, paupr: 0.292558, paupr_m: 0.517289, dauc: 0.886868, daupr: 0.360408, daupr_m: 0.464593
Epoch: 669 loss: 0.000020, pauc: 0.868483, paupr: 0.306427, paupr_m: 0.532488, dauc: 0.887209, daupr: 0.372941, daupr_m: 0.451208
Epoch: 679 loss: 0.000019, pauc: 0.861296, paupr: 0.299388, paupr_m: 0.531023, dauc: 0.887263, daupr: 0.366018, daupr_m: 0.452518
Epoch: 689 loss: 0.000019, pauc: 0.855636, paupr: 0.294766, paupr_m: 0.530261, dauc: 0.887340, daupr: 0.364142, daupr_m: 0.452619
Epoch: 699 loss: 0.000019, pauc: 0.855102, paupr: 0.301804, paupr_m: 0.507762, dauc: 0.886710, daupr: 0.366788, daupr_m: 0.459606
Epoch: 709 loss: 0.000021, pauc: 0.875832, paupr: 0.307779, paupr_m: 0.517895, dauc: 0.886160, daupr: 0.360769, daupr_m: 0.466048
Epoch: 719 loss: 0.000019, pauc: 0.866212, paupr: 0.289137, paupr_m: 0.515276, dauc: 0.887358, daupr: 0.372287, daupr_m: 0.451935
Epoch: 729 loss: 0.000019, pauc: 0.855308, paupr: 0.310863, paupr_m: 0.525679, dauc: 0.886322, daupr: 0.360254, daupr_m: 0.455924
Epoch: 739 loss: 0.000019, pauc: 0.867823, paupr: 0.305302, paupr_m: 0.520046, dauc: 0.887142, daupr: 0.368996, daupr_m: 0.460774
Epoch: 749 loss: 0.000020, pauc: 0.864389, paupr: 0.299234, paupr_m: 0.515096, dauc: 0.885892, daupr: 0.348705, daupr_m: 0.467344
Epoch: 759 loss: 0.000019, pauc: 0.870999, paupr: 0.286082, paupr_m: 0.539446, dauc: 0.886607, daupr: 0.362410, daupr_m: 0.475215
Epoch: 769 loss: 0.000019, pauc: 0.862906, paupr: 0.303631, paupr_m: 0.527132, dauc: 0.886968, daupr: 0.364312, daupr_m: 0.459828
Epoch: 779 loss: 0.000019, pauc: 0.862924, paupr: 0.300655, paupr_m: 0.525824, dauc: 0.887399, daupr: 0.373912, daupr_m: 0.475547
Epoch: 789 loss: 0.000018, pauc: 0.867169, paupr: 0.290645, paupr_m: 0.535101, dauc: 0.887454, daupr: 0.370758, daupr_m: 0.463223
Epoch: 799 loss: 0.000019, pauc: 0.861526, paupr: 0.303750, paupr_m: 0.516666, dauc: 0.885885, daupr: 0.358994, daupr_m: 0.461476
Epoch: 809 loss: 0.000019, pauc: 0.869254, paupr: 0.303718, paupr_m: 0.509389, dauc: 0.886774, daupr: 0.362951, daupr_m: 0.462668
Epoch: 819 loss: 0.000019, pauc: 0.864788, paupr: 0.304595, paupr_m: 0.532623, dauc: 0.886612, daupr: 0.359321, daupr_m: 0.472142
Epoch: 829 loss: 0.000018, pauc: 0.857643, paupr: 0.294249, paupr_m: 0.521959, dauc: 0.886885, daupr: 0.365526, daupr_m: 0.452707
Epoch: 839 loss: 0.000020, pauc: 0.842062, paupr: 0.287799, paupr_m: 0.544442, dauc: 0.886931, daupr: 0.359281, daupr_m: 0.467680
Epoch: 849 loss: 0.000021, pauc: 0.861083, paupr: 0.295508, paupr_m: 0.518455, dauc: 0.887180, daupr: 0.375666, daupr_m: 0.472537
Epoch: 859 loss: 0.000019, pauc: 0.884299, paupr: 0.299423, paupr_m: 0.514461, dauc: 0.887277, daupr: 0.367989, daupr_m: 0.466891
Epoch: 869 loss: 0.000019, pauc: 0.860171, paupr: 0.290891, paupr_m: 0.516317, dauc: 0.887011, daupr: 0.373528, daupr_m: 0.465512
Epoch: 879 loss: 0.000018, pauc: 0.864624, paupr: 0.305062, paupr_m: 0.544544, dauc: 0.885903, daupr: 0.353933, daupr_m: 0.456721
Epoch: 889 loss: 0.000018, pauc: 0.861767, paupr: 0.303061, paupr_m: 0.522076, dauc: 0.887466, daupr: 0.365388, daupr_m: 0.466922
Epoch: 899 loss: 0.000019, pauc: 0.864428, paupr: 0.296148, paupr_m: 0.512882, dauc: 0.886552, daupr: 0.366565, daupr_m: 0.464393
Epoch: 909 loss: 0.000018, pauc: 0.851151, paupr: 0.291921, paupr_m: 0.527754, dauc: 0.886825, daupr: 0.360271, daupr_m: 0.467730
Epoch: 919 loss: 0.000018, pauc: 0.867666, paupr: 0.303661, paupr_m: 0.527990, dauc: 0.886041, daupr: 0.354011, daupr_m: 0.453003
Epoch: 929 loss: 0.000018, pauc: 0.873536, paupr: 0.304827, paupr_m: 0.519214, dauc: 0.886438, daupr: 0.372332, daupr_m: 0.463360
Epoch: 939 loss: 0.000018, pauc: 0.862771, paupr: 0.299330, paupr_m: 0.512252, dauc: 0.886850, daupr: 0.370135, daupr_m: 0.462568
Epoch: 949 loss: 0.000018, pauc: 0.860177, paupr: 0.291936, paupr_m: 0.511621, dauc: 0.886273, daupr: 0.369667, daupr_m: 0.467229
Epoch: 959 loss: 0.000018, pauc: 0.869138, paupr: 0.297988, paupr_m: 0.508263, dauc: 0.885657, daupr: 0.347474, daupr_m: 0.464161
Epoch: 969 loss: 0.000019, pauc: 0.865124, paupr: 0.294500, paupr_m: 0.523684, dauc: 0.886348, daupr: 0.362412, daupr_m: 0.467937
Epoch: 979 loss: 0.000019, pauc: 0.866374, paupr: 0.304623, paupr_m: 0.531957, dauc: 0.886151, daupr: 0.350546, daupr_m: 0.467486
Epoch: 989 loss: 0.000018, pauc: 0.858237, paupr: 0.294378, paupr_m: 0.506093, dauc: 0.887811, daupr: 0.381404, daupr_m: 0.460444
Epoch: 999 loss: 0.000018, pauc: 0.870940, paupr: 0.319600, paupr_m: 0.524326, dauc: 0.886470, daupr: 0.355583, daupr_m: 0.466680
Epoch: 9 loss: 0.000487, pauc: 0.811770, paupr: 0.025219, paupr_m: 0.075880, dauc: 0.856235, daupr: 0.313533, daupr_m: 0.366472
Epoch: 19 loss: 0.000323, pauc: 0.831435, paupr: 0.040646, paupr_m: 0.117681, dauc: 0.890857, daupr: 0.343042, daupr_m: 0.396987
Epoch: 29 loss: 0.000228, pauc: 0.837410, paupr: 0.075550, paupr_m: 0.149425, dauc: 0.898447, daupr: 0.301288, daupr_m: 0.349353
Epoch: 39 loss: 0.000167, pauc: 0.829221, paupr: 0.087511, paupr_m: 0.153318, dauc: 0.900776, daupr: 0.281529, daupr_m: 0.315771
Epoch: 49 loss: 0.000124, pauc: 0.853651, paupr: 0.114080, paupr_m: 0.175574, dauc: 0.903935, daupr: 0.310840, daupr_m: 0.361191
Epoch: 59 loss: 0.000097, pauc: 0.834041, paupr: 0.146312, paupr_m: 0.212445, dauc: 0.905188, daupr: 0.321747, daupr_m: 0.383198
Epoch: 69 loss: 0.000078, pauc: 0.850092, paupr: 0.169807, paupr_m: 0.251552, dauc: 0.905613, daupr: 0.310030, daupr_m: 0.369504
Epoch: 79 loss: 0.000065, pauc: 0.845163, paupr: 0.197576, paupr_m: 0.243137, dauc: 0.907583, daupr: 0.319450, daupr_m: 0.372252
Epoch: 89 loss: 0.000056, pauc: 0.845783, paupr: 0.186228, paupr_m: 0.254298, dauc: 0.907897, daupr: 0.324975, daupr_m: 0.376984
Epoch: 99 loss: 0.000049, pauc: 0.842346, paupr: 0.188868, paupr_m: 0.246030, dauc: 0.909458, daupr: 0.333371, daupr_m: 0.377711
Epoch: 109 loss: 0.000045, pauc: 0.850652, paupr: 0.199802, paupr_m: 0.277528, dauc: 0.908646, daupr: 0.323133, daupr_m: 0.382945
Epoch: 119 loss: 0.000040, pauc: 0.862108, paupr: 0.205738, paupr_m: 0.291775, dauc: 0.909012, daupr: 0.326142, daupr_m: 0.382366
Epoch: 129 loss: 0.000037, pauc: 0.850175, paupr: 0.210024, paupr_m: 0.287282, dauc: 0.909611, daupr: 0.329745, daupr_m: 0.381464
Epoch: 139 loss: 0.000034, pauc: 0.853817, paupr: 0.209976, paupr_m: 0.321355, dauc: 0.908436, daupr: 0.328244, daupr_m: 0.384255
Epoch: 149 loss: 0.000033, pauc: 0.833267, paupr: 0.214698, paupr_m: 0.297418, dauc: 0.909294, daupr: 0.327023, daupr_m: 0.386041
Epoch: 159 loss: 0.000031, pauc: 0.846270, paupr: 0.221565, paupr_m: 0.319513, dauc: 0.910424, daupr: 0.327140, daupr_m: 0.380533
Epoch: 169 loss: 0.000030, pauc: 0.844345, paupr: 0.228121, paupr_m: 0.322574, dauc: 0.911542, daupr: 0.338767, daupr_m: 0.388608
Epoch: 179 loss: 0.000029, pauc: 0.845873, paupr: 0.233687, paupr_m: 0.341867, dauc: 0.911155, daupr: 0.334318, daupr_m: 0.390994
Epoch: 189 loss: 0.000028, pauc: 0.830931, paupr: 0.229911, paupr_m: 0.315599, dauc: 0.910764, daupr: 0.338864, daupr_m: 0.394844
Epoch: 199 loss: 0.000028, pauc: 0.843338, paupr: 0.234337, paupr_m: 0.324201, dauc: 0.910692, daupr: 0.333032, daupr_m: 0.389535
Epoch: 209 loss: 0.000026, pauc: 0.845540, paupr: 0.253662, paupr_m: 0.330923, dauc: 0.912666, daupr: 0.354741, daupr_m: 0.398135
Epoch: 219 loss: 0.000026, pauc: 0.852993, paupr: 0.240015, paupr_m: 0.314960, dauc: 0.910933, daupr: 0.335843, daupr_m: 0.398685
Epoch: 229 loss: 0.000025, pauc: 0.853153, paupr: 0.243614, paupr_m: 0.327971, dauc: 0.910911, daupr: 0.330599, daupr_m: 0.398385
Epoch: 239 loss: 0.000025, pauc: 0.848988, paupr: 0.249801, paupr_m: 0.339547, dauc: 0.910898, daupr: 0.342635, daupr_m: 0.402465
Epoch: 249 loss: 0.000025, pauc: 0.853233, paupr: 0.240058, paupr_m: 0.337441, dauc: 0.911492, daupr: 0.336167, daupr_m: 0.400339
Epoch: 259 loss: 0.000024, pauc: 0.849800, paupr: 0.251157, paupr_m: 0.336539, dauc: 0.911905, daupr: 0.338623, daupr_m: 0.400773
Epoch: 269 loss: 0.000024, pauc: 0.842307, paupr: 0.246101, paupr_m: 0.323007, dauc: 0.911267, daupr: 0.340271, daupr_m: 0.401137
Epoch: 279 loss: 0.000024, pauc: 0.845878, paupr: 0.250187, paupr_m: 0.349744, dauc: 0.912377, daupr: 0.346262, daupr_m: 0.406573
Epoch: 289 loss: 0.000024, pauc: 0.852230, paupr: 0.256332, paupr_m: 0.345064, dauc: 0.911838, daupr: 0.330487, daupr_m: 0.410192
Epoch: 299 loss: 0.000023, pauc: 0.844266, paupr: 0.243651, paupr_m: 0.338078, dauc: 0.912186, daupr: 0.342679, daupr_m: 0.411116
Epoch: 309 loss: 0.000023, pauc: 0.844925, paupr: 0.244049, paupr_m: 0.346019, dauc: 0.912363, daupr: 0.348110, daupr_m: 0.412296
Epoch: 319 loss: 0.000023, pauc: 0.855479, paupr: 0.261444, paupr_m: 0.347278, dauc: 0.911678, daupr: 0.336153, daupr_m: 0.409475
Epoch: 329 loss: 0.000022, pauc: 0.841038, paupr: 0.256230, paupr_m: 0.344280, dauc: 0.912197, daupr: 0.346569, daupr_m: 0.412345
Epoch: 339 loss: 0.000023, pauc: 0.849453, paupr: 0.240062, paupr_m: 0.355640, dauc: 0.912701, daupr: 0.349667, daupr_m: 0.413721
Epoch: 349 loss: 0.000022, pauc: 0.843961, paupr: 0.260457, paupr_m: 0.351292, dauc: 0.912420, daupr: 0.343744, daupr_m: 0.415375
Epoch: 359 loss: 0.000022, pauc: 0.822573, paupr: 0.247778, paupr_m: 0.343499, dauc: 0.911911, daupr: 0.337349, daupr_m: 0.416964
Epoch: 369 loss: 0.000022, pauc: 0.837832, paupr: 0.259348, paupr_m: 0.344566, dauc: 0.912837, daupr: 0.345915, daupr_m: 0.415338
Epoch: 379 loss: 0.000021, pauc: 0.850767, paupr: 0.257126, paupr_m: 0.351947, dauc: 0.913057, daupr: 0.347890, daupr_m: 0.421896
Epoch: 389 loss: 0.000021, pauc: 0.844963, paupr: 0.266276, paupr_m: 0.352206, dauc: 0.913298, daupr: 0.361452, daupr_m: 0.422907
Epoch: 399 loss: 0.000021, pauc: 0.860349, paupr: 0.274821, paupr_m: 0.345226, dauc: 0.913587, daupr: 0.353896, daupr_m: 0.423535
Epoch: 409 loss: 0.000021, pauc: 0.841660, paupr: 0.259839, paupr_m: 0.333603, dauc: 0.912637, daupr: 0.350424, daupr_m: 0.419245
Epoch: 419 loss: 0.000020, pauc: 0.843356, paupr: 0.259152, paupr_m: 0.351190, dauc: 0.912989, daupr: 0.352663, daupr_m: 0.424621
Epoch: 429 loss: 0.000021, pauc: 0.829956, paupr: 0.263294, paupr_m: 0.340884, dauc: 0.913311, daupr: 0.351588, daupr_m: 0.421984
Epoch: 439 loss: 0.000021, pauc: 0.838603, paupr: 0.265518, paupr_m: 0.364712, dauc: 0.913291, daupr: 0.357161, daupr_m: 0.426488
Epoch: 449 loss: 0.000020, pauc: 0.821899, paupr: 0.256806, paupr_m: 0.345310, dauc: 0.912476, daupr: 0.345910, daupr_m: 0.423994
Epoch: 459 loss: 0.000020, pauc: 0.836389, paupr: 0.257088, paupr_m: 0.354997, dauc: 0.913110, daupr: 0.345990, daupr_m: 0.426074
Epoch: 469 loss: 0.000020, pauc: 0.844694, paupr: 0.243992, paupr_m: 0.328827, dauc: 0.912155, daupr: 0.343394, daupr_m: 0.426002
Epoch: 479 loss: 0.000021, pauc: 0.817435, paupr: 0.257932, paupr_m: 0.347012, dauc: 0.913075, daupr: 0.354338, daupr_m: 0.429358
Epoch: 489 loss: 0.000022, pauc: 0.849762, paupr: 0.258002, paupr_m: 0.360530, dauc: 0.912443, daupr: 0.344318, daupr_m: 0.429408
Epoch: 499 loss: 0.000020, pauc: 0.840165, paupr: 0.248376, paupr_m: 0.343325, dauc: 0.913258, daupr: 0.354389, daupr_m: 0.431741
Epoch: 509 loss: 0.000020, pauc: 0.846313, paupr: 0.261399, paupr_m: 0.358100, dauc: 0.912392, daupr: 0.359481, daupr_m: 0.429486
Epoch: 519 loss: 0.000020, pauc: 0.836877, paupr: 0.251832, paupr_m: 0.366226, dauc: 0.914285, daupr: 0.375177, daupr_m: 0.432229
Epoch: 529 loss: 0.000020, pauc: 0.830668, paupr: 0.262265, paupr_m: 0.347283, dauc: 0.912782, daupr: 0.349331, daupr_m: 0.429516
Epoch: 539 loss: 0.000019, pauc: 0.834826, paupr: 0.254434, paupr_m: 0.358831, dauc: 0.913848, daupr: 0.353677, daupr_m: 0.430933
Epoch: 549 loss: 0.000020, pauc: 0.830332, paupr: 0.260685, paupr_m: 0.367915, dauc: 0.912305, daupr: 0.345990, daupr_m: 0.432956
Epoch: 559 loss: 0.000020, pauc: 0.840594, paupr: 0.267965, paupr_m: 0.348660, dauc: 0.913048, daupr: 0.344384, daupr_m: 0.434745
Epoch: 569 loss: 0.000020, pauc: 0.822749, paupr: 0.267802, paupr_m: 0.349861, dauc: 0.912814, daupr: 0.350168, daupr_m: 0.434497
Epoch: 579 loss: 0.000019, pauc: 0.849464, paupr: 0.252977, paupr_m: 0.357977, dauc: 0.912554, daupr: 0.347281, daupr_m: 0.431004
Epoch: 589 loss: 0.000020, pauc: 0.832050, paupr: 0.253789, paupr_m: 0.362545, dauc: 0.913207, daupr: 0.366292, daupr_m: 0.434544
Epoch: 599 loss: 0.000021, pauc: 0.817072, paupr: 0.256112, paupr_m: 0.335596, dauc: 0.913019, daupr: 0.345824, daupr_m: 0.433412
Epoch: 609 loss: 0.000019, pauc: 0.838454, paupr: 0.258521, paupr_m: 0.376330, dauc: 0.913314, daupr: 0.353539, daupr_m: 0.432658
Epoch: 619 loss: 0.000020, pauc: 0.834035, paupr: 0.265138, paupr_m: 0.345143, dauc: 0.913996, daupr: 0.372788, daupr_m: 0.435609
Epoch: 629 loss: 0.000019, pauc: 0.841840, paupr: 0.262108, paupr_m: 0.358351, dauc: 0.913078, daupr: 0.354936, daupr_m: 0.437002
Epoch: 639 loss: 0.000019, pauc: 0.856628, paupr: 0.263883, paupr_m: 0.365033, dauc: 0.913191, daupr: 0.362330, daupr_m: 0.435367
Epoch: 649 loss: 0.000019, pauc: 0.847210, paupr: 0.249943, paupr_m: 0.346659, dauc: 0.913073, daupr: 0.364144, daupr_m: 0.436864
Epoch: 659 loss: 0.000020, pauc: 0.821871, paupr: 0.258604, paupr_m: 0.361542, dauc: 0.914082, daupr: 0.373189, daupr_m: 0.438610
Epoch: 669 loss: 0.000019, pauc: 0.854003, paupr: 0.268897, paupr_m: 0.365574, dauc: 0.913951, daupr: 0.369757, daupr_m: 0.436986
Epoch: 679 loss: 0.000018, pauc: 0.832799, paupr: 0.257760, paupr_m: 0.354532, dauc: 0.913529, daupr: 0.361425, daupr_m: 0.437704
Epoch: 689 loss: 0.000019, pauc: 0.839069, paupr: 0.252021, paupr_m: 0.373985, dauc: 0.912888, daupr: 0.350212, daupr_m: 0.438679
Epoch: 699 loss: 0.000020, pauc: 0.838111, paupr: 0.259675, paupr_m: 0.361825, dauc: 0.912594, daupr: 0.353339, daupr_m: 0.439920
Epoch: 709 loss: 0.000019, pauc: 0.831822, paupr: 0.255942, paupr_m: 0.348915, dauc: 0.912988, daupr: 0.360563, daupr_m: 0.438646
Epoch: 719 loss: 0.000018, pauc: 0.840042, paupr: 0.253657, paupr_m: 0.360881, dauc: 0.912381, daupr: 0.347708, daupr_m: 0.436925
Epoch: 729 loss: 0.000019, pauc: 0.848791, paupr: 0.261484, paupr_m: 0.344170, dauc: 0.912887, daupr: 0.359342, daupr_m: 0.438549
Epoch: 739 loss: 0.000019, pauc: 0.855436, paupr: 0.263555, paupr_m: 0.346298, dauc: 0.911934, daupr: 0.343886, daupr_m: 0.438412
Epoch: 749 loss: 0.000018, pauc: 0.812492, paupr: 0.266199, paupr_m: 0.333807, dauc: 0.912489, daupr: 0.353367, daupr_m: 0.440455
Epoch: 759 loss: 0.000018, pauc: 0.836456, paupr: 0.262951, paupr_m: 0.364629, dauc: 0.912697, daupr: 0.346381, daupr_m: 0.438261
Epoch: 769 loss: 0.000019, pauc: 0.839184, paupr: 0.261073, paupr_m: 0.371503, dauc: 0.912944, daupr: 0.354876, daupr_m: 0.439201
Epoch: 779 loss: 0.000019, pauc: 0.824647, paupr: 0.254684, paupr_m: 0.348584, dauc: 0.912328, daupr: 0.351176, daupr_m: 0.438211
Epoch: 789 loss: 0.000019, pauc: 0.849166, paupr: 0.264776, paupr_m: 0.350924, dauc: 0.912224, daupr: 0.344677, daupr_m: 0.438117
Epoch: 799 loss: 0.000019, pauc: 0.840004, paupr: 0.264451, paupr_m: 0.381685, dauc: 0.913026, daupr: 0.363982, daupr_m: 0.437423
Epoch: 809 loss: 0.000019, pauc: 0.846851, paupr: 0.257300, paupr_m: 0.354637, dauc: 0.912177, daupr: 0.346132, daupr_m: 0.439212
Epoch: 819 loss: 0.000019, pauc: 0.838937, paupr: 0.256788, paupr_m: 0.363731, dauc: 0.912457, daupr: 0.357560, daupr_m: 0.439946
Epoch: 829 loss: 0.000019, pauc: 0.851631, paupr: 0.258107, paupr_m: 0.355258, dauc: 0.911904, daupr: 0.343952, daupr_m: 0.441372
Epoch: 839 loss: 0.000019, pauc: 0.849797, paupr: 0.246897, paupr_m: 0.347714, dauc: 0.911894, daupr: 0.344592, daupr_m: 0.440387
Epoch: 849 loss: 0.000019, pauc: 0.829200, paupr: 0.258224, paupr_m: 0.354276, dauc: 0.913021, daupr: 0.360571, daupr_m: 0.440026
Epoch: 859 loss: 0.000019, pauc: 0.819824, paupr: 0.242998, paupr_m: 0.353571, dauc: 0.912528, daupr: 0.353623, daupr_m: 0.440426
Epoch: 869 loss: 0.000018, pauc: 0.833159, paupr: 0.261152, paupr_m: 0.360809, dauc: 0.912815, daupr: 0.366671, daupr_m: 0.439900
Epoch: 879 loss: 0.000019, pauc: 0.837714, paupr: 0.257062, paupr_m: 0.369758, dauc: 0.912641, daupr: 0.351849, daupr_m: 0.439623
Epoch: 889 loss: 0.000021, pauc: 0.839534, paupr: 0.248037, paupr_m: 0.348295, dauc: 0.912399, daupr: 0.349115, daupr_m: 0.438971
Epoch: 899 loss: 0.000019, pauc: 0.827835, paupr: 0.267631, paupr_m: 0.370712, dauc: 0.913322, daupr: 0.361957, daupr_m: 0.438785
Epoch: 909 loss: 0.000019, pauc: 0.837974, paupr: 0.257307, paupr_m: 0.364428, dauc: 0.913124, daupr: 0.366373, daupr_m: 0.439037
Epoch: 919 loss: 0.000019, pauc: 0.848723, paupr: 0.253249, paupr_m: 0.349789, dauc: 0.911941, daupr: 0.343891, daupr_m: 0.437875
Epoch: 929 loss: 0.000018, pauc: 0.817900, paupr: 0.254049, paupr_m: 0.328651, dauc: 0.913145, daupr: 0.357655, daupr_m: 0.439281
Epoch: 939 loss: 0.000018, pauc: 0.845286, paupr: 0.264266, paupr_m: 0.364380, dauc: 0.913113, daupr: 0.358786, daupr_m: 0.439072
Epoch: 949 loss: 0.000018, pauc: 0.833725, paupr: 0.255929, paupr_m: 0.352962, dauc: 0.911405, daupr: 0.338994, daupr_m: 0.439988
Epoch: 959 loss: 0.000019, pauc: 0.847466, paupr: 0.247099, paupr_m: 0.344462, dauc: 0.912182, daupr: 0.351252, daupr_m: 0.439886
Epoch: 969 loss: 0.000018, pauc: 0.836309, paupr: 0.251143, paupr_m: 0.356369, dauc: 0.912523, daupr: 0.355805, daupr_m: 0.439897
Epoch: 979 loss: 0.000018, pauc: 0.841619, paupr: 0.251375, paupr_m: 0.357735, dauc: 0.912747, daupr: 0.355634, daupr_m: 0.439296
Epoch: 989 loss: 0.000020, pauc: 0.850201, paupr: 0.244439, paupr_m: 0.347505, dauc: 0.912760, daupr: 0.368177, daupr_m: 0.440021
Epoch: 999 loss: 0.000018, pauc: 0.826795, paupr: 0.258490, paupr_m: 0.361889, dauc: 0.911450, daupr: 0.349620, daupr_m: 0.440118
Epoch: 9 loss: 0.000490, pauc: 0.874308, paupr: 0.044836, paupr_m: 0.106058, dauc: 0.853095, daupr: 0.354311, daupr_m: 0.397296
Epoch: 19 loss: 0.000329, pauc: 0.883595, paupr: 0.087286, paupr_m: 0.162490, dauc: 0.890914, daupr: 0.393611, daupr_m: 0.433800
Epoch: 29 loss: 0.000230, pauc: 0.889592, paupr: 0.094910, paupr_m: 0.182465, dauc: 0.902471, daupr: 0.370943, daupr_m: 0.400022
Epoch: 39 loss: 0.000164, pauc: 0.892330, paupr: 0.142473, paupr_m: 0.218424, dauc: 0.905281, daupr: 0.338677, daupr_m: 0.361723
Epoch: 49 loss: 0.000126, pauc: 0.882615, paupr: 0.145315, paupr_m: 0.220626, dauc: 0.908597, daupr: 0.368405, daupr_m: 0.412677
Epoch: 59 loss: 0.000096, pauc: 0.884262, paupr: 0.190177, paupr_m: 0.279215, dauc: 0.910613, daupr: 0.380933, daupr_m: 0.429501
Epoch: 69 loss: 0.000078, pauc: 0.875103, paupr: 0.214680, paupr_m: 0.288940, dauc: 0.911773, daupr: 0.376968, daupr_m: 0.414168
Epoch: 79 loss: 0.000065, pauc: 0.875096, paupr: 0.213877, paupr_m: 0.294614, dauc: 0.912637, daupr: 0.371112, daupr_m: 0.416830
Epoch: 89 loss: 0.000056, pauc: 0.872878, paupr: 0.236709, paupr_m: 0.349542, dauc: 0.913707, daupr: 0.379543, daupr_m: 0.419685
Epoch: 99 loss: 0.000048, pauc: 0.866619, paupr: 0.264878, paupr_m: 0.367273, dauc: 0.912964, daupr: 0.379121, daupr_m: 0.419459
Epoch: 109 loss: 0.000043, pauc: 0.872312, paupr: 0.242404, paupr_m: 0.355946, dauc: 0.913301, daupr: 0.380539, daupr_m: 0.425510
Epoch: 119 loss: 0.000039, pauc: 0.878305, paupr: 0.248040, paupr_m: 0.370687, dauc: 0.912999, daupr: 0.377552, daupr_m: 0.426430
Epoch: 129 loss: 0.000037, pauc: 0.872626, paupr: 0.247250, paupr_m: 0.393999, dauc: 0.913551, daupr: 0.380867, daupr_m: 0.425361
Epoch: 139 loss: 0.000035, pauc: 0.845071, paupr: 0.260764, paupr_m: 0.368398, dauc: 0.915084, daupr: 0.392826, daupr_m: 0.426064
Epoch: 149 loss: 0.000033, pauc: 0.872740, paupr: 0.256072, paupr_m: 0.376540, dauc: 0.915094, daupr: 0.389324, daupr_m: 0.430757
Epoch: 159 loss: 0.000031, pauc: 0.852200, paupr: 0.255634, paupr_m: 0.401170, dauc: 0.914975, daupr: 0.389623, daupr_m: 0.432883
Epoch: 169 loss: 0.000030, pauc: 0.853482, paupr: 0.253754, paupr_m: 0.378442, dauc: 0.916456, daupr: 0.404851, daupr_m: 0.436601
Epoch: 179 loss: 0.000029, pauc: 0.855213, paupr: 0.263717, paupr_m: 0.410597, dauc: 0.915588, daupr: 0.394343, daupr_m: 0.438835
Epoch: 189 loss: 0.000028, pauc: 0.876527, paupr: 0.257098, paupr_m: 0.399338, dauc: 0.916361, daupr: 0.397169, daupr_m: 0.440079
Epoch: 199 loss: 0.000027, pauc: 0.856348, paupr: 0.254644, paupr_m: 0.415784, dauc: 0.915871, daupr: 0.389617, daupr_m: 0.438378
Epoch: 209 loss: 0.000026, pauc: 0.869025, paupr: 0.277721, paupr_m: 0.406066, dauc: 0.916209, daupr: 0.391861, daupr_m: 0.438252
Epoch: 219 loss: 0.000027, pauc: 0.857657, paupr: 0.284793, paupr_m: 0.417786, dauc: 0.915934, daupr: 0.396576, daupr_m: 0.447932
Epoch: 229 loss: 0.000026, pauc: 0.854888, paupr: 0.273717, paupr_m: 0.395005, dauc: 0.916946, daupr: 0.404737, daupr_m: 0.443389
Epoch: 239 loss: 0.000025, pauc: 0.870238, paupr: 0.281386, paupr_m: 0.401990, dauc: 0.916886, daupr: 0.402547, daupr_m: 0.444645
Epoch: 249 loss: 0.000024, pauc: 0.868559, paupr: 0.267693, paupr_m: 0.415164, dauc: 0.916943, daupr: 0.402556, daupr_m: 0.446479
Epoch: 259 loss: 0.000025, pauc: 0.860634, paupr: 0.279783, paupr_m: 0.405446, dauc: 0.915873, daupr: 0.387558, daupr_m: 0.449221
Epoch: 269 loss: 0.000024, pauc: 0.880345, paupr: 0.275974, paupr_m: 0.421932, dauc: 0.917168, daupr: 0.402902, daupr_m: 0.451436
Epoch: 279 loss: 0.000024, pauc: 0.876510, paupr: 0.278506, paupr_m: 0.414546, dauc: 0.916654, daupr: 0.393929, daupr_m: 0.448277
Epoch: 289 loss: 0.000023, pauc: 0.861326, paupr: 0.270747, paupr_m: 0.409032, dauc: 0.917033, daupr: 0.401675, daupr_m: 0.449565
Epoch: 299 loss: 0.000023, pauc: 0.874358, paupr: 0.288508, paupr_m: 0.415020, dauc: 0.917114, daupr: 0.397494, daupr_m: 0.457323
Epoch: 309 loss: 0.000023, pauc: 0.884030, paupr: 0.276664, paupr_m: 0.417921, dauc: 0.917247, daupr: 0.398491, daupr_m: 0.452440
Epoch: 319 loss: 0.000022, pauc: 0.858807, paupr: 0.277415, paupr_m: 0.412957, dauc: 0.917212, daupr: 0.406798, daupr_m: 0.454354
Epoch: 329 loss: 0.000023, pauc: 0.874603, paupr: 0.292744, paupr_m: 0.393328, dauc: 0.916984, daupr: 0.400622, daupr_m: 0.457404
Epoch: 339 loss: 0.000023, pauc: 0.846988, paupr: 0.279179, paupr_m: 0.407367, dauc: 0.917053, daupr: 0.402898, daupr_m: 0.461808
Epoch: 349 loss: 0.000021, pauc: 0.871077, paupr: 0.280999, paupr_m: 0.438736, dauc: 0.918573, daupr: 0.418446, daupr_m: 0.463461
Epoch: 359 loss: 0.000022, pauc: 0.852517, paupr: 0.281855, paupr_m: 0.432085, dauc: 0.917617, daupr: 0.402247, daupr_m: 0.459967
Epoch: 369 loss: 0.000022, pauc: 0.841072, paupr: 0.279819, paupr_m: 0.428494, dauc: 0.917706, daupr: 0.406437, daupr_m: 0.460013
Epoch: 379 loss: 0.000022, pauc: 0.872946, paupr: 0.283351, paupr_m: 0.398495, dauc: 0.917292, daupr: 0.403581, daupr_m: 0.462149
Epoch: 389 loss: 0.000021, pauc: 0.868549, paupr: 0.275024, paupr_m: 0.412092, dauc: 0.917917, daupr: 0.401398, daupr_m: 0.464092
Epoch: 399 loss: 0.000021, pauc: 0.871777, paupr: 0.280899, paupr_m: 0.411099, dauc: 0.917676, daupr: 0.409370, daupr_m: 0.465262
Epoch: 409 loss: 0.000021, pauc: 0.867138, paupr: 0.287165, paupr_m: 0.433507, dauc: 0.917140, daupr: 0.400109, daupr_m: 0.465037
Epoch: 419 loss: 0.000021, pauc: 0.856095, paupr: 0.267552, paupr_m: 0.405803, dauc: 0.917482, daupr: 0.398348, daupr_m: 0.464675
Epoch: 429 loss: 0.000021, pauc: 0.846126, paupr: 0.255072, paupr_m: 0.409239, dauc: 0.918107, daupr: 0.410456, daupr_m: 0.465463
Epoch: 439 loss: 0.000021, pauc: 0.856088, paupr: 0.282450, paupr_m: 0.422597, dauc: 0.918062, daupr: 0.408919, daupr_m: 0.470016
Epoch: 449 loss: 0.000021, pauc: 0.879596, paupr: 0.280270, paupr_m: 0.396727, dauc: 0.918498, daupr: 0.423368, daupr_m: 0.466094
Epoch: 459 loss: 0.000021, pauc: 0.874583, paupr: 0.273396, paupr_m: 0.427595, dauc: 0.918537, daupr: 0.412129, daupr_m: 0.471698
Epoch: 469 loss: 0.000020, pauc: 0.849618, paupr: 0.301904, paupr_m: 0.413256, dauc: 0.918894, daupr: 0.421783, daupr_m: 0.470493
Epoch: 479 loss: 0.000020, pauc: 0.864631, paupr: 0.288642, paupr_m: 0.431691, dauc: 0.919017, daupr: 0.428553, daupr_m: 0.472432
Epoch: 489 loss: 0.000021, pauc: 0.851780, paupr: 0.282006, paupr_m: 0.420747, dauc: 0.918284, daupr: 0.413316, daupr_m: 0.468990
Epoch: 499 loss: 0.000021, pauc: 0.862562, paupr: 0.275184, paupr_m: 0.405095, dauc: 0.917800, daupr: 0.404324, daupr_m: 0.474857
Epoch: 509 loss: 0.000020, pauc: 0.848789, paupr: 0.265900, paupr_m: 0.418379, dauc: 0.918526, daupr: 0.419170, daupr_m: 0.473394
Epoch: 519 loss: 0.000021, pauc: 0.872717, paupr: 0.283284, paupr_m: 0.422755, dauc: 0.918502, daupr: 0.421375, daupr_m: 0.475684
Epoch: 529 loss: 0.000020, pauc: 0.875987, paupr: 0.283371, paupr_m: 0.411535, dauc: 0.917694, daupr: 0.403070, daupr_m: 0.473224
Epoch: 539 loss: 0.000020, pauc: 0.864583, paupr: 0.289956, paupr_m: 0.438187, dauc: 0.918337, daupr: 0.419915, daupr_m: 0.473875
Epoch: 549 loss: 0.000020, pauc: 0.841104, paupr: 0.288105, paupr_m: 0.420734, dauc: 0.917484, daupr: 0.401356, daupr_m: 0.480138
Epoch: 559 loss: 0.000020, pauc: 0.870846, paupr: 0.281579, paupr_m: 0.403279, dauc: 0.918318, daupr: 0.416952, daupr_m: 0.478995
Epoch: 569 loss: 0.000020, pauc: 0.872465, paupr: 0.290980, paupr_m: 0.408434, dauc: 0.918185, daupr: 0.413070, daupr_m: 0.477734
Epoch: 579 loss: 0.000020, pauc: 0.859045, paupr: 0.275252, paupr_m: 0.423428, dauc: 0.917924, daupr: 0.405496, daupr_m: 0.477961
Epoch: 589 loss: 0.000019, pauc: 0.863648, paupr: 0.278636, paupr_m: 0.424197, dauc: 0.919001, daupr: 0.427692, daupr_m: 0.478807
Epoch: 599 loss: 0.000020, pauc: 0.859479, paupr: 0.282212, paupr_m: 0.419886, dauc: 0.918068, daupr: 0.407682, daupr_m: 0.481275
Epoch: 609 loss: 0.000020, pauc: 0.843304, paupr: 0.287673, paupr_m: 0.421234, dauc: 0.917853, daupr: 0.408659, daupr_m: 0.477909
Epoch: 619 loss: 0.000019, pauc: 0.846289, paupr: 0.270986, paupr_m: 0.409271, dauc: 0.918542, daupr: 0.420096, daupr_m: 0.480285
Epoch: 629 loss: 0.000020, pauc: 0.864829, paupr: 0.285597, paupr_m: 0.424217, dauc: 0.918108, daupr: 0.415401, daupr_m: 0.482301
Epoch: 639 loss: 0.000019, pauc: 0.865541, paupr: 0.261582, paupr_m: 0.434192, dauc: 0.918392, daupr: 0.415566, daupr_m: 0.480405
Epoch: 649 loss: 0.000020, pauc: 0.840327, paupr: 0.259970, paupr_m: 0.442251, dauc: 0.919088, daupr: 0.427450, daupr_m: 0.481479
Epoch: 659 loss: 0.000019, pauc: 0.868617, paupr: 0.274263, paupr_m: 0.418339, dauc: 0.917992, daupr: 0.403299, daupr_m: 0.479940
Epoch: 669 loss: 0.000020, pauc: 0.878199, paupr: 0.266957, paupr_m: 0.410971, dauc: 0.918777, daupr: 0.416628, daupr_m: 0.480422
Epoch: 679 loss: 0.000019, pauc: 0.867946, paupr: 0.284238, paupr_m: 0.408022, dauc: 0.918666, daupr: 0.414669, daupr_m: 0.483561
Epoch: 689 loss: 0.000021, pauc: 0.856010, paupr: 0.267503, paupr_m: 0.412950, dauc: 0.917845, daupr: 0.413985, daupr_m: 0.482109
Epoch: 699 loss: 0.000021, pauc: 0.864297, paupr: 0.287332, paupr_m: 0.425770, dauc: 0.919541, daupr: 0.440300, daupr_m: 0.480056
Epoch: 709 loss: 0.000021, pauc: 0.867350, paupr: 0.267362, paupr_m: 0.415949, dauc: 0.918681, daupr: 0.416054, daupr_m: 0.483360
Epoch: 719 loss: 0.000021, pauc: 0.863128, paupr: 0.285774, paupr_m: 0.427342, dauc: 0.918255, daupr: 0.410111, daupr_m: 0.482871
Epoch: 729 loss: 0.000019, pauc: 0.865830, paupr: 0.264282, paupr_m: 0.421792, dauc: 0.918889, daupr: 0.423663, daupr_m: 0.483263
Epoch: 739 loss: 0.000019, pauc: 0.866013, paupr: 0.278767, paupr_m: 0.405651, dauc: 0.917896, daupr: 0.408139, daupr_m: 0.482592
Epoch: 749 loss: 0.000019, pauc: 0.871669, paupr: 0.275901, paupr_m: 0.421872, dauc: 0.919224, daupr: 0.429921, daupr_m: 0.483785
Epoch: 759 loss: 0.000018, pauc: 0.857102, paupr: 0.270918, paupr_m: 0.433249, dauc: 0.919146, daupr: 0.432846, daupr_m: 0.482586
Epoch: 769 loss: 0.000019, pauc: 0.872796, paupr: 0.282684, paupr_m: 0.418528, dauc: 0.918362, daupr: 0.418006, daupr_m: 0.483881
Epoch: 779 loss: 0.000019, pauc: 0.848004, paupr: 0.275292, paupr_m: 0.433881, dauc: 0.918169, daupr: 0.408814, daupr_m: 0.484039
Epoch: 789 loss: 0.000020, pauc: 0.869274, paupr: 0.274395, paupr_m: 0.424237, dauc: 0.918543, daupr: 0.413082, daupr_m: 0.485352
Epoch: 799 loss: 0.000019, pauc: 0.872489, paupr: 0.266490, paupr_m: 0.419182, dauc: 0.918365, daupr: 0.412096, daupr_m: 0.484983
Epoch: 809 loss: 0.000019, pauc: 0.855442, paupr: 0.274572, paupr_m: 0.421790, dauc: 0.917918, daupr: 0.406339, daupr_m: 0.483549
Epoch: 819 loss: 0.000019, pauc: 0.862768, paupr: 0.266212, paupr_m: 0.408415, dauc: 0.918381, daupr: 0.421983, daupr_m: 0.485571
Epoch: 829 loss: 0.000018, pauc: 0.866433, paupr: 0.286675, paupr_m: 0.419721, dauc: 0.917621, daupr: 0.407625, daupr_m: 0.484700
Epoch: 839 loss: 0.000019, pauc: 0.862148, paupr: 0.273886, paupr_m: 0.417180, dauc: 0.918344, daupr: 0.416912, daupr_m: 0.482742
Epoch: 849 loss: 0.000020, pauc: 0.875423, paupr: 0.293734, paupr_m: 0.395346, dauc: 0.918885, daupr: 0.431753, daupr_m: 0.484869
Epoch: 859 loss: 0.000019, pauc: 0.867740, paupr: 0.262163, paupr_m: 0.419220, dauc: 0.918294, daupr: 0.411101, daupr_m: 0.484884
Epoch: 869 loss: 0.000019, pauc: 0.842590, paupr: 0.260465, paupr_m: 0.426311, dauc: 0.918663, daupr: 0.425183, daupr_m: 0.483901
Epoch: 879 loss: 0.000018, pauc: 0.858605, paupr: 0.264428, paupr_m: 0.432162, dauc: 0.919352, daupr: 0.428547, daupr_m: 0.484132
Epoch: 889 loss: 0.000019, pauc: 0.860652, paupr: 0.271362, paupr_m: 0.421070, dauc: 0.919308, daupr: 0.434175, daupr_m: 0.484587
Epoch: 899 loss: 0.000019, pauc: 0.851904, paupr: 0.283599, paupr_m: 0.420414, dauc: 0.918357, daupr: 0.423614, daupr_m: 0.484662
Epoch: 909 loss: 0.000019, pauc: 0.864676, paupr: 0.269330, paupr_m: 0.423748, dauc: 0.918556, daupr: 0.421999, daupr_m: 0.485865
Epoch: 919 loss: 0.000019, pauc: 0.865753, paupr: 0.271768, paupr_m: 0.421847, dauc: 0.917983, daupr: 0.414390, daupr_m: 0.484740
Epoch: 929 loss: 0.000018, pauc: 0.845847, paupr: 0.274041, paupr_m: 0.418986, dauc: 0.918978, daupr: 0.432113, daupr_m: 0.484945
Epoch: 939 loss: 0.000019, pauc: 0.856853, paupr: 0.271615, paupr_m: 0.414086, dauc: 0.918578, daupr: 0.422624, daupr_m: 0.484351
Epoch: 949 loss: 0.000018, pauc: 0.856042, paupr: 0.264364, paupr_m: 0.428885, dauc: 0.918653, daupr: 0.420947, daupr_m: 0.484557
Epoch: 959 loss: 0.000018, pauc: 0.852688, paupr: 0.280587, paupr_m: 0.424824, dauc: 0.917775, daupr: 0.404379, daupr_m: 0.484309
Epoch: 969 loss: 0.000018, pauc: 0.858648, paupr: 0.273945, paupr_m: 0.409392, dauc: 0.918021, daupr: 0.416240, daupr_m: 0.484408
Epoch: 979 loss: 0.000018, pauc: 0.867046, paupr: 0.293676, paupr_m: 0.435243, dauc: 0.918550, daupr: 0.420552, daupr_m: 0.485802
Epoch: 989 loss: 0.000019, pauc: 0.861492, paupr: 0.257910, paupr_m: 0.421120, dauc: 0.918861, daupr: 0.423790, daupr_m: 0.485166
Epoch: 999 loss: 0.000018, pauc: 0.838388, paupr: 0.270950, paupr_m: 0.404269, dauc: 0.918286, daupr: 0.416503, daupr_m: 0.485093
Epoch: 9 loss: 0.000501, pauc: 0.950076, paupr: 0.059581, paupr_m: 0.141244, dauc: 0.864086, daupr: 0.357691, daupr_m: 0.388240
Epoch: 19 loss: 0.000331, pauc: 0.954287, paupr: 0.096458, paupr_m: 0.215084, dauc: 0.897224, daupr: 0.393762, daupr_m: 0.427994
Epoch: 29 loss: 0.000230, pauc: 0.951320, paupr: 0.164224, paupr_m: 0.263420, dauc: 0.907114, daupr: 0.360840, daupr_m: 0.381937
Epoch: 39 loss: 0.000163, pauc: 0.950271, paupr: 0.255009, paupr_m: 0.341093, dauc: 0.909888, daupr: 0.339898, daupr_m: 0.351460
Epoch: 49 loss: 0.000121, pauc: 0.949878, paupr: 0.320358, paupr_m: 0.329417, dauc: 0.912535, daupr: 0.367152, daupr_m: 0.390061
Epoch: 59 loss: 0.000094, pauc: 0.953026, paupr: 0.324340, paupr_m: 0.362860, dauc: 0.914614, daupr: 0.376939, daupr_m: 0.411121
Epoch: 69 loss: 0.000075, pauc: 0.943082, paupr: 0.357257, paupr_m: 0.403466, dauc: 0.914992, daupr: 0.372986, daupr_m: 0.406573
Epoch: 79 loss: 0.000063, pauc: 0.951035, paupr: 0.412284, paupr_m: 0.439855, dauc: 0.916259, daupr: 0.373426, daupr_m: 0.397774
Epoch: 89 loss: 0.000054, pauc: 0.953177, paupr: 0.391482, paupr_m: 0.452888, dauc: 0.917401, daupr: 0.381807, daupr_m: 0.404527
Epoch: 99 loss: 0.000047, pauc: 0.958764, paupr: 0.442274, paupr_m: 0.460402, dauc: 0.916302, daupr: 0.371518, daupr_m: 0.407667
Epoch: 109 loss: 0.000042, pauc: 0.961185, paupr: 0.453622, paupr_m: 0.478991, dauc: 0.917616, daupr: 0.383248, daupr_m: 0.414991
Epoch: 119 loss: 0.000039, pauc: 0.955720, paupr: 0.467349, paupr_m: 0.506515, dauc: 0.917438, daupr: 0.378002, daupr_m: 0.411805
Epoch: 129 loss: 0.000036, pauc: 0.959839, paupr: 0.424339, paupr_m: 0.462944, dauc: 0.918273, daupr: 0.383260, daupr_m: 0.412049
Epoch: 139 loss: 0.000035, pauc: 0.950850, paupr: 0.490432, paupr_m: 0.504649, dauc: 0.918969, daupr: 0.389768, daupr_m: 0.414562
Epoch: 149 loss: 0.000032, pauc: 0.957253, paupr: 0.446262, paupr_m: 0.503481, dauc: 0.918604, daupr: 0.384524, daupr_m: 0.414748
Epoch: 159 loss: 0.000031, pauc: 0.957831, paupr: 0.485448, paupr_m: 0.494360, dauc: 0.919039, daupr: 0.384209, daupr_m: 0.414418
Epoch: 169 loss: 0.000029, pauc: 0.958687, paupr: 0.501018, paupr_m: 0.506025, dauc: 0.918307, daupr: 0.379666, daupr_m: 0.417036
Epoch: 179 loss: 0.000029, pauc: 0.948740, paupr: 0.494384, paupr_m: 0.514332, dauc: 0.918026, daupr: 0.376267, daupr_m: 0.420782
Epoch: 189 loss: 0.000027, pauc: 0.947472, paupr: 0.495521, paupr_m: 0.502254, dauc: 0.919370, daupr: 0.389146, daupr_m: 0.420207
Epoch: 199 loss: 0.000027, pauc: 0.953716, paupr: 0.515727, paupr_m: 0.535023, dauc: 0.919790, daupr: 0.388310, daupr_m: 0.424240
Epoch: 209 loss: 0.000026, pauc: 0.955120, paupr: 0.513836, paupr_m: 0.549420, dauc: 0.919735, daupr: 0.391589, daupr_m: 0.424645
Epoch: 219 loss: 0.000026, pauc: 0.950951, paupr: 0.507208, paupr_m: 0.531306, dauc: 0.920137, daupr: 0.396176, daupr_m: 0.426429
Epoch: 229 loss: 0.000026, pauc: 0.948878, paupr: 0.520852, paupr_m: 0.538748, dauc: 0.920296, daupr: 0.397884, daupr_m: 0.434142
Epoch: 239 loss: 0.000026, pauc: 0.952528, paupr: 0.521331, paupr_m: 0.539591, dauc: 0.920092, daupr: 0.393192, daupr_m: 0.431291
Epoch: 249 loss: 0.000024, pauc: 0.954342, paupr: 0.489838, paupr_m: 0.517721, dauc: 0.920075, daupr: 0.391304, daupr_m: 0.430322
Epoch: 259 loss: 0.000024, pauc: 0.948267, paupr: 0.502248, paupr_m: 0.524406, dauc: 0.920619, daupr: 0.399992, daupr_m: 0.430002
Epoch: 269 loss: 0.000024, pauc: 0.956979, paupr: 0.529540, paupr_m: 0.542641, dauc: 0.920965, daupr: 0.402631, daupr_m: 0.433376
Epoch: 279 loss: 0.000023, pauc: 0.955724, paupr: 0.507749, paupr_m: 0.526674, dauc: 0.921036, daupr: 0.401988, daupr_m: 0.432475
Epoch: 289 loss: 0.000023, pauc: 0.949583, paupr: 0.524295, paupr_m: 0.548986, dauc: 0.921041, daupr: 0.403703, daupr_m: 0.441894
Epoch: 299 loss: 0.000023, pauc: 0.948255, paupr: 0.522087, paupr_m: 0.535129, dauc: 0.920046, daupr: 0.391946, daupr_m: 0.437028
Epoch: 309 loss: 0.000022, pauc: 0.947358, paupr: 0.526648, paupr_m: 0.542595, dauc: 0.921490, daupr: 0.409579, daupr_m: 0.438172
Epoch: 319 loss: 0.000022, pauc: 0.955454, paupr: 0.526264, paupr_m: 0.536849, dauc: 0.921376, daupr: 0.411418, daupr_m: 0.440024
Epoch: 329 loss: 0.000022, pauc: 0.961443, paupr: 0.523149, paupr_m: 0.569965, dauc: 0.921406, daupr: 0.405908, daupr_m: 0.443333
Epoch: 339 loss: 0.000022, pauc: 0.948036, paupr: 0.521692, paupr_m: 0.538130, dauc: 0.921752, daupr: 0.410091, daupr_m: 0.440738
Epoch: 349 loss: 0.000023, pauc: 0.955840, paupr: 0.537173, paupr_m: 0.546272, dauc: 0.921495, daupr: 0.403429, daupr_m: 0.441244
Epoch: 359 loss: 0.000023, pauc: 0.955783, paupr: 0.531429, paupr_m: 0.538763, dauc: 0.921227, daupr: 0.407301, daupr_m: 0.447280
Epoch: 369 loss: 0.000021, pauc: 0.952907, paupr: 0.522840, paupr_m: 0.533789, dauc: 0.921525, daupr: 0.405911, daupr_m: 0.444006
Epoch: 379 loss: 0.000022, pauc: 0.954960, paupr: 0.524734, paupr_m: 0.536471, dauc: 0.921852, daupr: 0.410594, daupr_m: 0.452894
Epoch: 389 loss: 0.000021, pauc: 0.961738, paupr: 0.542324, paupr_m: 0.546319, dauc: 0.921778, daupr: 0.413678, daupr_m: 0.451347
Epoch: 399 loss: 0.000020, pauc: 0.945910, paupr: 0.542055, paupr_m: 0.542449, dauc: 0.921770, daupr: 0.408648, daupr_m: 0.448854
Epoch: 409 loss: 0.000021, pauc: 0.943221, paupr: 0.527835, paupr_m: 0.550126, dauc: 0.922022, daupr: 0.410593, daupr_m: 0.447928
Epoch: 419 loss: 0.000021, pauc: 0.954444, paupr: 0.529311, paupr_m: 0.551963, dauc: 0.922323, daupr: 0.414982, daupr_m: 0.452388
Epoch: 429 loss: 0.000021, pauc: 0.950483, paupr: 0.526555, paupr_m: 0.537964, dauc: 0.921913, daupr: 0.406282, daupr_m: 0.448219
Epoch: 439 loss: 0.000020, pauc: 0.949656, paupr: 0.539498, paupr_m: 0.545997, dauc: 0.921314, daupr: 0.398999, daupr_m: 0.450200
Epoch: 449 loss: 0.000021, pauc: 0.943454, paupr: 0.511125, paupr_m: 0.541852, dauc: 0.921343, daupr: 0.399122, daupr_m: 0.451208
Epoch: 459 loss: 0.000021, pauc: 0.953226, paupr: 0.548402, paupr_m: 0.552208, dauc: 0.921258, daupr: 0.404578, daupr_m: 0.457389
Epoch: 469 loss: 0.000020, pauc: 0.948344, paupr: 0.549939, paupr_m: 0.550611, dauc: 0.921520, daupr: 0.405230, daupr_m: 0.457060
Epoch: 479 loss: 0.000020, pauc: 0.952882, paupr: 0.527059, paupr_m: 0.530517, dauc: 0.922016, daupr: 0.409672, daupr_m: 0.461375
Epoch: 489 loss: 0.000020, pauc: 0.952207, paupr: 0.538748, paupr_m: 0.565815, dauc: 0.922634, daupr: 0.430044, daupr_m: 0.454669
Epoch: 499 loss: 0.000020, pauc: 0.954006, paupr: 0.531571, paupr_m: 0.538677, dauc: 0.923362, daupr: 0.436495, daupr_m: 0.458015
Epoch: 509 loss: 0.000021, pauc: 0.959275, paupr: 0.539759, paupr_m: 0.548186, dauc: 0.922087, daupr: 0.412123, daupr_m: 0.469915
Epoch: 519 loss: 0.000020, pauc: 0.952728, paupr: 0.536835, paupr_m: 0.558023, dauc: 0.922513, daupr: 0.415378, daupr_m: 0.459826
Epoch: 529 loss: 0.000019, pauc: 0.950666, paupr: 0.532569, paupr_m: 0.541985, dauc: 0.921996, daupr: 0.407032, daupr_m: 0.458539
Epoch: 539 loss: 0.000020, pauc: 0.955914, paupr: 0.537779, paupr_m: 0.524263, dauc: 0.921683, daupr: 0.407514, daupr_m: 0.457549
Epoch: 549 loss: 0.000020, pauc: 0.951434, paupr: 0.545310, paupr_m: 0.557406, dauc: 0.921936, daupr: 0.404146, daupr_m: 0.463818
Epoch: 559 loss: 0.000020, pauc: 0.964360, paupr: 0.543150, paupr_m: 0.550160, dauc: 0.922562, daupr: 0.416464, daupr_m: 0.463751
Epoch: 569 loss: 0.000020, pauc: 0.950925, paupr: 0.532988, paupr_m: 0.533925, dauc: 0.921177, daupr: 0.395531, daupr_m: 0.461337
Epoch: 579 loss: 0.000019, pauc: 0.954910, paupr: 0.539714, paupr_m: 0.543246, dauc: 0.922097, daupr: 0.419514, daupr_m: 0.464193
Epoch: 589 loss: 0.000020, pauc: 0.951883, paupr: 0.546176, paupr_m: 0.562466, dauc: 0.921928, daupr: 0.419046, daupr_m: 0.465898
Epoch: 599 loss: 0.000019, pauc: 0.948859, paupr: 0.542754, paupr_m: 0.570398, dauc: 0.922162, daupr: 0.412502, daupr_m: 0.467488
Epoch: 609 loss: 0.000019, pauc: 0.949600, paupr: 0.547750, paupr_m: 0.544447, dauc: 0.921962, daupr: 0.403461, daupr_m: 0.464157
Epoch: 619 loss: 0.000019, pauc: 0.963393, paupr: 0.557729, paupr_m: 0.555389, dauc: 0.922146, daupr: 0.418204, daupr_m: 0.467133
Epoch: 629 loss: 0.000019, pauc: 0.951893, paupr: 0.534093, paupr_m: 0.545087, dauc: 0.921651, daupr: 0.404359, daupr_m: 0.466124
Epoch: 639 loss: 0.000020, pauc: 0.954017, paupr: 0.533440, paupr_m: 0.575822, dauc: 0.921484, daupr: 0.412311, daupr_m: 0.463215
Epoch: 649 loss: 0.000020, pauc: 0.955107, paupr: 0.547779, paupr_m: 0.542424, dauc: 0.922098, daupr: 0.410319, daupr_m: 0.465898
Epoch: 659 loss: 0.000019, pauc: 0.946565, paupr: 0.549315, paupr_m: 0.559843, dauc: 0.922304, daupr: 0.423982, daupr_m: 0.465493
Epoch: 669 loss: 0.000019, pauc: 0.958913, paupr: 0.542094, paupr_m: 0.548170, dauc: 0.922240, daupr: 0.415495, daupr_m: 0.468968
Epoch: 679 loss: 0.000019, pauc: 0.948927, paupr: 0.552089, paupr_m: 0.545962, dauc: 0.921984, daupr: 0.408281, daupr_m: 0.468086
Epoch: 689 loss: 0.000019, pauc: 0.951053, paupr: 0.548729, paupr_m: 0.548150, dauc: 0.921824, daupr: 0.410572, daupr_m: 0.469268
Epoch: 699 loss: 0.000018, pauc: 0.948980, paupr: 0.547182, paupr_m: 0.567208, dauc: 0.921569, daupr: 0.410699, daupr_m: 0.467466
Epoch: 709 loss: 0.000020, pauc: 0.965033, paupr: 0.539585, paupr_m: 0.565619, dauc: 0.922442, daupr: 0.422408, daupr_m: 0.466421
Epoch: 719 loss: 0.000019, pauc: 0.954994, paupr: 0.547911, paupr_m: 0.553387, dauc: 0.922572, daupr: 0.419035, daupr_m: 0.467261
Epoch: 729 loss: 0.000018, pauc: 0.955648, paupr: 0.536347, paupr_m: 0.539504, dauc: 0.922718, daupr: 0.425617, daupr_m: 0.468108
Epoch: 739 loss: 0.000019, pauc: 0.951087, paupr: 0.540546, paupr_m: 0.546394, dauc: 0.922660, daupr: 0.423391, daupr_m: 0.470704
Epoch: 749 loss: 0.000018, pauc: 0.956409, paupr: 0.552144, paupr_m: 0.557628, dauc: 0.922246, daupr: 0.421164, daupr_m: 0.470323
Epoch: 759 loss: 0.000018, pauc: 0.953406, paupr: 0.552704, paupr_m: 0.551406, dauc: 0.921967, daupr: 0.415183, daupr_m: 0.470682
Epoch: 769 loss: 0.000018, pauc: 0.969163, paupr: 0.543055, paupr_m: 0.573895, dauc: 0.922800, daupr: 0.427159, daupr_m: 0.470931
Epoch: 779 loss: 0.000018, pauc: 0.954530, paupr: 0.545126, paupr_m: 0.552212, dauc: 0.922191, daupr: 0.416502, daupr_m: 0.469069
Epoch: 789 loss: 0.000018, pauc: 0.958331, paupr: 0.542545, paupr_m: 0.558109, dauc: 0.922301, daupr: 0.416187, daupr_m: 0.469449
Epoch: 799 loss: 0.000019, pauc: 0.958209, paupr: 0.545754, paupr_m: 0.565541, dauc: 0.922224, daupr: 0.404899, daupr_m: 0.471822
Epoch: 809 loss: 0.000019, pauc: 0.953247, paupr: 0.541544, paupr_m: 0.560121, dauc: 0.922716, daupr: 0.431986, daupr_m: 0.469297
Epoch: 819 loss: 0.000019, pauc: 0.957250, paupr: 0.541283, paupr_m: 0.562410, dauc: 0.922288, daupr: 0.419714, daupr_m: 0.470816
Epoch: 829 loss: 0.000020, pauc: 0.964963, paupr: 0.563501, paupr_m: 0.550218, dauc: 0.922396, daupr: 0.420381, daupr_m: 0.469369
Epoch: 839 loss: 0.000019, pauc: 0.952009, paupr: 0.550892, paupr_m: 0.578170, dauc: 0.922809, daupr: 0.425608, daupr_m: 0.470205
Epoch: 849 loss: 0.000018, pauc: 0.946176, paupr: 0.550797, paupr_m: 0.549843, dauc: 0.921486, daupr: 0.401457, daupr_m: 0.471451
Epoch: 859 loss: 0.000018, pauc: 0.949033, paupr: 0.551547, paupr_m: 0.559984, dauc: 0.922288, daupr: 0.415472, daupr_m: 0.468339
Epoch: 869 loss: 0.000018, pauc: 0.952236, paupr: 0.537813, paupr_m: 0.545691, dauc: 0.922879, daupr: 0.433699, daupr_m: 0.472418
Epoch: 879 loss: 0.000019, pauc: 0.956124, paupr: 0.543214, paupr_m: 0.579212, dauc: 0.922318, daupr: 0.411690, daupr_m: 0.472006
Epoch: 889 loss: 0.000021, pauc: 0.963124, paupr: 0.563041, paupr_m: 0.554787, dauc: 0.922276, daupr: 0.413820, daupr_m: 0.470798
Epoch: 899 loss: 0.000019, pauc: 0.953787, paupr: 0.537711, paupr_m: 0.544595, dauc: 0.922050, daupr: 0.403693, daupr_m: 0.471533
Epoch: 909 loss: 0.000018, pauc: 0.952558, paupr: 0.554821, paupr_m: 0.556238, dauc: 0.921682, daupr: 0.401696, daupr_m: 0.474699
Epoch: 919 loss: 0.000018, pauc: 0.962751, paupr: 0.550907, paupr_m: 0.560194, dauc: 0.922652, daupr: 0.426049, daupr_m: 0.472904
Epoch: 929 loss: 0.000018, pauc: 0.951245, paupr: 0.541486, paupr_m: 0.576162, dauc: 0.922768, daupr: 0.422164, daupr_m: 0.473305
Epoch: 939 loss: 0.000019, pauc: 0.953798, paupr: 0.531576, paupr_m: 0.553570, dauc: 0.922765, daupr: 0.424447, daupr_m: 0.472740
Epoch: 949 loss: 0.000020, pauc: 0.958700, paupr: 0.520243, paupr_m: 0.556721, dauc: 0.922429, daupr: 0.424261, daupr_m: 0.472585
Epoch: 959 loss: 0.000019, pauc: 0.954032, paupr: 0.544939, paupr_m: 0.547725, dauc: 0.921779, daupr: 0.410504, daupr_m: 0.472207
Epoch: 969 loss: 0.000020, pauc: 0.951536, paupr: 0.547809, paupr_m: 0.560223, dauc: 0.922319, daupr: 0.415345, daupr_m: 0.473198
Epoch: 979 loss: 0.000018, pauc: 0.954251, paupr: 0.548004, paupr_m: 0.555267, dauc: 0.922432, daupr: 0.413704, daupr_m: 0.473414
Epoch: 989 loss: 0.000018, pauc: 0.950438, paupr: 0.555403, paupr_m: 0.542550, dauc: 0.921641, daupr: 0.403202, daupr_m: 0.474020
Epoch: 999 loss: 0.000019, pauc: 0.954083, paupr: 0.540586, paupr_m: 0.551280, dauc: 0.922105, daupr: 0.414716, daupr_m: 0.472601
Epoch: 9 loss: 0.000513, pauc: 0.929404, paupr: 0.038146, paupr_m: 0.113460, dauc: 0.839262, daupr: 0.310005, daupr_m: 0.353290
Epoch: 19 loss: 0.000343, pauc: 0.945641, paupr: 0.052139, paupr_m: 0.125851, dauc: 0.877704, daupr: 0.342707, daupr_m: 0.387463
Epoch: 29 loss: 0.000241, pauc: 0.943191, paupr: 0.119911, paupr_m: 0.227646, dauc: 0.889286, daupr: 0.316372, daupr_m: 0.344665
Epoch: 39 loss: 0.000174, pauc: 0.931545, paupr: 0.167020, paupr_m: 0.257095, dauc: 0.894109, daupr: 0.306184, daupr_m: 0.320664
Epoch: 49 loss: 0.000129, pauc: 0.928417, paupr: 0.268427, paupr_m: 0.325311, dauc: 0.897939, daupr: 0.329465, daupr_m: 0.365001
Epoch: 59 loss: 0.000101, pauc: 0.933504, paupr: 0.291875, paupr_m: 0.350309, dauc: 0.899816, daupr: 0.343740, daupr_m: 0.378573
Epoch: 69 loss: 0.000080, pauc: 0.940807, paupr: 0.330413, paupr_m: 0.382704, dauc: 0.899763, daupr: 0.333545, daupr_m: 0.371421
Epoch: 79 loss: 0.000067, pauc: 0.957169, paupr: 0.366548, paupr_m: 0.428823, dauc: 0.901124, daupr: 0.334116, daupr_m: 0.369803
Epoch: 89 loss: 0.000058, pauc: 0.953272, paupr: 0.403022, paupr_m: 0.417203, dauc: 0.902506, daupr: 0.340933, daupr_m: 0.371389
Epoch: 99 loss: 0.000050, pauc: 0.954535, paupr: 0.394380, paupr_m: 0.446298, dauc: 0.902823, daupr: 0.341604, daupr_m: 0.374653
Epoch: 109 loss: 0.000046, pauc: 0.944497, paupr: 0.442972, paupr_m: 0.480863, dauc: 0.903526, daupr: 0.349891, daupr_m: 0.378150
Epoch: 119 loss: 0.000041, pauc: 0.951394, paupr: 0.408614, paupr_m: 0.485409, dauc: 0.903370, daupr: 0.344076, daupr_m: 0.378667
Epoch: 129 loss: 0.000038, pauc: 0.940276, paupr: 0.441468, paupr_m: 0.501312, dauc: 0.903476, daupr: 0.335933, daupr_m: 0.381059
Epoch: 139 loss: 0.000036, pauc: 0.932836, paupr: 0.451438, paupr_m: 0.510673, dauc: 0.904681, daupr: 0.352414, daupr_m: 0.385738
Epoch: 149 loss: 0.000034, pauc: 0.942629, paupr: 0.438249, paupr_m: 0.513026, dauc: 0.903945, daupr: 0.341417, daupr_m: 0.381886
Epoch: 159 loss: 0.000032, pauc: 0.934506, paupr: 0.442022, paupr_m: 0.487977, dauc: 0.904814, daupr: 0.344241, daupr_m: 0.382053
Epoch: 169 loss: 0.000032, pauc: 0.942453, paupr: 0.469235, paupr_m: 0.534689, dauc: 0.904265, daupr: 0.341207, daupr_m: 0.388674
Epoch: 179 loss: 0.000030, pauc: 0.934103, paupr: 0.471384, paupr_m: 0.517204, dauc: 0.903797, daupr: 0.336498, daupr_m: 0.389166
Epoch: 189 loss: 0.000029, pauc: 0.918994, paupr: 0.465141, paupr_m: 0.521485, dauc: 0.906409, daupr: 0.357814, daupr_m: 0.389809
Epoch: 199 loss: 0.000028, pauc: 0.923728, paupr: 0.506338, paupr_m: 0.563414, dauc: 0.905954, daupr: 0.350858, daupr_m: 0.392959
Epoch: 209 loss: 0.000027, pauc: 0.923938, paupr: 0.474975, paupr_m: 0.521021, dauc: 0.906713, daupr: 0.360378, daupr_m: 0.389681
Epoch: 219 loss: 0.000027, pauc: 0.921049, paupr: 0.494822, paupr_m: 0.549398, dauc: 0.905900, daupr: 0.352352, daupr_m: 0.396955
Epoch: 229 loss: 0.000027, pauc: 0.917091, paupr: 0.461514, paupr_m: 0.537156, dauc: 0.906413, daupr: 0.356718, daupr_m: 0.396795
Epoch: 239 loss: 0.000026, pauc: 0.931367, paupr: 0.498540, paupr_m: 0.578316, dauc: 0.906300, daupr: 0.358624, daupr_m: 0.397682
Epoch: 249 loss: 0.000025, pauc: 0.930022, paupr: 0.497679, paupr_m: 0.535729, dauc: 0.906295, daupr: 0.349922, daupr_m: 0.396978
Epoch: 259 loss: 0.000025, pauc: 0.929961, paupr: 0.504455, paupr_m: 0.557641, dauc: 0.906190, daupr: 0.353485, daupr_m: 0.398135
Epoch: 269 loss: 0.000024, pauc: 0.926714, paupr: 0.501227, paupr_m: 0.561026, dauc: 0.905997, daupr: 0.343568, daupr_m: 0.401778
Epoch: 279 loss: 0.000024, pauc: 0.932729, paupr: 0.499659, paupr_m: 0.561318, dauc: 0.906931, daupr: 0.355918, daupr_m: 0.398808
Epoch: 289 loss: 0.000024, pauc: 0.906130, paupr: 0.492873, paupr_m: 0.563925, dauc: 0.906857, daupr: 0.355629, daupr_m: 0.406137
Epoch: 299 loss: 0.000024, pauc: 0.923968, paupr: 0.522836, paupr_m: 0.560349, dauc: 0.907045, daupr: 0.358462, daupr_m: 0.407163
Epoch: 309 loss: 0.000024, pauc: 0.912347, paupr: 0.503626, paupr_m: 0.567952, dauc: 0.907451, daupr: 0.360207, daupr_m: 0.403700
Epoch: 319 loss: 0.000023, pauc: 0.914796, paupr: 0.511972, paupr_m: 0.569316, dauc: 0.907140, daupr: 0.358457, daupr_m: 0.411683
Epoch: 329 loss: 0.000024, pauc: 0.929267, paupr: 0.508365, paupr_m: 0.550395, dauc: 0.906999, daupr: 0.357616, daupr_m: 0.405768
Epoch: 339 loss: 0.000023, pauc: 0.927971, paupr: 0.516624, paupr_m: 0.553025, dauc: 0.908539, daupr: 0.382372, daupr_m: 0.410185
Epoch: 349 loss: 0.000022, pauc: 0.924444, paupr: 0.498742, paupr_m: 0.584081, dauc: 0.908156, daupr: 0.371628, daupr_m: 0.414182
Epoch: 359 loss: 0.000022, pauc: 0.922310, paupr: 0.515979, paupr_m: 0.540396, dauc: 0.906696, daupr: 0.356872, daupr_m: 0.413149
Epoch: 369 loss: 0.000022, pauc: 0.914175, paupr: 0.514392, paupr_m: 0.560941, dauc: 0.907987, daupr: 0.362588, daupr_m: 0.413431
Epoch: 379 loss: 0.000022, pauc: 0.922759, paupr: 0.530875, paupr_m: 0.547221, dauc: 0.907691, daupr: 0.359702, daupr_m: 0.411970
Epoch: 389 loss: 0.000022, pauc: 0.925881, paupr: 0.501281, paupr_m: 0.565190, dauc: 0.907299, daupr: 0.363360, daupr_m: 0.415977
Epoch: 399 loss: 0.000022, pauc: 0.913027, paupr: 0.513270, paupr_m: 0.558805, dauc: 0.908151, daupr: 0.365490, daupr_m: 0.416707
Epoch: 409 loss: 0.000022, pauc: 0.907816, paupr: 0.514144, paupr_m: 0.581183, dauc: 0.907833, daupr: 0.361213, daupr_m: 0.418219
Epoch: 419 loss: 0.000022, pauc: 0.923737, paupr: 0.523342, paupr_m: 0.574784, dauc: 0.907571, daupr: 0.357144, daupr_m: 0.412936
Epoch: 429 loss: 0.000021, pauc: 0.937682, paupr: 0.507273, paupr_m: 0.576211, dauc: 0.907634, daupr: 0.359195, daupr_m: 0.420184
Epoch: 439 loss: 0.000022, pauc: 0.932771, paupr: 0.514951, paupr_m: 0.562794, dauc: 0.907579, daupr: 0.358463, daupr_m: 0.420727
Epoch: 449 loss: 0.000021, pauc: 0.923411, paupr: 0.510460, paupr_m: 0.544390, dauc: 0.909148, daupr: 0.384178, daupr_m: 0.417549
Epoch: 459 loss: 0.000021, pauc: 0.910805, paupr: 0.533640, paupr_m: 0.579805, dauc: 0.907960, daupr: 0.360285, daupr_m: 0.420292
Epoch: 469 loss: 0.000021, pauc: 0.914824, paupr: 0.520768, paupr_m: 0.562774, dauc: 0.907994, daupr: 0.365019, daupr_m: 0.421854
Epoch: 479 loss: 0.000021, pauc: 0.923759, paupr: 0.517007, paupr_m: 0.566561, dauc: 0.908161, daupr: 0.364802, daupr_m: 0.422763
Epoch: 489 loss: 0.000020, pauc: 0.923941, paupr: 0.514022, paupr_m: 0.549661, dauc: 0.907280, daupr: 0.349591, daupr_m: 0.423794
Epoch: 499 loss: 0.000020, pauc: 0.927250, paupr: 0.514588, paupr_m: 0.569138, dauc: 0.907311, daupr: 0.353731, daupr_m: 0.420840
Epoch: 509 loss: 0.000022, pauc: 0.924383, paupr: 0.519015, paupr_m: 0.565193, dauc: 0.908316, daupr: 0.367281, daupr_m: 0.421522
Epoch: 519 loss: 0.000020, pauc: 0.908383, paupr: 0.516104, paupr_m: 0.544786, dauc: 0.908222, daupr: 0.366228, daupr_m: 0.422945
Epoch: 529 loss: 0.000021, pauc: 0.923624, paupr: 0.542891, paupr_m: 0.576401, dauc: 0.908547, daupr: 0.368939, daupr_m: 0.424269
Epoch: 539 loss: 0.000020, pauc: 0.916061, paupr: 0.518141, paupr_m: 0.578518, dauc: 0.908386, daupr: 0.369553, daupr_m: 0.422667
Epoch: 549 loss: 0.000020, pauc: 0.918118, paupr: 0.510751, paupr_m: 0.567118, dauc: 0.907708, daupr: 0.359790, daupr_m: 0.424697
Epoch: 559 loss: 0.000020, pauc: 0.919690, paupr: 0.503748, paupr_m: 0.563056, dauc: 0.908429, daupr: 0.369798, daupr_m: 0.423625
Epoch: 569 loss: 0.000020, pauc: 0.922764, paupr: 0.513234, paupr_m: 0.590084, dauc: 0.908135, daupr: 0.369206, daupr_m: 0.424257
Epoch: 579 loss: 0.000020, pauc: 0.924140, paupr: 0.519549, paupr_m: 0.574228, dauc: 0.907930, daupr: 0.361877, daupr_m: 0.426830
Epoch: 589 loss: 0.000022, pauc: 0.944608, paupr: 0.500106, paupr_m: 0.558850, dauc: 0.907063, daupr: 0.347529, daupr_m: 0.431692
Epoch: 599 loss: 0.000020, pauc: 0.921373, paupr: 0.516920, paupr_m: 0.565551, dauc: 0.908606, daupr: 0.372359, daupr_m: 0.421753
Epoch: 609 loss: 0.000020, pauc: 0.926175, paupr: 0.508337, paupr_m: 0.575796, dauc: 0.908509, daupr: 0.374669, daupr_m: 0.425766
Epoch: 619 loss: 0.000020, pauc: 0.937041, paupr: 0.509451, paupr_m: 0.558355, dauc: 0.907359, daupr: 0.358746, daupr_m: 0.426545
Epoch: 629 loss: 0.000020, pauc: 0.933508, paupr: 0.501629, paupr_m: 0.564262, dauc: 0.908130, daupr: 0.365405, daupr_m: 0.429023
Epoch: 639 loss: 0.000020, pauc: 0.943301, paupr: 0.528447, paupr_m: 0.563780, dauc: 0.907958, daupr: 0.361015, daupr_m: 0.428433
Epoch: 649 loss: 0.000020, pauc: 0.926903, paupr: 0.525512, paupr_m: 0.578939, dauc: 0.908423, daupr: 0.361334, daupr_m: 0.428766
Epoch: 659 loss: 0.000020, pauc: 0.901078, paupr: 0.529880, paupr_m: 0.576496, dauc: 0.908371, daupr: 0.368767, daupr_m: 0.428333
Epoch: 669 loss: 0.000019, pauc: 0.921783, paupr: 0.518141, paupr_m: 0.557063, dauc: 0.907903, daupr: 0.363292, daupr_m: 0.429765
Epoch: 679 loss: 0.000020, pauc: 0.915044, paupr: 0.531283, paupr_m: 0.568980, dauc: 0.907973, daupr: 0.364648, daupr_m: 0.428650
Epoch: 689 loss: 0.000019, pauc: 0.927041, paupr: 0.529071, paupr_m: 0.569708, dauc: 0.908714, daupr: 0.377181, daupr_m: 0.429887
Epoch: 699 loss: 0.000019, pauc: 0.933908, paupr: 0.501688, paupr_m: 0.587042, dauc: 0.908163, daupr: 0.366086, daupr_m: 0.432380
Epoch: 709 loss: 0.000019, pauc: 0.919477, paupr: 0.509349, paupr_m: 0.569348, dauc: 0.908255, daupr: 0.366428, daupr_m: 0.427500
Epoch: 719 loss: 0.000020, pauc: 0.926618, paupr: 0.522814, paupr_m: 0.575842, dauc: 0.907330, daupr: 0.355564, daupr_m: 0.431464
Epoch: 729 loss: 0.000020, pauc: 0.927068, paupr: 0.522168, paupr_m: 0.567708, dauc: 0.908446, daupr: 0.372189, daupr_m: 0.430656
Epoch: 739 loss: 0.000021, pauc: 0.913724, paupr: 0.522600, paupr_m: 0.567641, dauc: 0.908145, daupr: 0.365356, daupr_m: 0.429074
Epoch: 749 loss: 0.000019, pauc: 0.908582, paupr: 0.524639, paupr_m: 0.578021, dauc: 0.908917, daupr: 0.375301, daupr_m: 0.430480
Epoch: 759 loss: 0.000019, pauc: 0.927585, paupr: 0.517633, paupr_m: 0.559968, dauc: 0.908223, daupr: 0.368353, daupr_m: 0.430227
Epoch: 769 loss: 0.000020, pauc: 0.930479, paupr: 0.517059, paupr_m: 0.571591, dauc: 0.908535, daupr: 0.373226, daupr_m: 0.428610
Epoch: 779 loss: 0.000019, pauc: 0.937387, paupr: 0.522595, paupr_m: 0.563624, dauc: 0.907817, daupr: 0.361382, daupr_m: 0.429960
Epoch: 789 loss: 0.000022, pauc: 0.923972, paupr: 0.515671, paupr_m: 0.579396, dauc: 0.908581, daupr: 0.370841, daupr_m: 0.430007
Epoch: 799 loss: 0.000020, pauc: 0.920514, paupr: 0.522072, paupr_m: 0.544497, dauc: 0.908354, daupr: 0.368296, daupr_m: 0.431683
Epoch: 809 loss: 0.000020, pauc: 0.933796, paupr: 0.512233, paupr_m: 0.584629, dauc: 0.907740, daupr: 0.361014, daupr_m: 0.430636
Epoch: 819 loss: 0.000019, pauc: 0.908945, paupr: 0.528673, paupr_m: 0.562358, dauc: 0.908368, daupr: 0.371466, daupr_m: 0.431011
Epoch: 829 loss: 0.000020, pauc: 0.908045, paupr: 0.520041, paupr_m: 0.585572, dauc: 0.907509, daupr: 0.360725, daupr_m: 0.430532
Epoch: 839 loss: 0.000019, pauc: 0.938261, paupr: 0.522517, paupr_m: 0.578732, dauc: 0.908368, daupr: 0.378079, daupr_m: 0.430156
Epoch: 849 loss: 0.000019, pauc: 0.925984, paupr: 0.531452, paupr_m: 0.585459, dauc: 0.908979, daupr: 0.381995, daupr_m: 0.430786
Epoch: 859 loss: 0.000020, pauc: 0.925901, paupr: 0.532551, paupr_m: 0.576946, dauc: 0.907452, daupr: 0.360871, daupr_m: 0.431732
Epoch: 869 loss: 0.000019, pauc: 0.921589, paupr: 0.536066, paupr_m: 0.586326, dauc: 0.907740, daupr: 0.353565, daupr_m: 0.431235
Epoch: 879 loss: 0.000019, pauc: 0.921703, paupr: 0.525333, paupr_m: 0.571351, dauc: 0.908239, daupr: 0.361436, daupr_m: 0.431517
Epoch: 889 loss: 0.000019, pauc: 0.921495, paupr: 0.527774, paupr_m: 0.563922, dauc: 0.907005, daupr: 0.359232, daupr_m: 0.430743
Epoch: 899 loss: 0.000019, pauc: 0.939403, paupr: 0.528579, paupr_m: 0.589716, dauc: 0.907767, daupr: 0.360442, daupr_m: 0.431028
Epoch: 909 loss: 0.000019, pauc: 0.906502, paupr: 0.502606, paupr_m: 0.595858, dauc: 0.907876, daupr: 0.368732, daupr_m: 0.431347
Epoch: 919 loss: 0.000019, pauc: 0.921209, paupr: 0.518313, paupr_m: 0.572595, dauc: 0.908160, daupr: 0.365806, daupr_m: 0.431918
Epoch: 929 loss: 0.000019, pauc: 0.930918, paupr: 0.512843, paupr_m: 0.547423, dauc: 0.907803, daupr: 0.365346, daupr_m: 0.431772
Epoch: 939 loss: 0.000019, pauc: 0.913317, paupr: 0.520726, paupr_m: 0.574698, dauc: 0.908395, daupr: 0.373063, daupr_m: 0.430342
Epoch: 949 loss: 0.000019, pauc: 0.935778, paupr: 0.517672, paupr_m: 0.556085, dauc: 0.907434, daupr: 0.353406, daupr_m: 0.431293
Epoch: 959 loss: 0.000018, pauc: 0.912213, paupr: 0.527251, paupr_m: 0.570247, dauc: 0.908353, daupr: 0.365609, daupr_m: 0.431562
Epoch: 969 loss: 0.000019, pauc: 0.921085, paupr: 0.525371, paupr_m: 0.560674, dauc: 0.907387, daupr: 0.357270, daupr_m: 0.430840
Epoch: 979 loss: 0.000019, pauc: 0.929408, paupr: 0.519172, paupr_m: 0.583687, dauc: 0.907770, daupr: 0.358210, daupr_m: 0.430896
Epoch: 989 loss: 0.000019, pauc: 0.918844, paupr: 0.514413, paupr_m: 0.591104, dauc: 0.907981, daupr: 0.372344, daupr_m: 0.430570
Epoch: 999 loss: 0.000020, pauc: 0.918304, paupr: 0.530888, paupr_m: 0.575212, dauc: 0.908917, daupr: 0.380833, daupr_m: 0.431577
Epoch: 9 loss: 0.000497, pauc: 0.876085, paupr: 0.030033, paupr_m: 0.096297, dauc: 0.877450, daupr: 0.304735, daupr_m: 0.335018
Epoch: 19 loss: 0.000335, pauc: 0.865663, paupr: 0.048921, paupr_m: 0.154486, dauc: 0.906589, daupr: 0.336778, daupr_m: 0.367508
Epoch: 29 loss: 0.000232, pauc: 0.860086, paupr: 0.084339, paupr_m: 0.187081, dauc: 0.912745, daupr: 0.286992, daupr_m: 0.304006
Epoch: 39 loss: 0.000166, pauc: 0.865173, paupr: 0.113927, paupr_m: 0.244796, dauc: 0.913287, daupr: 0.264890, daupr_m: 0.268943
Epoch: 49 loss: 0.000126, pauc: 0.859957, paupr: 0.172917, paupr_m: 0.261402, dauc: 0.917105, daupr: 0.298984, daupr_m: 0.322505
Epoch: 59 loss: 0.000099, pauc: 0.857502, paupr: 0.213528, paupr_m: 0.319581, dauc: 0.919322, daupr: 0.315326, daupr_m: 0.347269
Epoch: 69 loss: 0.000080, pauc: 0.855584, paupr: 0.209475, paupr_m: 0.303599, dauc: 0.919471, daupr: 0.308279, daupr_m: 0.333153
Epoch: 79 loss: 0.000067, pauc: 0.876984, paupr: 0.232535, paupr_m: 0.350061, dauc: 0.920544, daupr: 0.308239, daupr_m: 0.323325
Epoch: 89 loss: 0.000056, pauc: 0.879418, paupr: 0.266626, paupr_m: 0.393212, dauc: 0.919813, daupr: 0.301452, daupr_m: 0.333231
Epoch: 99 loss: 0.000050, pauc: 0.867241, paupr: 0.262605, paupr_m: 0.393612, dauc: 0.921645, daupr: 0.321871, daupr_m: 0.335929
Epoch: 109 loss: 0.000045, pauc: 0.862907, paupr: 0.293415, paupr_m: 0.400884, dauc: 0.921528, daupr: 0.318998, daupr_m: 0.338840
Epoch: 119 loss: 0.000041, pauc: 0.871253, paupr: 0.303095, paupr_m: 0.410860, dauc: 0.920662, daupr: 0.304365, daupr_m: 0.331446
Epoch: 129 loss: 0.000040, pauc: 0.879567, paupr: 0.294144, paupr_m: 0.395030, dauc: 0.921629, daupr: 0.315617, daupr_m: 0.343256
Epoch: 139 loss: 0.000036, pauc: 0.862698, paupr: 0.318791, paupr_m: 0.426772, dauc: 0.922600, daupr: 0.322281, daupr_m: 0.342466
Epoch: 149 loss: 0.000033, pauc: 0.866761, paupr: 0.323312, paupr_m: 0.443411, dauc: 0.922482, daupr: 0.319089, daupr_m: 0.346231
Epoch: 159 loss: 0.000032, pauc: 0.885223, paupr: 0.328379, paupr_m: 0.444689, dauc: 0.922360, daupr: 0.319649, daupr_m: 0.346395
Epoch: 169 loss: 0.000031, pauc: 0.880009, paupr: 0.325443, paupr_m: 0.427679, dauc: 0.922923, daupr: 0.321242, daupr_m: 0.348934
Epoch: 179 loss: 0.000029, pauc: 0.883108, paupr: 0.333186, paupr_m: 0.438051, dauc: 0.923662, daupr: 0.329244, daupr_m: 0.355488
Epoch: 189 loss: 0.000029, pauc: 0.864861, paupr: 0.322846, paupr_m: 0.423940, dauc: 0.923354, daupr: 0.325095, daupr_m: 0.367545
Epoch: 199 loss: 0.000028, pauc: 0.874012, paupr: 0.359353, paupr_m: 0.461018, dauc: 0.923561, daupr: 0.327642, daupr_m: 0.352985
Epoch: 209 loss: 0.000028, pauc: 0.871253, paupr: 0.363907, paupr_m: 0.462975, dauc: 0.923417, daupr: 0.322939, daupr_m: 0.356783
Epoch: 219 loss: 0.000027, pauc: 0.898494, paupr: 0.373223, paupr_m: 0.444104, dauc: 0.925186, daupr: 0.348122, daupr_m: 0.361111
Epoch: 229 loss: 0.000027, pauc: 0.863681, paupr: 0.375393, paupr_m: 0.451497, dauc: 0.924940, daupr: 0.340534, daupr_m: 0.366196
Epoch: 239 loss: 0.000026, pauc: 0.882999, paupr: 0.372984, paupr_m: 0.439634, dauc: 0.923557, daupr: 0.328824, daupr_m: 0.363634
Epoch: 249 loss: 0.000026, pauc: 0.878434, paupr: 0.379408, paupr_m: 0.459787, dauc: 0.924886, daupr: 0.346331, daupr_m: 0.367360
Epoch: 259 loss: 0.000025, pauc: 0.879039, paupr: 0.386570, paupr_m: 0.449821, dauc: 0.924558, daupr: 0.336822, daupr_m: 0.364781
Epoch: 269 loss: 0.000024, pauc: 0.876206, paupr: 0.365246, paupr_m: 0.433812, dauc: 0.924084, daupr: 0.325732, daupr_m: 0.363578
Epoch: 279 loss: 0.000025, pauc: 0.876375, paupr: 0.381594, paupr_m: 0.488028, dauc: 0.925512, daupr: 0.351858, daupr_m: 0.370586
Epoch: 289 loss: 0.000024, pauc: 0.858897, paupr: 0.389762, paupr_m: 0.495611, dauc: 0.925650, daupr: 0.347130, daupr_m: 0.370484
Epoch: 299 loss: 0.000024, pauc: 0.875841, paupr: 0.393341, paupr_m: 0.447973, dauc: 0.925038, daupr: 0.345636, daupr_m: 0.368210
Epoch: 309 loss: 0.000023, pauc: 0.878358, paupr: 0.372352, paupr_m: 0.448529, dauc: 0.924703, daupr: 0.335118, daupr_m: 0.374748
Epoch: 319 loss: 0.000023, pauc: 0.864180, paupr: 0.373236, paupr_m: 0.439168, dauc: 0.925346, daupr: 0.339136, daupr_m: 0.372479
Epoch: 329 loss: 0.000023, pauc: 0.880147, paupr: 0.379810, paupr_m: 0.443352, dauc: 0.925236, daupr: 0.347448, daupr_m: 0.382987
Epoch: 339 loss: 0.000023, pauc: 0.869725, paupr: 0.388122, paupr_m: 0.471189, dauc: 0.926231, daupr: 0.360255, daupr_m: 0.379587
Epoch: 349 loss: 0.000023, pauc: 0.875900, paupr: 0.377620, paupr_m: 0.464850, dauc: 0.925426, daupr: 0.349289, daupr_m: 0.380371
Epoch: 359 loss: 0.000022, pauc: 0.879820, paupr: 0.400939, paupr_m: 0.489200, dauc: 0.925989, daupr: 0.355389, daupr_m: 0.384274
Epoch: 369 loss: 0.000022, pauc: 0.889428, paupr: 0.398708, paupr_m: 0.462837, dauc: 0.925868, daupr: 0.356014, daupr_m: 0.387456
Epoch: 379 loss: 0.000022, pauc: 0.888950, paupr: 0.391088, paupr_m: 0.461068, dauc: 0.925805, daupr: 0.354804, daupr_m: 0.384253
Epoch: 389 loss: 0.000022, pauc: 0.868556, paupr: 0.394592, paupr_m: 0.512665, dauc: 0.925893, daupr: 0.356235, daupr_m: 0.384840
Epoch: 399 loss: 0.000022, pauc: 0.894326, paupr: 0.387002, paupr_m: 0.456220, dauc: 0.924667, daupr: 0.333342, daupr_m: 0.385803
Epoch: 409 loss: 0.000021, pauc: 0.851966, paupr: 0.391285, paupr_m: 0.470994, dauc: 0.925068, daupr: 0.337694, daupr_m: 0.385437
Epoch: 419 loss: 0.000022, pauc: 0.848457, paupr: 0.393135, paupr_m: 0.470870, dauc: 0.925501, daupr: 0.350615, daupr_m: 0.386915
Epoch: 429 loss: 0.000021, pauc: 0.876878, paupr: 0.394469, paupr_m: 0.473301, dauc: 0.925420, daupr: 0.343316, daupr_m: 0.392102
Epoch: 439 loss: 0.000022, pauc: 0.866360, paupr: 0.405979, paupr_m: 0.474493, dauc: 0.926084, daupr: 0.364426, daupr_m: 0.397227
Epoch: 449 loss: 0.000021, pauc: 0.887321, paupr: 0.390554, paupr_m: 0.456790, dauc: 0.926071, daupr: 0.357687, daupr_m: 0.391166
Epoch: 459 loss: 0.000021, pauc: 0.886131, paupr: 0.401251, paupr_m: 0.468070, dauc: 0.925747, daupr: 0.353187, daupr_m: 0.394677
Epoch: 469 loss: 0.000022, pauc: 0.864281, paupr: 0.396200, paupr_m: 0.457623, dauc: 0.925310, daupr: 0.345428, daupr_m: 0.394036
Epoch: 479 loss: 0.000021, pauc: 0.867150, paupr: 0.410265, paupr_m: 0.473098, dauc: 0.925189, daupr: 0.348165, daupr_m: 0.396055
Epoch: 489 loss: 0.000020, pauc: 0.878877, paupr: 0.408398, paupr_m: 0.484608, dauc: 0.925801, daupr: 0.360146, daupr_m: 0.398381
Epoch: 499 loss: 0.000021, pauc: 0.884722, paupr: 0.411220, paupr_m: 0.474471, dauc: 0.926428, daupr: 0.367393, daupr_m: 0.400974
Epoch: 509 loss: 0.000021, pauc: 0.865823, paupr: 0.396755, paupr_m: 0.477467, dauc: 0.926060, daupr: 0.360112, daupr_m: 0.395012
Epoch: 519 loss: 0.000020, pauc: 0.879640, paupr: 0.401433, paupr_m: 0.467415, dauc: 0.925868, daupr: 0.348386, daupr_m: 0.403566
Epoch: 529 loss: 0.000020, pauc: 0.885455, paupr: 0.407812, paupr_m: 0.490586, dauc: 0.925800, daupr: 0.351228, daupr_m: 0.400426
Epoch: 539 loss: 0.000020, pauc: 0.889381, paupr: 0.393187, paupr_m: 0.487483, dauc: 0.926599, daupr: 0.370762, daupr_m: 0.397666
Epoch: 549 loss: 0.000020, pauc: 0.884479, paupr: 0.404939, paupr_m: 0.468672, dauc: 0.926130, daupr: 0.363580, daupr_m: 0.403598
Epoch: 559 loss: 0.000020, pauc: 0.877270, paupr: 0.395703, paupr_m: 0.466387, dauc: 0.926336, daupr: 0.364106, daupr_m: 0.406995
Epoch: 569 loss: 0.000021, pauc: 0.874698, paupr: 0.391793, paupr_m: 0.475859, dauc: 0.927026, daupr: 0.378539, daupr_m: 0.400121
Epoch: 579 loss: 0.000020, pauc: 0.875236, paupr: 0.399470, paupr_m: 0.473491, dauc: 0.925893, daupr: 0.357168, daupr_m: 0.414843
Epoch: 589 loss: 0.000020, pauc: 0.876942, paupr: 0.408261, paupr_m: 0.477429, dauc: 0.926745, daupr: 0.368681, daupr_m: 0.404053
Epoch: 599 loss: 0.000020, pauc: 0.889095, paupr: 0.405466, paupr_m: 0.492912, dauc: 0.926048, daupr: 0.353891, daupr_m: 0.402837
Epoch: 609 loss: 0.000020, pauc: 0.876975, paupr: 0.411088, paupr_m: 0.478281, dauc: 0.925924, daupr: 0.355980, daupr_m: 0.408343
Epoch: 619 loss: 0.000021, pauc: 0.885432, paupr: 0.402032, paupr_m: 0.456638, dauc: 0.925139, daupr: 0.339595, daupr_m: 0.401618
Epoch: 629 loss: 0.000021, pauc: 0.884627, paupr: 0.412242, paupr_m: 0.484645, dauc: 0.926035, daupr: 0.358159, daupr_m: 0.411990
Epoch: 639 loss: 0.000019, pauc: 0.879320, paupr: 0.406044, paupr_m: 0.466886, dauc: 0.925545, daupr: 0.347829, daupr_m: 0.411628
Epoch: 649 loss: 0.000020, pauc: 0.875504, paupr: 0.405761, paupr_m: 0.474982, dauc: 0.926590, daupr: 0.367093, daupr_m: 0.408698
Epoch: 659 loss: 0.000019, pauc: 0.869851, paupr: 0.413614, paupr_m: 0.470350, dauc: 0.925878, daupr: 0.359650, daupr_m: 0.404847
Epoch: 669 loss: 0.000019, pauc: 0.869032, paupr: 0.404475, paupr_m: 0.475993, dauc: 0.926581, daupr: 0.363555, daupr_m: 0.405345
Epoch: 679 loss: 0.000020, pauc: 0.877794, paupr: 0.410596, paupr_m: 0.500461, dauc: 0.926044, daupr: 0.354990, daupr_m: 0.408701
Epoch: 689 loss: 0.000021, pauc: 0.876592, paupr: 0.406016, paupr_m: 0.480251, dauc: 0.926355, daupr: 0.372513, daupr_m: 0.414814
Epoch: 699 loss: 0.000019, pauc: 0.878594, paupr: 0.403077, paupr_m: 0.490331, dauc: 0.927273, daupr: 0.380977, daupr_m: 0.410207
Epoch: 709 loss: 0.000019, pauc: 0.879881, paupr: 0.400416, paupr_m: 0.483554, dauc: 0.925944, daupr: 0.352973, daupr_m: 0.410384
Epoch: 719 loss: 0.000020, pauc: 0.879308, paupr: 0.407026, paupr_m: 0.470676, dauc: 0.927354, daupr: 0.387440, daupr_m: 0.406319
Epoch: 729 loss: 0.000020, pauc: 0.873233, paupr: 0.411717, paupr_m: 0.490763, dauc: 0.926432, daupr: 0.366418, daupr_m: 0.409486
Epoch: 739 loss: 0.000019, pauc: 0.882375, paupr: 0.401220, paupr_m: 0.474141, dauc: 0.926611, daupr: 0.367486, daupr_m: 0.410268
Epoch: 749 loss: 0.000019, pauc: 0.890282, paupr: 0.405141, paupr_m: 0.502334, dauc: 0.926006, daupr: 0.360024, daupr_m: 0.407256
Epoch: 759 loss: 0.000019, pauc: 0.880201, paupr: 0.407104, paupr_m: 0.462426, dauc: 0.927120, daupr: 0.378023, daupr_m: 0.412022
Epoch: 769 loss: 0.000019, pauc: 0.873105, paupr: 0.405256, paupr_m: 0.462855, dauc: 0.926054, daupr: 0.361791, daupr_m: 0.410033
Epoch: 779 loss: 0.000019, pauc: 0.882515, paupr: 0.396666, paupr_m: 0.481802, dauc: 0.926292, daupr: 0.357567, daupr_m: 0.409006
Epoch: 789 loss: 0.000019, pauc: 0.888374, paupr: 0.410980, paupr_m: 0.485390, dauc: 0.925158, daupr: 0.349168, daupr_m: 0.411093
Epoch: 799 loss: 0.000019, pauc: 0.878787, paupr: 0.402824, paupr_m: 0.494553, dauc: 0.926142, daupr: 0.349263, daupr_m: 0.408291
Epoch: 809 loss: 0.000019, pauc: 0.888700, paupr: 0.401511, paupr_m: 0.474494, dauc: 0.926322, daupr: 0.365692, daupr_m: 0.409685
Epoch: 819 loss: 0.000020, pauc: 0.876289, paupr: 0.409409, paupr_m: 0.474855, dauc: 0.926006, daupr: 0.358826, daupr_m: 0.412568
Epoch: 829 loss: 0.000019, pauc: 0.883429, paupr: 0.409403, paupr_m: 0.480258, dauc: 0.926249, daupr: 0.362395, daupr_m: 0.409885
Epoch: 839 loss: 0.000019, pauc: 0.885233, paupr: 0.397261, paupr_m: 0.472876, dauc: 0.925579, daupr: 0.361264, daupr_m: 0.412900
Epoch: 849 loss: 0.000019, pauc: 0.867798, paupr: 0.409598, paupr_m: 0.477609, dauc: 0.925672, daupr: 0.351211, daupr_m: 0.408169
Epoch: 859 loss: 0.000019, pauc: 0.901382, paupr: 0.409634, paupr_m: 0.483285, dauc: 0.926816, daupr: 0.377613, daupr_m: 0.409989
Epoch: 869 loss: 0.000018, pauc: 0.896471, paupr: 0.398175, paupr_m: 0.496144, dauc: 0.925564, daupr: 0.353306, daupr_m: 0.408034
Epoch: 879 loss: 0.000019, pauc: 0.862670, paupr: 0.405170, paupr_m: 0.466827, dauc: 0.926788, daupr: 0.372343, daupr_m: 0.412841
Epoch: 889 loss: 0.000020, pauc: 0.881774, paupr: 0.408941, paupr_m: 0.492759, dauc: 0.926207, daupr: 0.363000, daupr_m: 0.411628
Epoch: 899 loss: 0.000019, pauc: 0.874234, paupr: 0.415329, paupr_m: 0.487326, dauc: 0.926703, daupr: 0.377151, daupr_m: 0.410322
Epoch: 909 loss: 0.000019, pauc: 0.875040, paupr: 0.411832, paupr_m: 0.487446, dauc: 0.926797, daupr: 0.380953, daupr_m: 0.411306
Epoch: 919 loss: 0.000018, pauc: 0.870323, paupr: 0.404693, paupr_m: 0.473861, dauc: 0.926335, daupr: 0.360713, daupr_m: 0.410542
Epoch: 929 loss: 0.000019, pauc: 0.898688, paupr: 0.403634, paupr_m: 0.482332, dauc: 0.925985, daupr: 0.362125, daupr_m: 0.412514
Epoch: 939 loss: 0.000018, pauc: 0.893006, paupr: 0.405025, paupr_m: 0.475772, dauc: 0.926098, daupr: 0.359302, daupr_m: 0.412626
Epoch: 949 loss: 0.000018, pauc: 0.893587, paupr: 0.416742, paupr_m: 0.488285, dauc: 0.926399, daupr: 0.369747, daupr_m: 0.411344
Epoch: 959 loss: 0.000019, pauc: 0.872241, paupr: 0.405205, paupr_m: 0.471573, dauc: 0.926006, daupr: 0.364480, daupr_m: 0.411420
Epoch: 969 loss: 0.000020, pauc: 0.872837, paupr: 0.404389, paupr_m: 0.461481, dauc: 0.924555, daupr: 0.332800, daupr_m: 0.414029
Epoch: 979 loss: 0.000020, pauc: 0.898525, paupr: 0.409400, paupr_m: 0.471033, dauc: 0.925820, daupr: 0.351855, daupr_m: 0.413550
Epoch: 989 loss: 0.000020, pauc: 0.878593, paupr: 0.408703, paupr_m: 0.510518, dauc: 0.926122, daupr: 0.365637, daupr_m: 0.411748
Epoch: 999 loss: 0.000020, pauc: 0.876270, paupr: 0.402007, paupr_m: 0.454097, dauc: 0.925320, daupr: 0.348876, daupr_m: 0.412559
